{
  "type": "FeatureCollection",
  "features": [
    {
      "type": "Feature",
      "geometry": {
        "type": "Point",
        "coordinates": [
          368.0,
          276.0
        ]
      },
      "properties": {
        "id": "SITE-A",
        "suitability": 97.8403203326177,
        "mean_slope": 0.0,
        "max_slope": 0.0,
        "mean_hazard": 0.0,
        "shadow_percent": 0.0,
        "decision": "SAFE"
      }
    },
    {
      "type": "Feature",
      "geometry": {
        "type": "Point",
        "coordinates": [
          400.0,
          308.0
        ]
      },
      "properties": {
        "id": "SITE-B",
        "suitability": 97.8402982056615,
        "mean_slope": 0.0,
        "max_slope": 0.0,
        "mean_hazard": 0.0,
        "shadow_percent": 0.0,
        "decision": "SAFE"
      }
    },
    {
      "type": "Feature",
      "geometry": {
        "type": "Point",
        "coordinates": [
          372.0,
          296.0
        ]
      },
      "properties": {
        "id": "SITE-C",
        "suitability": 97.83855554914376,
        "mean_slope": 0.0,
        "max_slope": 0.0,
        "mean_hazard": 0.0,
        "shadow_percent": 0.0,
        "decision": "SAFE"
      }
    },
    {
      "type": "Feature",
      "geometry": {
        "type": "Point",
        "coordinates": [
          372.0,
          320.0
        ]
      },
      "properties": {
        "id": "SITE-D",
        "suitability": 97.83688666272282,
        "mean_slope": 0.0,
        "max_slope": 0.0,
        "mean_hazard": 0.0,
        "shadow_percent": 0.0,
        "decision": "SAFE"
      }
    },
    {
      "type": "Feature",
      "geometry": {
        "type": "Point",
        "coordinates": [
          396.0,
          296.0
        ]
      },
      "properties": {
        "id": "SITE-E",
        "suitability": 97.83525510323686,
        "mean_slope": 0.0,
        "max_slope": 0.0,
        "mean_hazard": 0.0,
        "shadow_percent": 0.0,
        "decision": "SAFE"
      }
    },
    {
      "type": "Feature",
      "geometry": {
        "type": "Point",
        "coordinates": [
          396.0,
          324.0
        ]
      },
      "properties": {
        "id": "SITE-F",
        "suitability": 97.8329750357183,
        "mean_slope": 0.0,
        "max_slope": 0.0,
        "mean_hazard": 0.0,
        "shadow_percent": 0.0,
        "decision": "SAFE"
      }
    },
    {
      "type": "Feature",
      "geometry": {
        "type": "Point",
        "coordinates": [
          356.0,
          288.0
        ]
      },
      "properties": {
        "id": "SITE-G",
        "suitability": 97.8321927006254,
        "mean_slope": 0.0,
        "max_slope": 0.0,
        "mean_hazard": 0.0,
        "shadow_percent": 0.0,
        "decision": "SAFE"
      }
    },
    {
      "type": "Feature",
      "geometry": {
        "type": "Point",
        "coordinates": [
          388.0,
          268.0
        ]
      },
      "properties": {
        "id": "SITE-H",
        "suitability": 97.82873954648555,
        "mean_slope": 0.0,
        "max_slope": 0.0,
        "mean_hazard": 0.0,
        "shadow_percent": 0.0,
        "decision": "SAFE"
      }
    },
    {
      "type": "Feature",
      "geometry": {
        "type": "Point",
        "coordinates": [
          352.0,
          304.0
        ]
      },
      "properties": {
        "id": "SITE-I",
        "suitability": 97.82852503373836,
        "mean_slope": 0.0,
        "max_slope": 0.0,
        "mean_hazard": 0.0,
        "shadow_percent": 0.0,
        "decision": "SAFE"
      }
    },
    {
      "type": "Feature",
      "geometry": {
        "type": "Point",
        "coordinates": [
          384.0,
          320.0
        ]
      },
      "properties": {
        "id": "SITE-J",
        "suitability": 97.82807911221317,
        "mean_slope": 0.0,
        "max_slope": 0.0,
        "mean_hazard": 0.0,
        "shadow_percent": 0.0,
        "decision": "SAFE"
      }
    },
    {
      "type": "Feature",
      "geometry": {
        "type": "Point",
        "coordinates": [
          364.0,
          304.0
        ]
      },
      "properties": {
        "id": "SITE-K",
        "suitability": 97.82775097888964,
        "mean_slope": 0.0,
        "max_slope": 0.0,
        "mean_hazard": 0.0,
        "shadow_percent": 0.0,
        "decision": "SAFE"
      }
    },
    {
      "type": "Feature",
      "geometry": {
        "type": "Point",
        "coordinates": [
          344.0,
          292.0
        ]
      },
      "properties": {
        "id": "SITE-L",
        "suitability": 97.8253915275927,
        "mean_slope": 0.0,
        "max_slope": 0.0,
        "mean_hazard": 0.0,
        "shadow_percent": 0.0,
        "decision": "SAFE"
      }
    },
    {
      "type": "Feature",
      "geometry": {
        "type": "Point",
        "coordinates": [
          376.0,
          284.0
        ]
      },
      "properties": {
        "id": "SITE-M",
        "suitability": 97.82415199170602,
        "mean_slope": 0.0,
        "max_slope": 0.0,
        "mean_hazard": 0.0,
        "shadow_percent": 0.0,
        "decision": "SAFE"
      }
    },
    {
      "type": "Feature",
      "geometry": {
        "type": "Point",
        "coordinates": [
          408.0,
          320.0
        ]
      },
      "properties": {
        "id": "SITE-N",
        "suitability": 97.82101328563793,
        "mean_slope": 0.0,
        "max_slope": 0.0,
        "mean_hazard": 0.0,
        "shadow_percent": 0.0,
        "decision": "SAFE"
      }
    },
    {
      "type": "Feature",
      "geometry": {
        "type": "Point",
        "coordinates": [
          376.0,
          332.0
        ]
      },
      "properties": {
        "id": "SITE-O",
        "suitability": 97.81885841059834,
        "mean_slope": 0.0,
        "max_slope": 0.0,
        "mean_hazard": 0.0,
        "shadow_percent": 0.0,
        "decision": "SAFE"
      }
    },
    {
      "type": "Feature",
      "geometry": {
        "type": "Point",
        "coordinates": [
          408.0,
          296.0
        ]
      },
      "properties": {
        "id": "SITE-P",
        "suitability": 97.81877084731246,
        "mean_slope": 0.0,
        "max_slope": 0.0,
        "mean_hazard": 0.0,
        "shadow_percent": 0.0,
        "decision": "SAFE"
      }
    },
    {
      "type": "Feature",
      "geometry": {
        "type": "Point",
        "coordinates": [
          412.0,
          308.0
        ]
      },
      "properties": {
        "id": "SITE-Q",
        "suitability": 97.8165718412198,
        "mean_slope": 0.0,
        "max_slope": 0.0,
        "mean_hazard": 0.0,
        "shadow_percent": 0.0,
        "decision": "SAFE"
      }
    },
    {
      "type": "Feature",
      "geometry": {
        "type": "Point",
        "coordinates": [
          384.0,
          308.0
        ]
      },
      "properties": {
        "id": "SITE-R",
        "suitability": 97.81586066535357,
        "mean_slope": 0.0,
        "max_slope": 0.0,
        "mean_hazard": 0.0,
        "shadow_percent": 0.0,
        "decision": "SAFE"
      }
    },
    {
      "type": "Feature",
      "geometry": {
        "type": "Point",
        "coordinates": [
          384.0,
          292.0
        ]
      },
      "properties": {
        "id": "SITE-S",
        "suitability": 97.80903708715765,
        "mean_slope": 0.0,
        "max_slope": 0.0,
        "mean_hazard": 0.0,
        "shadow_percent": 0.0,
        "decision": "SAFE"
      }
    },
    {
      "type": "Feature",
      "geometry": {
        "type": "Point",
        "coordinates": [
          364.0,
          328.0
        ]
      },
      "properties": {
        "id": "SITE-T",
        "suitability": 97.80499717223529,
        "mean_slope": 0.0,
        "max_slope": 0.0,
        "mean_hazard": 0.0,
        "shadow_percent": 0.0,
        "decision": "SAFE"
      }
    },
    {
      "type": "Feature",
      "geometry": {
        "type": "Point",
        "coordinates": [
          372.0,
          264.0
        ]
      },
      "properties": {
        "id": "SITE-U",
        "suitability": 97.80407256083684,
        "mean_slope": 0.0,
        "max_slope": 0.0,
        "mean_hazard": 0.0,
        "shadow_percent": 0.0,
        "decision": "SAFE"
      }
    },
    {
      "type": "Feature",
      "geometry": {
        "type": "Point",
        "coordinates": [
          404.0,
          280.0
        ]
      },
      "properties": {
        "id": "SITE-V",
        "suitability": 97.80219256421243,
        "mean_slope": 0.0,
        "max_slope": 0.0,
        "mean_hazard": 0.0,
        "shadow_percent": 0.0,
        "decision": "SAFE"
      }
    },
    {
      "type": "Feature",
      "geometry": {
        "type": "Point",
        "coordinates": [
          356.0,
          276.0
        ]
      },
      "properties": {
        "id": "SITE-W",
        "suitability": 97.7935837230802,
        "mean_slope": 0.0,
        "max_slope": 0.0,
        "mean_hazard": 0.0,
        "shadow_percent": 0.0,
        "decision": "SAFE"
      }
    },
    {
      "type": "Feature",
      "geometry": {
        "type": "Point",
        "coordinates": [
          388.0,
          336.0
        ]
      },
      "properties": {
        "id": "SITE-X",
        "suitability": 97.78822653620462,
        "mean_slope": 0.0,
        "max_slope": 0.0,
        "mean_hazard": 0.0,
        "shadow_percent": 0.0,
        "decision": "SAFE"
      }
    },
    {
      "type": "Feature",
      "geometry": {
        "type": "Point",
        "coordinates": [
          356.0,
          320.0
        ]
      },
      "properties": {
        "id": "SITE-Y",
        "suitability": 97.77921669366508,
        "mean_slope": 0.0,
        "max_slope": 0.0,
        "mean_hazard": 0.0,
        "shadow_percent": 0.0,
        "decision": "SAFE"
      }
    },
    {
      "type": "Feature",
      "geometry": {
        "type": "Point",
        "coordinates": [
          420.0,
          296.0
        ]
      },
      "properties": {
        "id": "SITE-Z",
        "suitability": 97.77168891533036,
        "mean_slope": 0.0,
        "max_slope": 0.0,
        "mean_hazard": 0.0,
        "shadow_percent": 0.0,
        "decision": "SAFE"
      }
    },
    {
      "type": "Feature",
      "geometry": {
        "type": "Point",
        "coordinates": [
          392.0,
          284.0
        ]
      },
      "properties": {
        "id": "SITE-[",
        "suitability": 97.76775275972363,
        "mean_slope": 0.0,
        "max_slope": 0.0,
        "mean_hazard": 0.0,
        "shadow_percent": 0.0,
        "decision": "SAFE"
      }
    },
    {
      "type": "Feature",
      "geometry": {
        "type": "Point",
        "coordinates": [
          416.0,
          284.0
        ]
      },
      "properties": {
        "id": "SITE-\\",
        "suitability": 97.6522569102713,
        "mean_slope": 0.0,
        "max_slope": 0.0,
        "mean_hazard": 0.0,
        "shadow_percent": 0.0,
        "decision": "SAFE"
      }
    },
    {
      "type": "Feature",
      "geometry": {
        "type": "Point",
        "coordinates": [
          400.0,
          268.0
        ]
      },
      "properties": {
        "id": "SITE-]",
        "suitability": 97.62154243427966,
        "mean_slope": 0.0,
        "max_slope": 0.0,
        "mean_hazard": 0.0,
        "shadow_percent": 0.0,
        "decision": "SAFE"
      }
    },
    {
      "type": "Feature",
      "geometry": {
        "type": "Point",
        "coordinates": [
          404.0,
          332.0
        ]
      },
      "properties": {
        "id": "SITE-^",
        "suitability": 97.24652825722092,
        "mean_slope": 0.0,
        "max_slope": 0.0,
        "mean_hazard": 0.0033702931832522154,
        "shadow_percent": 0.0,
        "decision": "SAFE"
      }
    },
    {
      "type": "Feature",
      "geometry": {
        "type": "Point",
        "coordinates": [
          24.0,
          384.0
        ]
      },
      "properties": {
        "id": "SITE-_",
        "suitability": 97.20872144606264,
        "mean_slope": 0.16947978734970093,
        "max_slope": 0.327867329120636,
        "mean_hazard": 0.002875683829188347,
        "shadow_percent": 0.0,
        "decision": "SAFE"
      }
    },
    {
      "type": "Feature",
      "geometry": {
        "type": "Point",
        "coordinates": [
          32.0,
          104.0
        ]
      },
      "properties": {
        "id": "SITE-`",
        "suitability": 96.99445983363285,
        "mean_slope": 0.21329142153263092,
        "max_slope": 0.4179299473762512,
        "mean_hazard": 0.004185591824352741,
        "shadow_percent": 0.0,
        "decision": "SAFE"
      }
    },
    {
      "type": "Feature",
      "geometry": {
        "type": "Point",
        "coordinates": [
          420.0,
          492.0
        ]
      },
      "properties": {
        "id": "SITE-a",
        "suitability": 96.92870956709999,
        "mean_slope": 0.20249055325984955,
        "max_slope": 0.40300923585891724,
        "mean_hazard": 0.00420490512624383,
        "shadow_percent": 0.0,
        "decision": "SAFE"
      }
    },
    {
      "type": "Feature",
      "geometry": {
        "type": "Point",
        "coordinates": [
          184.0,
          28.0
        ]
      },
      "properties": {
        "id": "SITE-b",
        "suitability": 96.83499949222646,
        "mean_slope": 0.21389615535736084,
        "max_slope": 0.45753517746925354,
        "mean_hazard": 0.005270566325634718,
        "shadow_percent": 0.0,
        "decision": "SAFE"
      }
    },
    {
      "type": "Feature",
      "geometry": {
        "type": "Point",
        "coordinates": [
          104.0,
          40.0
        ]
      },
      "properties": {
        "id": "SITE-c",
        "suitability": 96.8000330531458,
        "mean_slope": 0.23812879621982574,
        "max_slope": 0.430633544921875,
        "mean_hazard": 0.005358991678804159,
        "shadow_percent": 0.0,
        "decision": "SAFE"
      }
    },
    {
      "type": "Feature",
      "geometry": {
        "type": "Point",
        "coordinates": [
          276.0,
          72.0
        ]
      },
      "properties": {
        "id": "SITE-d",
        "suitability": 96.76973471167325,
        "mean_slope": 0.2533901333808899,
        "max_slope": 0.5097658038139343,
        "mean_hazard": 0.005441715009510517,
        "shadow_percent": 0.0,
        "decision": "SAFE"
      }
    },
    {
      "type": "Feature",
      "geometry": {
        "type": "Point",
        "coordinates": [
          68.0,
          288.0
        ]
      },
      "properties": {
        "id": "SITE-e",
        "suitability": 96.76407948927019,
        "mean_slope": 0.2611299753189087,
        "max_slope": 0.5147113800048828,
        "mean_hazard": 0.005151150282472372,
        "shadow_percent": 0.0,
        "decision": "SAFE"
      }
    },
    {
      "type": "Feature",
      "geometry": {
        "type": "Point",
        "coordinates": [
          96.0,
          320.0
        ]
      },
      "properties": {
        "id": "SITE-f",
        "suitability": 96.73061128208558,
        "mean_slope": 0.24029433727264404,
        "max_slope": 0.4517745077610016,
        "mean_hazard": 0.0058616637252271175,
        "shadow_percent": 0.0,
        "decision": "SAFE"
      }
    },
    {
      "type": "Feature",
      "geometry": {
        "type": "Point",
        "coordinates": [
          76.0,
          144.0
        ]
      },
      "properties": {
        "id": "SITE-g",
        "suitability": 96.66283497122839,
        "mean_slope": 0.2593925893306732,
        "max_slope": 0.5031751394271851,
        "mean_hazard": 0.006044772453606129,
        "shadow_percent": 0.0,
        "decision": "SAFE"
      }
    },
    {
      "type": "Feature",
      "geometry": {
        "type": "Point",
        "coordinates": [
          112.0,
          240.0
        ]
      },
      "properties": {
        "id": "SITE-h",
        "suitability": 96.65248463306212,
        "mean_slope": 0.2583217918872833,
        "max_slope": 0.4853951036930084,
        "mean_hazard": 0.006026315502822399,
        "shadow_percent": 0.0,
        "decision": "SAFE"
      }
    },
    {
      "type": "Feature",
      "geometry": {
        "type": "Point",
        "coordinates": [
          44.0,
          176.0
        ]
      },
      "properties": {
        "id": "SITE-i",
        "suitability": 96.6288138015115,
        "mean_slope": 0.2916259467601776,
        "max_slope": 0.5481387376785278,
        "mean_hazard": 0.005577367730438709,
        "shadow_percent": 0.0,
        "decision": "SAFE"
      }
    },
    {
      "type": "Feature",
      "geometry": {
        "type": "Point",
        "coordinates": [
          256.0,
          92.0
        ]
      },
      "properties": {
        "id": "SITE-j",
        "suitability": 96.60440526963926,
        "mean_slope": 0.2984963655471802,
        "max_slope": 0.5149857997894287,
        "mean_hazard": 0.005815010517835617,
        "shadow_percent": 0.0,
        "decision": "SAFE"
      }
    },
    {
      "type": "Feature",
      "geometry": {
        "type": "Point",
        "coordinates": [
          140.0,
          208.0
        ]
      },
      "properties": {
        "id": "SITE-k",
        "suitability": 96.55090724581308,
        "mean_slope": 0.305406391620636,
        "max_slope": 0.5572187304496765,
        "mean_hazard": 0.005945194978266954,
        "shadow_percent": 0.0,
        "decision": "SAFE"
      }
    },
    {
      "type": "Feature",
      "geometry": {
        "type": "Point",
        "coordinates": [
          4.0,
          404.0
        ]
      },
      "properties": {
        "id": "SITE-l",
        "suitability": 96.54653440742811,
        "mean_slope": 0.3282760977745056,
        "max_slope": 0.46105557680130005,
        "mean_hazard": 0.006411025300621986,
        "shadow_percent": 0.0,
        "decision": "SAFE"
      }
    },
    {
      "type": "Feature",
      "geometry": {
        "type": "Point",
        "coordinates": [
          344.0,
          312.0
        ]
      },
      "properties": {
        "id": "SITE-m",
        "suitability": 96.40916949589985,
        "mean_slope": 0.0,
        "max_slope": 0.0,
        "mean_hazard": 0.0,
        "shadow_percent": 0.0,
        "decision": "SAFE"
      }
    },
    {
      "type": "Feature",
      "geometry": {
        "type": "Point",
        "coordinates": [
          4.0,
          360.0
        ]
      },
      "properties": {
        "id": "SITE-n",
        "suitability": 96.37545466700847,
        "mean_slope": 0.3579908311367035,
        "max_slope": 0.5682530999183655,
        "mean_hazard": 0.00718431593850255,
        "shadow_percent": 0.0,
        "decision": "SAFE"
      }
    },
    {
      "type": "Feature",
      "geometry": {
        "type": "Point",
        "coordinates": [
          148.0,
          272.0
        ]
      },
      "properties": {
        "id": "SITE-o",
        "suitability": 96.32550680816705,
        "mean_slope": 0.26658445596694946,
        "max_slope": 0.626329779624939,
        "mean_hazard": 0.00833159126341343,
        "shadow_percent": 0.0,
        "decision": "SAFE"
      }
    },
    {
      "type": "Feature",
      "geometry": {
        "type": "Point",
        "coordinates": [
          136.0,
          76.0
        ]
      },
      "properties": {
        "id": "SITE-p",
        "suitability": 96.28423407105643,
        "mean_slope": 0.3577447831630707,
        "max_slope": 0.5880621075630188,
        "mean_hazard": 0.0071931080892682076,
        "shadow_percent": 0.0,
        "decision": "SAFE"
      }
    },
    {
      "type": "Feature",
      "geometry": {
        "type": "Point",
        "coordinates": [
          4.0,
          136.0
        ]
      },
      "properties": {
        "id": "SITE-q",
        "suitability": 96.25179143862894,
        "mean_slope": 0.3866323232650757,
        "max_slope": 0.6060795783996582,
        "mean_hazard": 0.007895777001976967,
        "shadow_percent": 0.0,
        "decision": "SAFE"
      }
    },
    {
      "type": "Feature",
      "geometry": {
        "type": "Point",
        "coordinates": [
          208.0,
          4.0
        ]
      },
      "properties": {
        "id": "SITE-r",
        "suitability": 96.24463793116962,
        "mean_slope": 0.3987763524055481,
        "max_slope": 0.6450883746147156,
        "mean_hazard": 0.007760753855109215,
        "shadow_percent": 0.0,
        "decision": "SAFE"
      }
    },
    {
      "type": "Feature",
      "geometry": {
        "type": "Point",
        "coordinates": [
          204.0,
          144.0
        ]
      },
      "properties": {
        "id": "SITE-s",
        "suitability": 96.20109476565842,
        "mean_slope": 0.3804938495159149,
        "max_slope": 0.703218936920166,
        "mean_hazard": 0.008358570747077465,
        "shadow_percent": 0.0,
        "decision": "SAFE"
      }
    },
    {
      "type": "Feature",
      "geometry": {
        "type": "Point",
        "coordinates": [
          152.0,
          4.0
        ]
      },
      "properties": {
        "id": "SITE-t",
        "suitability": 96.16221087909183,
        "mean_slope": 0.41419386863708496,
        "max_slope": 0.5965596437454224,
        "mean_hazard": 0.007808430586010218,
        "shadow_percent": 0.0,
        "decision": "SAFE"
      }
    },
    {
      "type": "Feature",
      "geometry": {
        "type": "Point",
        "coordinates": [
          480.0,
          436.0
        ]
      },
      "properties": {
        "id": "SITE-u",
        "suitability": 96.08981571657876,
        "mean_slope": 0.4140908718109131,
        "max_slope": 0.6884267330169678,
        "mean_hazard": 0.00903065875172615,
        "shadow_percent": 0.0,
        "decision": "SAFE"
      }
    },
    {
      "type": "Feature",
      "geometry": {
        "type": "Point",
        "coordinates": [
          4.0,
          72.0
        ]
      },
      "properties": {
        "id": "SITE-v",
        "suitability": 95.8997377099008,
        "mean_slope": 0.4774214029312134,
        "max_slope": 0.7072287797927856,
        "mean_hazard": 0.009648513048887253,
        "shadow_percent": 0.0,
        "decision": "SAFE"
      }
    },
    {
      "type": "Feature",
      "geometry": {
        "type": "Point",
        "coordinates": [
          68.0,
          4.0
        ]
      },
      "properties": {
        "id": "SITE-w",
        "suitability": 95.69156681535213,
        "mean_slope": 0.5157765746116638,
        "max_slope": 0.7745790481567383,
        "mean_hazard": 0.009923093020915985,
        "shadow_percent": 0.0,
        "decision": "SAFE"
      }
    },
    {
      "type": "Feature",
      "geometry": {
        "type": "Point",
        "coordinates": [
          172.0,
          248.0
        ]
      },
      "properties": {
        "id": "SITE-x",
        "suitability": 95.55390399556845,
        "mean_slope": 0.47180667519569397,
        "max_slope": 0.8521942496299744,
        "mean_hazard": 0.012374510988593102,
        "shadow_percent": 0.0,
        "decision": "SAFE"
      }
    },
    {
      "type": "Feature",
      "geometry": {
        "type": "Point",
        "coordinates": [
          16.0,
          376.0
        ]
      },
      "properties": {
        "id": "SITE-y",
        "suitability": 95.38676492719686,
        "mean_slope": 0.5852497220039368,
        "max_slope": 0.6649187803268433,
        "mean_hazard": 0.01153788436204195,
        "shadow_percent": 0.0,
        "decision": "SAFE"
      }
    },
    {
      "type": "Feature",
      "geometry": {
        "type": "Point",
        "coordinates": [
          4.0,
          220.0
        ]
      },
      "properties": {
        "id": "SITE-z",
        "suitability": 95.28146311654774,
        "mean_slope": 0.6303234100341797,
        "max_slope": 0.987648606300354,
        "mean_hazard": 0.012810714542865753,
        "shadow_percent": 0.0,
        "decision": "SAFE"
      }
    },
    {
      "type": "Feature",
      "geometry": {
        "type": "Point",
        "coordinates": [
          16.0,
          392.0
        ]
      },
      "properties": {
        "id": "SITE-{",
        "suitability": 95.17880710427613,
        "mean_slope": 0.6600269079208374,
        "max_slope": 0.7327529788017273,
        "mean_hazard": 0.013053035363554955,
        "shadow_percent": 0.0,
        "decision": "SAFE"
      }
    },
    {
      "type": "Feature",
      "geometry": {
        "type": "Point",
        "coordinates": [
          344.0,
          4.0
        ]
      },
      "properties": {
        "id": "SITE-|",
        "suitability": 95.12258342009503,
        "mean_slope": 0.6618548035621643,
        "max_slope": 0.9987188577651978,
        "mean_hazard": 0.013002300634980202,
        "shadow_percent": 0.0,
        "decision": "SAFE"
      }
    },
    {
      "type": "Feature",
      "geometry": {
        "type": "Point",
        "coordinates": [
          268.0,
          80.0
        ]
      },
      "properties": {
        "id": "SITE-}",
        "suitability": 95.03725475827655,
        "mean_slope": 0.6996381282806396,
        "max_slope": 0.8362592458724976,
        "mean_hazard": 0.013748855330049992,
        "shadow_percent": 0.0,
        "decision": "SAFE"
      }
    },
    {
      "type": "Feature",
      "geometry": {
        "type": "Point",
        "coordinates": [
          248.0,
          100.0
        ]
      },
      "properties": {
        "id": "SITE-~",
        "suitability": 94.91191061540907,
        "mean_slope": 0.7352706789970398,
        "max_slope": 0.9856740236282349,
        "mean_hazard": 0.014443490654230118,
        "shadow_percent": 0.0,
        "decision": "SAFE"
      }
    },
    {
      "type": "Feature",
      "geometry": {
        "type": "Point",
        "coordinates": [
          4.0,
          372.0
        ]
      },
      "properties": {
        "id": "SITE-\u007f",
        "suitability": 94.88543635714107,
        "mean_slope": 0.7495439648628235,
        "max_slope": 0.838967502117157,
        "mean_hazard": 0.014208500273525715,
        "shadow_percent": 0.0,
        "decision": "SAFE"
      }
    },
    {
      "type": "Feature",
      "geometry": {
        "type": "Point",
        "coordinates": [
          4.0,
          392.0
        ]
      },
      "properties": {
        "id": "SITE-\u0080",
        "suitability": 94.77623988079132,
        "mean_slope": 0.7817521095275879,
        "max_slope": 0.8599101901054382,
        "mean_hazard": 0.014650247991085052,
        "shadow_percent": 0.0,
        "decision": "SAFE"
      }
    },
    {
      "type": "Feature",
      "geometry": {
        "type": "Point",
        "coordinates": [
          132.0,
          216.0
        ]
      },
      "properties": {
        "id": "SITE-\u0081",
        "suitability": 94.73620956255155,
        "mean_slope": 0.7685077786445618,
        "max_slope": 0.8971371054649353,
        "mean_hazard": 0.01516721025109291,
        "shadow_percent": 0.0,
        "decision": "SAFE"
      }
    },
    {
      "type": "Feature",
      "geometry": {
        "type": "Point",
        "coordinates": [
          88.0,
          312.0
        ]
      },
      "properties": {
        "id": "SITE-\u0082",
        "suitability": 94.68807256435413,
        "mean_slope": 0.787334680557251,
        "max_slope": 0.9037755727767944,
        "mean_hazard": 0.01557887438684702,
        "shadow_percent": 0.0,
        "decision": "SAFE"
      }
    },
    {
      "type": "Feature",
      "geometry": {
        "type": "Point",
        "coordinates": [
          192.0,
          20.0
        ]
      },
      "properties": {
        "id": "SITE-\u0083",
        "suitability": 94.68760491440378,
        "mean_slope": 0.7792848944664001,
        "max_slope": 0.8874794244766235,
        "mean_hazard": 0.015305702574551105,
        "shadow_percent": 0.0,
        "decision": "SAFE"
      }
    },
    {
      "type": "Feature",
      "geometry": {
        "type": "Point",
        "coordinates": [
          288.0,
          132.0
        ]
      },
      "properties": {
        "id": "SITE-\u0084",
        "suitability": 94.50228481455329,
        "mean_slope": 0.7315225005149841,
        "max_slope": 1.100353479385376,
        "mean_hazard": 0.0174078568816185,
        "shadow_percent": 0.0,
        "decision": "SAFE"
      }
    },
    {
      "type": "Feature",
      "geometry": {
        "type": "Point",
        "coordinates": [
          176.0,
          20.0
        ]
      },
      "properties": {
        "id": "SITE-\u0085",
        "suitability": 94.48527422102325,
        "mean_slope": 0.8433040380477905,
        "max_slope": 0.9705058932304382,
        "mean_hazard": 0.016688480973243713,
        "shadow_percent": 0.0,
        "decision": "SAFE"
      }
    },
    {
      "type": "Feature",
      "geometry": {
        "type": "Point",
        "coordinates": [
          156.0,
          264.0
        ]
      },
      "properties": {
        "id": "SITE-\u0086",
        "suitability": 94.47959360871333,
        "mean_slope": 0.7655157446861267,
        "max_slope": 0.9783971309661865,
        "mean_hazard": 0.01700064353644848,
        "shadow_percent": 0.0,
        "decision": "SAFE"
      }
    },
    {
      "type": "Feature",
      "geometry": {
        "type": "Point",
        "coordinates": [
          240.0,
          180.0
        ]
      },
      "properties": {
        "id": "SITE-\u0087",
        "suitability": 94.4313707143159,
        "mean_slope": 0.7655702233314514,
        "max_slope": 1.1169233322143555,
        "mean_hazard": 0.01771603152155876,
        "shadow_percent": 0.0,
        "decision": "SAFE"
      }
    },
    {
      "type": "Feature",
      "geometry": {
        "type": "Point",
        "coordinates": [
          36.0,
          184.0
        ]
      },
      "properties": {
        "id": "SITE-\u0088",
        "suitability": 94.34920297600212,
        "mean_slope": 0.8627821207046509,
        "max_slope": 1.0879184007644653,
        "mean_hazard": 0.017217369750142097,
        "shadow_percent": 0.0,
        "decision": "SAFE"
      }
    },
    {
      "type": "Feature",
      "geometry": {
        "type": "Point",
        "coordinates": [
          200.0,
          12.0
        ]
      },
      "properties": {
        "id": "SITE-\u0089",
        "suitability": 94.33269829532196,
        "mean_slope": 0.8736612200737,
        "max_slope": 0.9988407492637634,
        "mean_hazard": 0.01712789013981819,
        "shadow_percent": 0.0,
        "decision": "SAFE"
      }
    },
    {
      "type": "Feature",
      "geometry": {
        "type": "Point",
        "coordinates": [
          24.0,
          96.0
        ]
      },
      "properties": {
        "id": "SITE-\u008a",
        "suitability": 94.31288234203352,
        "mean_slope": 0.8836613297462463,
        "max_slope": 1.03337824344635,
        "mean_hazard": 0.01757439225912094,
        "shadow_percent": 0.0,
        "decision": "SAFE"
      }
    },
    {
      "type": "Feature",
      "geometry": {
        "type": "Point",
        "coordinates": [
          164.0,
          256.0
        ]
      },
      "properties": {
        "id": "SITE-\u008b",
        "suitability": 94.24870725261934,
        "mean_slope": 0.8278555274009705,
        "max_slope": 1.0552362203598022,
        "mean_hazard": 0.01807374320924282,
        "shadow_percent": 0.0,
        "decision": "SAFE"
      }
    },
    {
      "type": "Feature",
      "geometry": {
        "type": "Point",
        "coordinates": [
          140.0,
          4.0
        ]
      },
      "properties": {
        "id": "SITE-\u008c",
        "suitability": 94.21869235645583,
        "mean_slope": 0.909797191619873,
        "max_slope": 1.1300023794174194,
        "mean_hazard": 0.017818260937929153,
        "shadow_percent": 0.0,
        "decision": "SAFE"
      }
    },
    {
      "type": "Feature",
      "geometry": {
        "type": "Point",
        "coordinates": [
          312.0,
          108.0
        ]
      },
      "properties": {
        "id": "SITE-\u008d",
        "suitability": 94.20530529536688,
        "mean_slope": 0.8065360188484192,
        "max_slope": 1.171614408493042,
        "mean_hazard": 0.0188425425440073,
        "shadow_percent": 0.0,
        "decision": "SAFE"
      }
    },
    {
      "type": "Feature",
      "geometry": {
        "type": "Point",
        "coordinates": [
          96.0,
          32.0
        ]
      },
      "properties": {
        "id": "SITE-\u008e",
        "suitability": 94.20353277747246,
        "mean_slope": 0.9041854739189148,
        "max_slope": 1.0981849431991577,
        "mean_hazard": 0.01802663877606392,
        "shadow_percent": 0.0,
        "decision": "SAFE"
      }
    },
    {
      "type": "Feature",
      "geometry": {
        "type": "Point",
        "coordinates": [
          120.0,
          232.0
        ]
      },
      "properties": {
        "id": "SITE-\u008f",
        "suitability": 94.16508610519918,
        "mean_slope": 0.9172695279121399,
        "max_slope": 1.015856146812439,
        "mean_hazard": 0.01806098036468029,
        "shadow_percent": 0.0,
        "decision": "SAFE"
      }
    },
    {
      "type": "Feature",
      "geometry": {
        "type": "Point",
        "coordinates": [
          104.0,
          248.0
        ]
      },
      "properties": {
        "id": "SITE-\u0090",
        "suitability": 94.14638905906948,
        "mean_slope": 0.919792652130127,
        "max_slope": 1.1610379219055176,
        "mean_hazard": 0.01830587536096573,
        "shadow_percent": 0.0,
        "decision": "SAFE"
      }
    },
    {
      "type": "Feature",
      "geometry": {
        "type": "Point",
        "coordinates": [
          4.0,
          416.0
        ]
      },
      "properties": {
        "id": "SITE-\u0091",
        "suitability": 94.10413715642588,
        "mean_slope": 0.9251480102539062,
        "max_slope": 1.1521662473678589,
        "mean_hazard": 0.018415654078125954,
        "shadow_percent": 0.0,
        "decision": "SAFE"
      }
    },
    {
      "type": "Feature",
      "geometry": {
        "type": "Point",
        "coordinates": [
          4.0,
          124.0
        ]
      },
      "properties": {
        "id": "SITE-\u0092",
        "suitability": 94.09727846256209,
        "mean_slope": 0.9556127786636353,
        "max_slope": 1.1078912019729614,
        "mean_hazard": 0.01837964728474617,
        "shadow_percent": 0.0,
        "decision": "SAFE"
      }
    },
    {
      "type": "Feature",
      "geometry": {
        "type": "Point",
        "coordinates": [
          76.0,
          296.0
        ]
      },
      "properties": {
        "id": "SITE-\u0093",
        "suitability": 94.02960984283743,
        "mean_slope": 0.9491713643074036,
        "max_slope": 1.097547173500061,
        "mean_hazard": 0.0187145434319973,
        "shadow_percent": 0.0,
        "decision": "SAFE"
      }
    },
    {
      "type": "Feature",
      "geometry": {
        "type": "Point",
        "coordinates": [
          164.0,
          4.0
        ]
      },
      "properties": {
        "id": "SITE-\u0094",
        "suitability": 93.9993314403055,
        "mean_slope": 0.978802502155304,
        "max_slope": 1.0722304582595825,
        "mean_hazard": 0.018728381022810936,
        "shadow_percent": 0.0,
        "decision": "SAFE"
      }
    },
    {
      "type": "Feature",
      "geometry": {
        "type": "Point",
        "coordinates": [
          176.0,
          36.0
        ]
      },
      "properties": {
        "id": "SITE-\u0095",
        "suitability": 93.97189186935695,
        "mean_slope": 0.9572445750236511,
        "max_slope": 1.1984810829162598,
        "mean_hazard": 0.019033506512641907,
        "shadow_percent": 0.0,
        "decision": "SAFE"
      }
    },
    {
      "type": "Feature",
      "geometry": {
        "type": "Point",
        "coordinates": [
          68.0,
          152.0
        ]
      },
      "properties": {
        "id": "SITE-\u0096",
        "suitability": 93.96571281134135,
        "mean_slope": 0.9560269117355347,
        "max_slope": 1.1087923049926758,
        "mean_hazard": 0.01885279268026352,
        "shadow_percent": 0.0,
        "decision": "SAFE"
      }
    },
    {
      "type": "Feature",
      "geometry": {
        "type": "Point",
        "coordinates": [
          296.0,
          124.0
        ]
      },
      "properties": {
        "id": "SITE-\u0097",
        "suitability": 93.88357061495479,
        "mean_slope": 0.9286954998970032,
        "max_slope": 1.2512121200561523,
        "mean_hazard": 0.020049190148711205,
        "shadow_percent": 0.0,
        "decision": "SAFE"
      }
    },
    {
      "type": "Feature",
      "geometry": {
        "type": "Point",
        "coordinates": [
          52.0,
          168.0
        ]
      },
      "properties": {
        "id": "SITE-\u0098",
        "suitability": 93.7028246894888,
        "mean_slope": 1.0410475730895996,
        "max_slope": 1.1632977724075317,
        "mean_hazard": 0.020593879744410515,
        "shadow_percent": 0.0,
        "decision": "SAFE"
      }
    },
    {
      "type": "Feature",
      "geometry": {
        "type": "Point",
        "coordinates": [
          284.0,
          64.0
        ]
      },
      "properties": {
        "id": "SITE-\u0099",
        "suitability": 93.66481704805682,
        "mean_slope": 1.0325591564178467,
        "max_slope": 1.3455697298049927,
        "mean_hazard": 0.020560704171657562,
        "shadow_percent": 0.0,
        "decision": "SAFE"
      }
    },
    {
      "type": "Feature",
      "geometry": {
        "type": "Point",
        "coordinates": [
          428.0,
          484.0
        ]
      },
      "properties": {
        "id": "SITE-\u009a",
        "suitability": 93.65641897288768,
        "mean_slope": 1.0376639366149902,
        "max_slope": 1.313421607017517,
        "mean_hazard": 0.020749330520629883,
        "shadow_percent": 0.0,
        "decision": "SAFE"
      }
    },
    {
      "type": "Feature",
      "geometry": {
        "type": "Point",
        "coordinates": [
          136.0,
          272.0
        ]
      },
      "properties": {
        "id": "SITE-\u009b",
        "suitability": 93.64932352447688,
        "mean_slope": 1.0765665769577026,
        "max_slope": 1.2257500886917114,
        "mean_hazard": 0.02016514725983143,
        "shadow_percent": 0.0,
        "decision": "SAFE"
      }
    },
    {
      "type": "Feature",
      "geometry": {
        "type": "Point",
        "coordinates": [
          24.0,
          112.0
        ]
      },
      "properties": {
        "id": "SITE-\u009c",
        "suitability": 93.64017690422577,
        "mean_slope": 1.0523759126663208,
        "max_slope": 1.1756563186645508,
        "mean_hazard": 0.020965276286005974,
        "shadow_percent": 0.0,
        "decision": "SAFE"
      }
    },
    {
      "type": "Feature",
      "geometry": {
        "type": "Point",
        "coordinates": [
          16.0,
          404.0
        ]
      },
      "properties": {
        "id": "SITE-\u009d",
        "suitability": 93.63518929279533,
        "mean_slope": 1.0653985738754272,
        "max_slope": 1.2580482959747314,
        "mean_hazard": 0.020410766825079918,
        "shadow_percent": 0.0,
        "decision": "SAFE"
      }
    },
    {
      "type": "Feature",
      "geometry": {
        "type": "Point",
        "coordinates": [
          40.0,
          112.0
        ]
      },
      "properties": {
        "id": "SITE-\u009e",
        "suitability": 93.60192341964738,
        "mean_slope": 1.050247311592102,
        "max_slope": 1.2611514329910278,
        "mean_hazard": 0.020926477387547493,
        "shadow_percent": 0.0,
        "decision": "SAFE"
      }
    },
    {
      "type": "Feature",
      "geometry": {
        "type": "Point",
        "coordinates": [
          16.0,
          364.0
        ]
      },
      "properties": {
        "id": "SITE-\u009f",
        "suitability": 93.57602410687014,
        "mean_slope": 1.09396231174469,
        "max_slope": 1.3687248229980469,
        "mean_hazard": 0.020493024960160255,
        "shadow_percent": 0.0,
        "decision": "SAFE"
      }
    },
    {
      "type": "Feature",
      "geometry": {
        "type": "Point",
        "coordinates": [
          184.0,
          12.0
        ]
      },
      "properties": {
        "id": "SITE-\u00a0",
        "suitability": 93.5657842674119,
        "mean_slope": 1.103164553642273,
        "max_slope": 1.2131258249282837,
        "mean_hazard": 0.02035583183169365,
        "shadow_percent": 0.0,
        "decision": "SAFE"
      }
    },
    {
      "type": "Feature",
      "geometry": {
        "type": "Point",
        "coordinates": [
          112.0,
          48.0
        ]
      },
      "properties": {
        "id": "SITE-\u00a1",
        "suitability": 93.56530224430612,
        "mean_slope": 1.0553510189056396,
        "max_slope": 1.2238324880599976,
        "mean_hazard": 0.020996935665607452,
        "shadow_percent": 0.0,
        "decision": "SAFE"
      }
    },
    {
      "type": "Feature",
      "geometry": {
        "type": "Point",
        "coordinates": [
          192.0,
          4.0
        ]
      },
      "properties": {
        "id": "SITE-\u00a2",
        "suitability": 93.5169325239292,
        "mean_slope": 1.121402382850647,
        "max_slope": 1.2250022888183594,
        "mean_hazard": 0.02075343392789364,
        "shadow_percent": 0.0,
        "decision": "SAFE"
      }
    },
    {
      "type": "Feature",
      "geometry": {
        "type": "Point",
        "coordinates": [
          304.0,
          116.0
        ]
      },
      "properties": {
        "id": "SITE-\u00a3",
        "suitability": 93.45691336497316,
        "mean_slope": 1.0576308965682983,
        "max_slope": 1.3628917932510376,
        "mean_hazard": 0.022060342133045197,
        "shadow_percent": 0.0,
        "decision": "SAFE"
      }
    },
    {
      "type": "Feature",
      "geometry": {
        "type": "Point",
        "coordinates": [
          36.0,
          384.0
        ]
      },
      "properties": {
        "id": "SITE-\u00a4",
        "suitability": 93.40228943897151,
        "mean_slope": 1.1176095008850098,
        "max_slope": 1.372476577758789,
        "mean_hazard": 0.02148442342877388,
        "shadow_percent": 0.0,
        "decision": "SAFE"
      }
    },
    {
      "type": "Feature",
      "geometry": {
        "type": "Point",
        "coordinates": [
          164.0,
          16.0
        ]
      },
      "properties": {
        "id": "SITE-\u00a5",
        "suitability": 93.12994044581177,
        "mean_slope": 1.1873546838760376,
        "max_slope": 1.2865291833877563,
        "mean_hazard": 0.023391487076878548,
        "shadow_percent": 0.0,
        "decision": "SAFE"
      }
    },
    {
      "type": "Feature",
      "geometry": {
        "type": "Point",
        "coordinates": [
          360.0,
          264.0
        ]
      },
      "properties": {
        "id": "SITE-\u00a6",
        "suitability": 93.10403776963696,
        "mean_slope": 0.15647274255752563,
        "max_slope": 3.911818504333496,
        "mean_hazard": 0.03265859931707382,
        "shadow_percent": 0.0,
        "decision": "SAFE"
      }
    },
    {
      "type": "Feature",
      "geometry": {
        "type": "Point",
        "coordinates": [
          4.0,
          148.0
        ]
      },
      "properties": {
        "id": "SITE-\u00a7",
        "suitability": 93.0843347423222,
        "mean_slope": 1.2101610898971558,
        "max_slope": 1.41121244430542,
        "mean_hazard": 0.023293063044548035,
        "shadow_percent": 0.0,
        "decision": "SAFE"
      }
    },
    {
      "type": "Feature",
      "geometry": {
        "type": "Point",
        "coordinates": [
          4.0,
          84.0
        ]
      },
      "properties": {
        "id": "SITE-\u00a8",
        "suitability": 93.06180532340765,
        "mean_slope": 1.2088395357131958,
        "max_slope": 1.3412786722183228,
        "mean_hazard": 0.02287738025188446,
        "shadow_percent": 0.0,
        "decision": "SAFE"
      }
    },
    {
      "type": "Feature",
      "geometry": {
        "type": "Point",
        "coordinates": [
          28.0,
          372.0
        ]
      },
      "properties": {
        "id": "SITE-\u00a9",
        "suitability": 93.00991146450511,
        "mean_slope": 1.197304368019104,
        "max_slope": 1.5293670892715454,
        "mean_hazard": 0.023661058396100998,
        "shadow_percent": 0.0,
        "decision": "SAFE"
      }
    },
    {
      "type": "Feature",
      "geometry": {
        "type": "Point",
        "coordinates": [
          120.0,
          248.0
        ]
      },
      "properties": {
        "id": "SITE-\u00aa",
        "suitability": 93.00825725465698,
        "mean_slope": 1.1990301609039307,
        "max_slope": 1.3603862524032593,
        "mean_hazard": 0.023917438462376595,
        "shadow_percent": 0.0,
        "decision": "SAFE"
      }
    },
    {
      "type": "Feature",
      "geometry": {
        "type": "Point",
        "coordinates": [
          168.0,
          28.0
        ]
      },
      "properties": {
        "id": "SITE-\u00ab",
        "suitability": 92.97809981830136,
        "mean_slope": 1.2532646656036377,
        "max_slope": 1.4551833868026733,
        "mean_hazard": 0.02333514764904976,
        "shadow_percent": 0.0,
        "decision": "SAFE"
      }
    },
    {
      "type": "Feature",
      "geometry": {
        "type": "Point",
        "coordinates": [
          144.0,
          84.0
        ]
      },
      "properties": {
        "id": "SITE-\u00ac",
        "suitability": 92.97761956708439,
        "mean_slope": 1.1943086385726929,
        "max_slope": 1.5772275924682617,
        "mean_hazard": 0.02389378286898136,
        "shadow_percent": 0.0,
        "decision": "SAFE"
      }
    },
    {
      "type": "Feature",
      "geometry": {
        "type": "Point",
        "coordinates": [
          68.0,
          136.0
        ]
      },
      "properties": {
        "id": "SITE-\u00ad",
        "suitability": 92.95376646617412,
        "mean_slope": 1.217948317527771,
        "max_slope": 1.455930233001709,
        "mean_hazard": 0.024183228611946106,
        "shadow_percent": 0.0,
        "decision": "SAFE"
      }
    },
    {
      "type": "Feature",
      "geometry": {
        "type": "Point",
        "coordinates": [
          144.0,
          220.0
        ]
      },
      "properties": {
        "id": "SITE-\u00ae",
        "suitability": 92.9297702097084,
        "mean_slope": 1.22622549533844,
        "max_slope": 1.4228434562683105,
        "mean_hazard": 0.024195406585931778,
        "shadow_percent": 0.0,
        "decision": "SAFE"
      }
    },
    {
      "type": "Feature",
      "geometry": {
        "type": "Point",
        "coordinates": [
          36.0,
          168.0
        ]
      },
      "properties": {
        "id": "SITE-\u00af",
        "suitability": 92.9188364253977,
        "mean_slope": 1.2386972904205322,
        "max_slope": 1.4760957956314087,
        "mean_hazard": 0.024589771404862404,
        "shadow_percent": 0.0,
        "decision": "SAFE"
      }
    },
    {
      "type": "Feature",
      "geometry": {
        "type": "Point",
        "coordinates": [
          144.0,
          260.0
        ]
      },
      "properties": {
        "id": "SITE-\u00b0",
        "suitability": 92.87148167162374,
        "mean_slope": 1.2583096027374268,
        "max_slope": 1.4247106313705444,
        "mean_hazard": 0.024386338889598846,
        "shadow_percent": 0.0,
        "decision": "SAFE"
      }
    },
    {
      "type": "Feature",
      "geometry": {
        "type": "Point",
        "coordinates": [
          268.0,
          92.0
        ]
      },
      "properties": {
        "id": "SITE-\u00b1",
        "suitability": 92.84365982138559,
        "mean_slope": 1.275118350982666,
        "max_slope": 1.5140751600265503,
        "mean_hazard": 0.024311237037181854,
        "shadow_percent": 0.0,
        "decision": "SAFE"
      }
    },
    {
      "type": "Feature",
      "geometry": {
        "type": "Point",
        "coordinates": [
          16.0,
          128.0
        ]
      },
      "properties": {
        "id": "SITE-\u00b2",
        "suitability": 92.83202145128388,
        "mean_slope": 1.2753312587738037,
        "max_slope": 1.4083527326583862,
        "mean_hazard": 0.02454017847776413,
        "shadow_percent": 0.0,
        "decision": "SAFE"
      }
    },
    {
      "type": "Feature",
      "geometry": {
        "type": "Point",
        "coordinates": [
          256.0,
          80.0
        ]
      },
      "properties": {
        "id": "SITE-\u00b3",
        "suitability": 92.7613056249336,
        "mean_slope": 1.290612816810608,
        "max_slope": 1.6812866926193237,
        "mean_hazard": 0.024772796779870987,
        "shadow_percent": 0.0,
        "decision": "SAFE"
      }
    },
    {
      "type": "Feature",
      "geometry": {
        "type": "Point",
        "coordinates": [
          344.0,
          280.0
        ]
      },
      "properties": {
        "id": "SITE-\u00b4",
        "suitability": 92.70275081354514,
        "mean_slope": 0.16354742646217346,
        "max_slope": 4.088685512542725,
        "mean_hazard": 0.03351977840065956,
        "shadow_percent": 0.0,
        "decision": "SAFE"
      }
    },
    {
      "type": "Feature",
      "geometry": {
        "type": "Point",
        "coordinates": [
          472.0,
          428.0
        ]
      },
      "properties": {
        "id": "SITE-\u00b5",
        "suitability": 92.67337002052817,
        "mean_slope": 1.2753748893737793,
        "max_slope": 1.6842913627624512,
        "mean_hazard": 0.025524592027068138,
        "shadow_percent": 0.0,
        "decision": "SAFE"
      }
    },
    {
      "type": "Feature",
      "geometry": {
        "type": "Point",
        "coordinates": [
          16.0,
          104.0
        ]
      },
      "properties": {
        "id": "SITE-\u00b6",
        "suitability": 92.66896713072116,
        "mean_slope": 1.3425607681274414,
        "max_slope": 1.4655667543411255,
        "mean_hazard": 0.024741852656006813,
        "shadow_percent": 0.0,
        "decision": "SAFE"
      }
    },
    {
      "type": "Feature",
      "geometry": {
        "type": "Point",
        "coordinates": [
          180.0,
          240.0
        ]
      },
      "properties": {
        "id": "SITE-\u00b7",
        "suitability": 92.65299662298906,
        "mean_slope": 1.232772707939148,
        "max_slope": 1.5562316179275513,
        "mean_hazard": 0.025682086125016212,
        "shadow_percent": 0.0,
        "decision": "SAFE"
      }
    },
    {
      "type": "Feature",
      "geometry": {
        "type": "Point",
        "coordinates": [
          40.0,
          96.0
        ]
      },
      "properties": {
        "id": "SITE-\u00b8",
        "suitability": 92.652586915626,
        "mean_slope": 1.2895910739898682,
        "max_slope": 1.6841224431991577,
        "mean_hazard": 0.02579735592007637,
        "shadow_percent": 0.0,
        "decision": "SAFE"
      }
    },
    {
      "type": "Feature",
      "geometry": {
        "type": "Point",
        "coordinates": [
          176.0,
          4.0
        ]
      },
      "properties": {
        "id": "SITE-\u00b9",
        "suitability": 92.64694850664041,
        "mean_slope": 1.3519501686096191,
        "max_slope": 1.3992276191711426,
        "mean_hazard": 0.024860510602593422,
        "shadow_percent": 0.0,
        "decision": "SAFE"
      }
    },
    {
      "type": "Feature",
      "geometry": {
        "type": "Point",
        "coordinates": [
          16.0,
          88.0
        ]
      },
      "properties": {
        "id": "SITE-\u00ba",
        "suitability": 92.62737468548093,
        "mean_slope": 1.2927911281585693,
        "max_slope": 1.3394852876663208,
        "mean_hazard": 0.025709189474582672,
        "shadow_percent": 0.0,
        "decision": "SAFE"
      }
    },
    {
      "type": "Feature",
      "geometry": {
        "type": "Point",
        "coordinates": [
          132.0,
          228.0
        ]
      },
      "properties": {
        "id": "SITE-\u00bb",
        "suitability": 92.61772217086036,
        "mean_slope": 1.3514084815979004,
        "max_slope": 1.5149508714675903,
        "mean_hazard": 0.025026483461260796,
        "shadow_percent": 0.0,
        "decision": "SAFE"
      }
    },
    {
      "type": "Feature",
      "geometry": {
        "type": "Point",
        "coordinates": [
          128.0,
          68.0
        ]
      },
      "properties": {
        "id": "SITE-\u00bc",
        "suitability": 92.60833551050023,
        "mean_slope": 1.2998977899551392,
        "max_slope": 1.4411966800689697,
        "mean_hazard": 0.02573242038488388,
        "shadow_percent": 0.0,
        "decision": "SAFE"
      }
    },
    {
      "type": "Feature",
      "geometry": {
        "type": "Point",
        "coordinates": [
          4.0,
          348.0
        ]
      },
      "properties": {
        "id": "SITE-\u00bd",
        "suitability": 92.59169589628564,
        "mean_slope": 1.3196731805801392,
        "max_slope": 1.6393386125564575,
        "mean_hazard": 0.025665516033768654,
        "shadow_percent": 0.0,
        "decision": "SAFE"
      }
    },
    {
      "type": "Feature",
      "geometry": {
        "type": "Point",
        "coordinates": [
          408.0,
          492.0
        ]
      },
      "properties": {
        "id": "SITE-\u00be",
        "suitability": 92.57197121124469,
        "mean_slope": 1.3250985145568848,
        "max_slope": 1.7176244258880615,
        "mean_hazard": 0.02585732378065586,
        "shadow_percent": 0.0,
        "decision": "SAFE"
      }
    },
    {
      "type": "Feature",
      "geometry": {
        "type": "Point",
        "coordinates": [
          4.0,
          208.0
        ]
      },
      "properties": {
        "id": "SITE-\u00bf",
        "suitability": 92.52474397317125,
        "mean_slope": 1.344560980796814,
        "max_slope": 1.5666030645370483,
        "mean_hazard": 0.025917667895555496,
        "shadow_percent": 0.0,
        "decision": "SAFE"
      }
    },
    {
      "type": "Feature",
      "geometry": {
        "type": "Point",
        "coordinates": [
          152.0,
          16.0
        ]
      },
      "properties": {
        "id": "SITE-\u00c0",
        "suitability": 92.51772730097693,
        "mean_slope": 1.3887362480163574,
        "max_slope": 1.5817745923995972,
        "mean_hazard": 0.025452809408307076,
        "shadow_percent": 0.0,
        "decision": "SAFE"
      }
    },
    {
      "type": "Feature",
      "geometry": {
        "type": "Point",
        "coordinates": [
          164.0,
          240.0
        ]
      },
      "properties": {
        "id": "SITE-\u00c1",
        "suitability": 92.49270514384958,
        "mean_slope": 1.3344922065734863,
        "max_slope": 1.4913769960403442,
        "mean_hazard": 0.02654092386364937,
        "shadow_percent": 0.0,
        "decision": "SAFE"
      }
    },
    {
      "type": "Feature",
      "geometry": {
        "type": "Point",
        "coordinates": [
          60.0,
          160.0
        ]
      },
      "properties": {
        "id": "SITE-\u00c2",
        "suitability": 92.48501491163778,
        "mean_slope": 1.3369004726409912,
        "max_slope": 1.4099533557891846,
        "mean_hazard": 0.026568269357085228,
        "shadow_percent": 0.0,
        "decision": "SAFE"
      }
    },
    {
      "type": "Feature",
      "geometry": {
        "type": "Point",
        "coordinates": [
          60.0,
          280.0
        ]
      },
      "properties": {
        "id": "SITE-\u00c3",
        "suitability": 92.47798344153394,
        "mean_slope": 1.3332408666610718,
        "max_slope": 1.700255036354065,
        "mean_hazard": 0.026586448773741722,
        "shadow_percent": 0.0,
        "decision": "SAFE"
      }
    },
    {
      "type": "Feature",
      "geometry": {
        "type": "Point",
        "coordinates": [
          12.0,
          116.0
        ]
      },
      "properties": {
        "id": "SITE-\u00c4",
        "suitability": 92.47553669592287,
        "mean_slope": 1.3535264730453491,
        "max_slope": 1.4339834451675415,
        "mean_hazard": 0.026428407058119774,
        "shadow_percent": 0.0,
        "decision": "SAFE"
      }
    },
    {
      "type": "Feature",
      "geometry": {
        "type": "Point",
        "coordinates": [
          104.0,
          232.0
        ]
      },
      "properties": {
        "id": "SITE-\u00c5",
        "suitability": 92.37731305567523,
        "mean_slope": 1.360287070274353,
        "max_slope": 1.757407307624817,
        "mean_hazard": 0.02718014270067215,
        "shadow_percent": 0.0,
        "decision": "SAFE"
      }
    },
    {
      "type": "Feature",
      "geometry": {
        "type": "Point",
        "coordinates": [
          112.0,
          32.0
        ]
      },
      "properties": {
        "id": "SITE-\u00c6",
        "suitability": 92.36326276198007,
        "mean_slope": 1.363532543182373,
        "max_slope": 1.6068841218948364,
        "mean_hazard": 0.027216419577598572,
        "shadow_percent": 0.0,
        "decision": "SAFE"
      }
    },
    {
      "type": "Feature",
      "geometry": {
        "type": "Point",
        "coordinates": [
          120.0,
          220.0
        ]
      },
      "properties": {
        "id": "SITE-\u00c7",
        "suitability": 92.30398902442687,
        "mean_slope": 1.4100338220596313,
        "max_slope": 1.6785831451416016,
        "mean_hazard": 0.026395592838525772,
        "shadow_percent": 0.0,
        "decision": "SAFE"
      }
    },
    {
      "type": "Feature",
      "geometry": {
        "type": "Point",
        "coordinates": [
          260.0,
          104.0
        ]
      },
      "properties": {
        "id": "SITE-\u00c8",
        "suitability": 92.30316223982686,
        "mean_slope": 1.380442500114441,
        "max_slope": 1.6040699481964111,
        "mean_hazard": 0.02734566293656826,
        "shadow_percent": 0.0,
        "decision": "SAFE"
      }
    },
    {
      "type": "Feature",
      "geometry": {
        "type": "Point",
        "coordinates": [
          380.0,
          40.0
        ]
      },
      "properties": {
        "id": "SITE-\u00c9",
        "suitability": 92.27042165912673,
        "mean_slope": 1.3034602403640747,
        "max_slope": 1.6683424711227417,
        "mean_hazard": 0.028680216521024704,
        "shadow_percent": 0.0,
        "decision": "SAFE"
      }
    },
    {
      "type": "Feature",
      "geometry": {
        "type": "Point",
        "coordinates": [
          284.0,
          80.0
        ]
      },
      "properties": {
        "id": "SITE-\u00ca",
        "suitability": 92.20893434154202,
        "mean_slope": 1.4130245447158813,
        "max_slope": 1.637434959411621,
        "mean_hazard": 0.02815593220293522,
        "shadow_percent": 0.0,
        "decision": "SAFE"
      }
    },
    {
      "type": "Feature",
      "geometry": {
        "type": "Point",
        "coordinates": [
          76.0,
          12.0
        ]
      },
      "properties": {
        "id": "SITE-\u00cb",
        "suitability": 92.2079630956288,
        "mean_slope": 1.4015207290649414,
        "max_slope": 1.52857506275177,
        "mean_hazard": 0.027769923210144043,
        "shadow_percent": 0.0,
        "decision": "SAFE"
      }
    },
    {
      "type": "Feature",
      "geometry": {
        "type": "Point",
        "coordinates": [
          212.0,
          152.0
        ]
      },
      "properties": {
        "id": "SITE-\u00cc",
        "suitability": 92.1743983267018,
        "mean_slope": 1.419956088066101,
        "max_slope": 1.6245421171188354,
        "mean_hazard": 0.028136443346738815,
        "shadow_percent": 0.0,
        "decision": "SAFE"
      }
    },
    {
      "type": "Feature",
      "geometry": {
        "type": "Point",
        "coordinates": [
          16.0,
          140.0
        ]
      },
      "properties": {
        "id": "SITE-\u00cd",
        "suitability": 92.14012178654748,
        "mean_slope": 1.4499750137329102,
        "max_slope": 1.626075267791748,
        "mean_hazard": 0.027895938605070114,
        "shadow_percent": 0.0,
        "decision": "SAFE"
      }
    },
    {
      "type": "Feature",
      "geometry": {
        "type": "Point",
        "coordinates": [
          28.0,
          176.0
        ]
      },
      "properties": {
        "id": "SITE-\u00ce",
        "suitability": 92.13227840493941,
        "mean_slope": 1.4720795154571533,
        "max_slope": 1.6749924421310425,
        "mean_hazard": 0.02762652188539505,
        "shadow_percent": 0.0,
        "decision": "SAFE"
      }
    },
    {
      "type": "Feature",
      "geometry": {
        "type": "Point",
        "coordinates": [
          32.0,
          120.0
        ]
      },
      "properties": {
        "id": "SITE-\u00cf",
        "suitability": 92.10584031273858,
        "mean_slope": 1.488874077796936,
        "max_slope": 1.6567754745483398,
        "mean_hazard": 0.027259457856416702,
        "shadow_percent": 0.0,
        "decision": "SAFE"
      }
    },
    {
      "type": "Feature",
      "geometry": {
        "type": "Point",
        "coordinates": [
          144.0,
          68.0
        ]
      },
      "properties": {
        "id": "SITE-\u00d0",
        "suitability": 92.08169806267777,
        "mean_slope": 1.4434536695480347,
        "max_slope": 1.7123990058898926,
        "mean_hazard": 0.02864300273358822,
        "shadow_percent": 0.0,
        "decision": "SAFE"
      }
    },
    {
      "type": "Feature",
      "geometry": {
        "type": "Point",
        "coordinates": [
          112.0,
          256.0
        ]
      },
      "properties": {
        "id": "SITE-\u00d1",
        "suitability": 92.07654900552664,
        "mean_slope": 1.4855772256851196,
        "max_slope": 1.6578189134597778,
        "mean_hazard": 0.02760811150074005,
        "shadow_percent": 0.0,
        "decision": "SAFE"
      }
    },
    {
      "type": "Feature",
      "geometry": {
        "type": "Point",
        "coordinates": [
          76.0,
          308.0
        ]
      },
      "properties": {
        "id": "SITE-\u00d2",
        "suitability": 92.0740533217701,
        "mean_slope": 1.488389492034912,
        "max_slope": 1.804277777671814,
        "mean_hazard": 0.02774999663233757,
        "shadow_percent": 0.0,
        "decision": "SAFE"
      }
    },
    {
      "type": "Feature",
      "geometry": {
        "type": "Point",
        "coordinates": [
          280.0,
          140.0
        ]
      },
      "properties": {
        "id": "SITE-\u00d3",
        "suitability": 92.05558974898702,
        "mean_slope": 1.4146102666854858,
        "max_slope": 1.6292228698730469,
        "mean_hazard": 0.028863200917840004,
        "shadow_percent": 0.0,
        "decision": "SAFE"
      }
    },
    {
      "type": "Feature",
      "geometry": {
        "type": "Point",
        "coordinates": [
          156.0,
          248.0
        ]
      },
      "properties": {
        "id": "SITE-\u00d4",
        "suitability": 92.00017451670354,
        "mean_slope": 1.4870975017547607,
        "max_slope": 1.6366311311721802,
        "mean_hazard": 0.028178388252854347,
        "shadow_percent": 0.0,
        "decision": "SAFE"
      }
    },
    {
      "type": "Feature",
      "geometry": {
        "type": "Point",
        "coordinates": [
          88.0,
          300.0
        ]
      },
      "properties": {
        "id": "SITE-\u00d5",
        "suitability": 91.9454732095459,
        "mean_slope": 1.5270698070526123,
        "max_slope": 1.7872916460037231,
        "mean_hazard": 0.028244473040103912,
        "shadow_percent": 0.0,
        "decision": "SAFE"
      }
    },
    {
      "type": "Feature",
      "geometry": {
        "type": "Point",
        "coordinates": [
          128.0,
          240.0
        ]
      },
      "properties": {
        "id": "SITE-\u00d6",
        "suitability": 91.94062791845398,
        "mean_slope": 1.502366542816162,
        "max_slope": 1.6395310163497925,
        "mean_hazard": 0.02835230529308319,
        "shadow_percent": 0.0,
        "decision": "SAFE"
      }
    },
    {
      "type": "Feature",
      "geometry": {
        "type": "Point",
        "coordinates": [
          16.0,
          76.0
        ]
      },
      "properties": {
        "id": "SITE-\u00d7",
        "suitability": 91.88673937307934,
        "mean_slope": 1.5127753019332886,
        "max_slope": 1.7790213823318481,
        "mean_hazard": 0.02834434062242508,
        "shadow_percent": 0.0,
        "decision": "SAFE"
      }
    },
    {
      "type": "Feature",
      "geometry": {
        "type": "Point",
        "coordinates": [
          220.0,
          4.0
        ]
      },
      "properties": {
        "id": "SITE-\u00d8",
        "suitability": 91.85408832574856,
        "mean_slope": 1.5188788175582886,
        "max_slope": 1.8519034385681152,
        "mean_hazard": 0.029309570789337158,
        "shadow_percent": 0.0,
        "decision": "SAFE"
      }
    },
    {
      "type": "Feature",
      "geometry": {
        "type": "Point",
        "coordinates": [
          132.0,
          260.0
        ]
      },
      "properties": {
        "id": "SITE-\u00d9",
        "suitability": 91.84724011360748,
        "mean_slope": 1.4986382722854614,
        "max_slope": 1.5531978607177734,
        "mean_hazard": 0.029864436015486717,
        "shadow_percent": 0.0,
        "decision": "SAFE"
      }
    },
    {
      "type": "Feature",
      "geometry": {
        "type": "Point",
        "coordinates": [
          4.0,
          60.0
        ]
      },
      "properties": {
        "id": "SITE-\u00da",
        "suitability": 91.84552794776658,
        "mean_slope": 1.49347722530365,
        "max_slope": 1.8565306663513184,
        "mean_hazard": 0.029122743755578995,
        "shadow_percent": 0.0,
        "decision": "SAFE"
      }
    },
    {
      "type": "Feature",
      "geometry": {
        "type": "Point",
        "coordinates": [
          60.0,
          144.0
        ]
      },
      "properties": {
        "id": "SITE-\u00db",
        "suitability": 91.83786329852151,
        "mean_slope": 1.5306086540222168,
        "max_slope": 1.7401244640350342,
        "mean_hazard": 0.028640642762184143,
        "shadow_percent": 0.0,
        "decision": "SAFE"
      }
    },
    {
      "type": "Feature",
      "geometry": {
        "type": "Point",
        "coordinates": [
          316.0,
          96.0
        ]
      },
      "properties": {
        "id": "SITE-\u00dc",
        "suitability": 91.80395427349298,
        "mean_slope": 1.530411958694458,
        "max_slope": 1.7379530668258667,
        "mean_hazard": 0.028743721544742584,
        "shadow_percent": 0.0,
        "decision": "SAFE"
      }
    },
    {
      "type": "Feature",
      "geometry": {
        "type": "Point",
        "coordinates": [
          152.0,
          212.0
        ]
      },
      "properties": {
        "id": "SITE-\u00dd",
        "suitability": 91.74292435502343,
        "mean_slope": 1.5625604391098022,
        "max_slope": 1.8136239051818848,
        "mean_hazard": 0.029084181413054466,
        "shadow_percent": 0.0,
        "decision": "SAFE"
      }
    },
    {
      "type": "Feature",
      "geometry": {
        "type": "Point",
        "coordinates": [
          76.0,
          280.0
        ]
      },
      "properties": {
        "id": "SITE-\u00de",
        "suitability": 91.73795152633528,
        "mean_slope": 1.5184543132781982,
        "max_slope": 1.767419695854187,
        "mean_hazard": 0.03022073581814766,
        "shadow_percent": 0.0,
        "decision": "SAFE"
      }
    },
    {
      "type": "Feature",
      "geometry": {
        "type": "Point",
        "coordinates": [
          488.0,
          444.0
        ]
      },
      "properties": {
        "id": "SITE-\u00df",
        "suitability": 91.73269554269261,
        "mean_slope": 1.524430751800537,
        "max_slope": 1.6998268365859985,
        "mean_hazard": 0.03034917265176773,
        "shadow_percent": 0.0,
        "decision": "SAFE"
      }
    },
    {
      "type": "Feature",
      "geometry": {
        "type": "Point",
        "coordinates": [
          104.0,
          312.0
        ]
      },
      "properties": {
        "id": "SITE-\u00e0",
        "suitability": 91.71213896886286,
        "mean_slope": 1.5130325555801392,
        "max_slope": 1.8077627420425415,
        "mean_hazard": 0.03020087070763111,
        "shadow_percent": 0.0,
        "decision": "SAFE"
      }
    },
    {
      "type": "Feature",
      "geometry": {
        "type": "Point",
        "coordinates": [
          32.0,
          88.0
        ]
      },
      "properties": {
        "id": "SITE-\u00e1",
        "suitability": 91.67831429182519,
        "mean_slope": 1.5843843221664429,
        "max_slope": 1.9211828708648682,
        "mean_hazard": 0.029890142381191254,
        "shadow_percent": 0.0,
        "decision": "SAFE"
      }
    },
    {
      "type": "Feature",
      "geometry": {
        "type": "Point",
        "coordinates": [
          44.0,
          160.0
        ]
      },
      "properties": {
        "id": "SITE-\u00e2",
        "suitability": 91.6750138767414,
        "mean_slope": 1.5944370031356812,
        "max_slope": 1.793536901473999,
        "mean_hazard": 0.029431357979774475,
        "shadow_percent": 0.0,
        "decision": "SAFE"
      }
    },
    {
      "type": "Feature",
      "geometry": {
        "type": "Point",
        "coordinates": [
          136.0,
          284.0
        ]
      },
      "properties": {
        "id": "SITE-\u00e3",
        "suitability": 91.61685199001923,
        "mean_slope": 1.5093350410461426,
        "max_slope": 1.754686713218689,
        "mean_hazard": 0.03126741945743561,
        "shadow_percent": 0.0,
        "decision": "SAFE"
      }
    },
    {
      "type": "Feature",
      "geometry": {
        "type": "Point",
        "coordinates": [
          268.0,
          64.0
        ]
      },
      "properties": {
        "id": "SITE-\u00e4",
        "suitability": 91.61179650416102,
        "mean_slope": 1.5522680282592773,
        "max_slope": 1.9808168411254883,
        "mean_hazard": 0.031089672818779945,
        "shadow_percent": 0.0,
        "decision": "SAFE"
      }
    },
    {
      "type": "Feature",
      "geometry": {
        "type": "Point",
        "coordinates": [
          192.0,
          36.0
        ]
      },
      "properties": {
        "id": "SITE-\u00e5",
        "suitability": 91.58848031761025,
        "mean_slope": 1.554010272026062,
        "max_slope": 1.9388811588287354,
        "mean_hazard": 0.031082551926374435,
        "shadow_percent": 0.0,
        "decision": "SAFE"
      }
    },
    {
      "type": "Feature",
      "geometry": {
        "type": "Point",
        "coordinates": [
          84.0,
          136.0
        ]
      },
      "properties": {
        "id": "SITE-\u00e6",
        "suitability": 91.58696140681202,
        "mean_slope": 1.5592516660690308,
        "max_slope": 1.9424282312393188,
        "mean_hazard": 0.031212816014885902,
        "shadow_percent": 0.0,
        "decision": "SAFE"
      }
    },
    {
      "type": "Feature",
      "geometry": {
        "type": "Point",
        "coordinates": [
          88.0,
          24.0
        ]
      },
      "properties": {
        "id": "SITE-\u00e7",
        "suitability": 91.56917842464019,
        "mean_slope": 1.5643360614776611,
        "max_slope": 1.6424132585525513,
        "mean_hazard": 0.03115466609597206,
        "shadow_percent": 0.0,
        "decision": "SAFE"
      }
    },
    {
      "type": "Feature",
      "geometry": {
        "type": "Point",
        "coordinates": [
          104.0,
          24.0
        ]
      },
      "properties": {
        "id": "SITE-\u00e8",
        "suitability": 91.55305990385982,
        "mean_slope": 1.6041858196258545,
        "max_slope": 1.8126095533370972,
        "mean_hazard": 0.030005836859345436,
        "shadow_percent": 0.0,
        "decision": "SAFE"
      }
    },
    {
      "type": "Feature",
      "geometry": {
        "type": "Point",
        "coordinates": [
          48.0,
          104.0
        ]
      },
      "properties": {
        "id": "SITE-\u00e9",
        "suitability": 91.53708848774689,
        "mean_slope": 1.617454171180725,
        "max_slope": 1.9301680326461792,
        "mean_hazard": 0.03015703707933426,
        "shadow_percent": 0.0,
        "decision": "SAFE"
      }
    },
    {
      "type": "Feature",
      "geometry": {
        "type": "Point",
        "coordinates": [
          244.0,
          88.0
        ]
      },
      "properties": {
        "id": "SITE-\u00ea",
        "suitability": 91.52246677783998,
        "mean_slope": 1.5753544569015503,
        "max_slope": 2.0029706954956055,
        "mean_hazard": 0.031399503350257874,
        "shadow_percent": 0.0,
        "decision": "SAFE"
      }
    },
    {
      "type": "Feature",
      "geometry": {
        "type": "Point",
        "coordinates": [
          280.0,
          124.0
        ]
      },
      "properties": {
        "id": "SITE-\u00eb",
        "suitability": 91.4964032143702,
        "mean_slope": 1.5895166397094727,
        "max_slope": 1.7541358470916748,
        "mean_hazard": 0.031614530831575394,
        "shadow_percent": 0.0,
        "decision": "SAFE"
      }
    },
    {
      "type": "Feature",
      "geometry": {
        "type": "Point",
        "coordinates": [
          120.0,
          56.0
        ]
      },
      "properties": {
        "id": "SITE-\u00ec",
        "suitability": 91.48878956603997,
        "mean_slope": 1.5677523612976074,
        "max_slope": 1.6412419080734253,
        "mean_hazard": 0.031137660145759583,
        "shadow_percent": 0.0,
        "decision": "SAFE"
      }
    },
    {
      "type": "Feature",
      "geometry": {
        "type": "Point",
        "coordinates": [
          8.0,
          96.0
        ]
      },
      "properties": {
        "id": "SITE-\u00ed",
        "suitability": 91.48744832669956,
        "mean_slope": 1.6366039514541626,
        "max_slope": 1.722637414932251,
        "mean_hazard": 0.03027534671127796,
        "shadow_percent": 0.0,
        "decision": "SAFE"
      }
    },
    {
      "type": "Feature",
      "geometry": {
        "type": "Point",
        "coordinates": [
          436.0,
          492.0
        ]
      },
      "properties": {
        "id": "SITE-\u00ee",
        "suitability": 91.46242579215735,
        "mean_slope": 1.6444096565246582,
        "max_slope": 1.8519712686538696,
        "mean_hazard": 0.030532870441675186,
        "shadow_percent": 0.0,
        "decision": "SAFE"
      }
    },
    {
      "type": "Feature",
      "geometry": {
        "type": "Point",
        "coordinates": [
          232.0,
          172.0
        ]
      },
      "properties": {
        "id": "SITE-\u00ef",
        "suitability": 91.3988652327931,
        "mean_slope": 1.5978692770004272,
        "max_slope": 1.7538915872573853,
        "mean_hazard": 0.03162606433033943,
        "shadow_percent": 0.0,
        "decision": "SAFE"
      }
    },
    {
      "type": "Feature",
      "geometry": {
        "type": "Point",
        "coordinates": [
          96.0,
          240.0
        ]
      },
      "properties": {
        "id": "SITE-\u00f0",
        "suitability": 91.36372115541093,
        "mean_slope": 1.6404072046279907,
        "max_slope": 1.984323263168335,
        "mean_hazard": 0.03137314319610596,
        "shadow_percent": 0.0,
        "decision": "SAFE"
      }
    },
    {
      "type": "Feature",
      "geometry": {
        "type": "Point",
        "coordinates": [
          60.0,
          296.0
        ]
      },
      "properties": {
        "id": "SITE-\u00f1",
        "suitability": 91.3510738049915,
        "mean_slope": 1.6132546663284302,
        "max_slope": 2.047051191329956,
        "mean_hazard": 0.03225542604923248,
        "shadow_percent": 0.0,
        "decision": "SAFE"
      }
    },
    {
      "type": "Feature",
      "geometry": {
        "type": "Point",
        "coordinates": [
          128.0,
          204.0
        ]
      },
      "properties": {
        "id": "SITE-\u00f2",
        "suitability": 91.29455822486776,
        "mean_slope": 1.6293171644210815,
        "max_slope": 2.029933452606201,
        "mean_hazard": 0.03224581107497215,
        "shadow_percent": 0.0,
        "decision": "SAFE"
      }
    },
    {
      "type": "Feature",
      "geometry": {
        "type": "Point",
        "coordinates": [
          96.0,
          48.0
        ]
      },
      "properties": {
        "id": "SITE-\u00f3",
        "suitability": 91.28228104693567,
        "mean_slope": 1.6200587749481201,
        "max_slope": 2.0413990020751953,
        "mean_hazard": 0.03238736838102341,
        "shadow_percent": 0.0,
        "decision": "SAFE"
      }
    },
    {
      "type": "Feature",
      "geometry": {
        "type": "Point",
        "coordinates": [
          4.0,
          108.0
        ]
      },
      "properties": {
        "id": "SITE-\u00f4",
        "suitability": 91.27199952323922,
        "mean_slope": 1.7048187255859375,
        "max_slope": 1.7704007625579834,
        "mean_hazard": 0.031173571944236755,
        "shadow_percent": 0.0,
        "decision": "SAFE"
      }
    },
    {
      "type": "Feature",
      "geometry": {
        "type": "Point",
        "coordinates": [
          304.0,
          100.0
        ]
      },
      "properties": {
        "id": "SITE-\u00f5",
        "suitability": 91.2355621047194,
        "mean_slope": 1.6515361070632935,
        "max_slope": 1.8128916025161743,
        "mean_hazard": 0.032857734709978104,
        "shadow_percent": 0.0,
        "decision": "SAFE"
      }
    },
    {
      "type": "Feature",
      "geometry": {
        "type": "Point",
        "coordinates": [
          140.0,
          16.0
        ]
      },
      "properties": {
        "id": "SITE-\u00f6",
        "suitability": 91.18507992691879,
        "mean_slope": 1.679570198059082,
        "max_slope": 1.860262155532837,
        "mean_hazard": 0.033006127923727036,
        "shadow_percent": 0.0,
        "decision": "SAFE"
      }
    },
    {
      "type": "Feature",
      "geometry": {
        "type": "Point",
        "coordinates": [
          416.0,
          480.0
        ]
      },
      "properties": {
        "id": "SITE-\u00f7",
        "suitability": 91.1306710719601,
        "mean_slope": 1.6886439323425293,
        "max_slope": 2.0861892700195312,
        "mean_hazard": 0.03330353647470474,
        "shadow_percent": 0.0,
        "decision": "SAFE"
      }
    },
    {
      "type": "Feature",
      "geometry": {
        "type": "Point",
        "coordinates": [
          288.0,
          116.0
        ]
      },
      "properties": {
        "id": "SITE-\u00f8",
        "suitability": 91.12317043836461,
        "mean_slope": 1.690365195274353,
        "max_slope": 1.8443838357925415,
        "mean_hazard": 0.03307591751217842,
        "shadow_percent": 0.0,
        "decision": "SAFE"
      }
    },
    {
      "type": "Feature",
      "geometry": {
        "type": "Point",
        "coordinates": [
          120.0,
          40.0
        ]
      },
      "properties": {
        "id": "SITE-\u00f9",
        "suitability": 91.11234009713166,
        "mean_slope": 1.7292782068252563,
        "max_slope": 1.9290337562561035,
        "mean_hazard": 0.03267024829983711,
        "shadow_percent": 0.0,
        "decision": "SAFE"
      }
    },
    {
      "type": "Feature",
      "geometry": {
        "type": "Point",
        "coordinates": [
          232.0,
          188.0
        ]
      },
      "properties": {
        "id": "SITE-\u00fa",
        "suitability": 91.09648006038667,
        "mean_slope": 1.6458098888397217,
        "max_slope": 2.039616346359253,
        "mean_hazard": 0.03375990316271782,
        "shadow_percent": 0.0,
        "decision": "SAFE"
      }
    },
    {
      "type": "Feature",
      "geometry": {
        "type": "Point",
        "coordinates": [
          292.0,
          72.0
        ]
      },
      "properties": {
        "id": "SITE-\u00fb",
        "suitability": 91.06925736746946,
        "mean_slope": 1.7370786666870117,
        "max_slope": 1.952197551727295,
        "mean_hazard": 0.03283135965466499,
        "shadow_percent": 0.0,
        "decision": "SAFE"
      }
    },
    {
      "type": "Feature",
      "geometry": {
        "type": "Point",
        "coordinates": [
          172.0,
          232.0
        ]
      },
      "properties": {
        "id": "SITE-\u00fc",
        "suitability": 91.04866334347439,
        "mean_slope": 1.7459702491760254,
        "max_slope": 1.982702612876892,
        "mean_hazard": 0.03265703096985817,
        "shadow_percent": 0.0,
        "decision": "SAFE"
      }
    },
    {
      "type": "Feature",
      "geometry": {
        "type": "Point",
        "coordinates": [
          28.0,
          192.0
        ]
      },
      "properties": {
        "id": "SITE-\u00fd",
        "suitability": 91.03664686494112,
        "mean_slope": 1.6966922283172607,
        "max_slope": 1.8272688388824463,
        "mean_hazard": 0.033798977732658386,
        "shadow_percent": 0.0,
        "decision": "SAFE"
      }
    },
    {
      "type": "Feature",
      "geometry": {
        "type": "Point",
        "coordinates": [
          56.0,
          4.0
        ]
      },
      "properties": {
        "id": "SITE-\u00fe",
        "suitability": 90.94450349363538,
        "mean_slope": 1.7356599569320679,
        "max_slope": 2.11567759513855,
        "mean_hazard": 0.03355200216174126,
        "shadow_percent": 0.0,
        "decision": "SAFE"
      }
    },
    {
      "type": "Feature",
      "geometry": {
        "type": "Point",
        "coordinates": [
          124.0,
          268.0
        ]
      },
      "properties": {
        "id": "SITE-\u00ff",
        "suitability": 90.92614764695291,
        "mean_slope": 1.790415644645691,
        "max_slope": 1.950391411781311,
        "mean_hazard": 0.033261023461818695,
        "shadow_percent": 0.0,
        "decision": "SAFE"
      }
    },
    {
      "type": "Feature",
      "geometry": {
        "type": "Point",
        "coordinates": [
          128.0,
          4.0
        ]
      },
      "properties": {
        "id": "SITE-\u0100",
        "suitability": 90.91675333749134,
        "mean_slope": 1.7675129175186157,
        "max_slope": 1.9066717624664307,
        "mean_hazard": 0.03335835039615631,
        "shadow_percent": 0.0,
        "decision": "SAFE"
      }
    },
    {
      "type": "Feature",
      "geometry": {
        "type": "Point",
        "coordinates": [
          84.0,
          152.0
        ]
      },
      "properties": {
        "id": "SITE-\u0101",
        "suitability": 90.90824131952574,
        "mean_slope": 1.733812689781189,
        "max_slope": 2.1338014602661133,
        "mean_hazard": 0.03468826413154602,
        "shadow_percent": 0.0,
        "decision": "SAFE"
      }
    },
    {
      "type": "Feature",
      "geometry": {
        "type": "Point",
        "coordinates": [
          52.0,
          152.0
        ]
      },
      "properties": {
        "id": "SITE-\u0102",
        "suitability": 90.88945703335143,
        "mean_slope": 1.7976632118225098,
        "max_slope": 1.968803882598877,
        "mean_hazard": 0.03297405317425728,
        "shadow_percent": 0.0,
        "decision": "SAFE"
      }
    },
    {
      "type": "Feature",
      "geometry": {
        "type": "Point",
        "coordinates": [
          332.0,
          4.0
        ]
      },
      "properties": {
        "id": "SITE-\u0103",
        "suitability": 90.86485014883746,
        "mean_slope": 1.760276198387146,
        "max_slope": 2.15069842338562,
        "mean_hazard": 0.034107401967048645,
        "shadow_percent": 0.0,
        "decision": "SAFE"
      }
    },
    {
      "type": "Feature",
      "geometry": {
        "type": "Point",
        "coordinates": [
          200.0,
          28.0
        ]
      },
      "properties": {
        "id": "SITE-\u0104",
        "suitability": 90.85119164235387,
        "mean_slope": 1.7488480806350708,
        "max_slope": 2.095867156982422,
        "mean_hazard": 0.034052129834890366,
        "shadow_percent": 0.0,
        "decision": "SAFE"
      }
    },
    {
      "type": "Feature",
      "geometry": {
        "type": "Point",
        "coordinates": [
          472.0,
          444.0
        ]
      },
      "properties": {
        "id": "SITE-\u0105",
        "suitability": 90.84876545986417,
        "mean_slope": 1.745347023010254,
        "max_slope": 2.1092424392700195,
        "mean_hazard": 0.03458860516548157,
        "shadow_percent": 0.0,
        "decision": "SAFE"
      }
    },
    {
      "type": "Feature",
      "geometry": {
        "type": "Point",
        "coordinates": [
          84.0,
          4.0
        ]
      },
      "properties": {
        "id": "SITE-\u0106",
        "suitability": 90.83720651492028,
        "mean_slope": 1.8001476526260376,
        "max_slope": 1.9642126560211182,
        "mean_hazard": 0.03357163816690445,
        "shadow_percent": 0.0,
        "decision": "SAFE"
      }
    },
    {
      "type": "Feature",
      "geometry": {
        "type": "Point",
        "coordinates": [
          204.0,
          132.0
        ]
      },
      "properties": {
        "id": "SITE-\u0107",
        "suitability": 90.83666247272475,
        "mean_slope": 1.783084511756897,
        "max_slope": 2.054133415222168,
        "mean_hazard": 0.03368382528424263,
        "shadow_percent": 0.0,
        "decision": "SAFE"
      }
    },
    {
      "type": "Feature",
      "geometry": {
        "type": "Point",
        "coordinates": [
          296.0,
          108.0
        ]
      },
      "properties": {
        "id": "SITE-\u0108",
        "suitability": 90.81232899800463,
        "mean_slope": 1.7688658237457275,
        "max_slope": 1.9151567220687866,
        "mean_hazard": 0.03422989696264267,
        "shadow_percent": 0.0,
        "decision": "SAFE"
      }
    },
    {
      "type": "Feature",
      "geometry": {
        "type": "Point",
        "coordinates": [
          136.0,
          60.0
        ]
      },
      "properties": {
        "id": "SITE-\u0109",
        "suitability": 90.79542131302703,
        "mean_slope": 1.81242036819458,
        "max_slope": 2.011537790298462,
        "mean_hazard": 0.03332173824310303,
        "shadow_percent": 0.0,
        "decision": "SAFE"
      }
    },
    {
      "type": "Feature",
      "geometry": {
        "type": "Point",
        "coordinates": [
          132.0,
          88.0
        ]
      },
      "properties": {
        "id": "SITE-\u010a",
        "suitability": 90.79526573094434,
        "mean_slope": 1.75309419631958,
        "max_slope": 2.1574974060058594,
        "mean_hazard": 0.034731149673461914,
        "shadow_percent": 0.0,
        "decision": "SAFE"
      }
    },
    {
      "type": "Feature",
      "geometry": {
        "type": "Point",
        "coordinates": [
          52.0,
          184.0
        ]
      },
      "properties": {
        "id": "SITE-\u010b",
        "suitability": 90.77840187757097,
        "mean_slope": 1.7645318508148193,
        "max_slope": 2.1706299781799316,
        "mean_hazard": 0.035179998725652695,
        "shadow_percent": 0.0,
        "decision": "SAFE"
      }
    },
    {
      "type": "Feature",
      "geometry": {
        "type": "Point",
        "coordinates": [
          184.0,
          44.0
        ]
      },
      "properties": {
        "id": "SITE-\u010c",
        "suitability": 90.77148029983107,
        "mean_slope": 1.8051342964172363,
        "max_slope": 2.132957935333252,
        "mean_hazard": 0.03426983952522278,
        "shadow_percent": 0.0,
        "decision": "SAFE"
      }
    },
    {
      "type": "Feature",
      "geometry": {
        "type": "Point",
        "coordinates": [
          212.0,
          16.0
        ]
      },
      "properties": {
        "id": "SITE-\u010d",
        "suitability": 90.77038626898762,
        "mean_slope": 1.7702444791793823,
        "max_slope": 2.1285159587860107,
        "mean_hazard": 0.03477143123745918,
        "shadow_percent": 0.0,
        "decision": "SAFE"
      }
    },
    {
      "type": "Feature",
      "geometry": {
        "type": "Point",
        "coordinates": [
          240.0,
          108.0
        ]
      },
      "properties": {
        "id": "SITE-\u010e",
        "suitability": 90.76728645986906,
        "mean_slope": 1.770452857017517,
        "max_slope": 2.00274658203125,
        "mean_hazard": 0.03532448410987854,
        "shadow_percent": 0.0,
        "decision": "SAFE"
      }
    },
    {
      "type": "Feature",
      "geometry": {
        "type": "Point",
        "coordinates": [
          252.0,
          112.0
        ]
      },
      "properties": {
        "id": "SITE-\u010f",
        "suitability": 90.74997168250371,
        "mean_slope": 1.8420335054397583,
        "max_slope": 2.0347304344177246,
        "mean_hazard": 0.033867236226797104,
        "shadow_percent": 0.0,
        "decision": "SAFE"
      }
    },
    {
      "type": "Feature",
      "geometry": {
        "type": "Point",
        "coordinates": [
          136.0,
          248.0
        ]
      },
      "properties": {
        "id": "SITE-\u0110",
        "suitability": 90.71457723577619,
        "mean_slope": 1.8054405450820923,
        "max_slope": 1.8828949928283691,
        "mean_hazard": 0.034958645701408386,
        "shadow_percent": 0.0,
        "decision": "SAFE"
      }
    },
    {
      "type": "Feature",
      "geometry": {
        "type": "Point",
        "coordinates": [
          28.0,
          396.0
        ]
      },
      "properties": {
        "id": "SITE-\u0111",
        "suitability": 90.69419747532078,
        "mean_slope": 1.7217261791229248,
        "max_slope": 4.116581916809082,
        "mean_hazard": 0.036191001534461975,
        "shadow_percent": 0.0,
        "decision": "SAFE"
      }
    },
    {
      "type": "Feature",
      "geometry": {
        "type": "Point",
        "coordinates": [
          152.0,
          228.0
        ]
      },
      "properties": {
        "id": "SITE-\u0112",
        "suitability": 90.6772887465978,
        "mean_slope": 1.7755242586135864,
        "max_slope": 1.816550374031067,
        "mean_hazard": 0.03532298654317856,
        "shadow_percent": 0.0,
        "decision": "SAFE"
      }
    },
    {
      "type": "Feature",
      "geometry": {
        "type": "Point",
        "coordinates": [
          88.0,
          328.0
        ]
      },
      "properties": {
        "id": "SITE-\u0113",
        "suitability": 90.67449349301789,
        "mean_slope": 1.7900657653808594,
        "max_slope": 2.2161452770233154,
        "mean_hazard": 0.035759344696998596,
        "shadow_percent": 0.0,
        "decision": "SAFE"
      }
    },
    {
      "type": "Feature",
      "geometry": {
        "type": "Point",
        "coordinates": [
          48.0,
          120.0
        ]
      },
      "properties": {
        "id": "SITE-\u0114",
        "suitability": 90.66092439855161,
        "mean_slope": 1.792446255683899,
        "max_slope": 1.9001924991607666,
        "mean_hazard": 0.035700272768735886,
        "shadow_percent": 0.0,
        "decision": "SAFE"
      }
    },
    {
      "type": "Feature",
      "geometry": {
        "type": "Point",
        "coordinates": [
          16.0,
          152.0
        ]
      },
      "properties": {
        "id": "SITE-\u0115",
        "suitability": 90.55437262679999,
        "mean_slope": 1.8190484046936035,
        "max_slope": 1.9239314794540405,
        "mean_hazard": 0.036309614777565,
        "shadow_percent": 0.0,
        "decision": "SAFE"
      }
    },
    {
      "type": "Feature",
      "geometry": {
        "type": "Point",
        "coordinates": [
          84.0,
          288.0
        ]
      },
      "properties": {
        "id": "SITE-\u0116",
        "suitability": 90.51353076914596,
        "mean_slope": 1.8621304035186768,
        "max_slope": 2.0946803092956543,
        "mean_hazard": 0.03528638184070587,
        "shadow_percent": 0.0,
        "decision": "SAFE"
      }
    },
    {
      "type": "Feature",
      "geometry": {
        "type": "Point",
        "coordinates": [
          276.0,
          56.0
        ]
      },
      "properties": {
        "id": "SITE-\u0117",
        "suitability": 90.50703295007582,
        "mean_slope": 1.8489782810211182,
        "max_slope": 2.218106269836426,
        "mean_hazard": 0.035165924578905106,
        "shadow_percent": 0.0,
        "decision": "SAFE"
      }
    },
    {
      "type": "Feature",
      "geometry": {
        "type": "Point",
        "coordinates": [
          140.0,
          236.0
        ]
      },
      "properties": {
        "id": "SITE-\u0118",
        "suitability": 90.48956367917064,
        "mean_slope": 1.875368356704712,
        "max_slope": 1.9267661571502686,
        "mean_hazard": 0.0356484018266201,
        "shadow_percent": 0.0,
        "decision": "SAFE"
      }
    },
    {
      "type": "Feature",
      "geometry": {
        "type": "Point",
        "coordinates": [
          96.0,
          256.0
        ]
      },
      "properties": {
        "id": "SITE-\u0119",
        "suitability": 90.48852274620587,
        "mean_slope": 1.843681812286377,
        "max_slope": 2.008340358734131,
        "mean_hazard": 0.03679698333144188,
        "shadow_percent": 0.0,
        "decision": "SAFE"
      }
    },
    {
      "type": "Feature",
      "geometry": {
        "type": "Point",
        "coordinates": [
          104.0,
          56.0
        ]
      },
      "properties": {
        "id": "SITE-\u011a",
        "suitability": 90.45949150069227,
        "mean_slope": 1.8929989337921143,
        "max_slope": 2.262829303741455,
        "mean_hazard": 0.03563535213470459,
        "shadow_percent": 0.0,
        "decision": "SAFE"
      }
    },
    {
      "type": "Feature",
      "geometry": {
        "type": "Point",
        "coordinates": [
          68.0,
          272.0
        ]
      },
      "properties": {
        "id": "SITE-\u011b",
        "suitability": 90.45487118519301,
        "mean_slope": 1.9175070524215698,
        "max_slope": 2.179056167602539,
        "mean_hazard": 0.03544403985142708,
        "shadow_percent": 0.0,
        "decision": "SAFE"
      }
    },
    {
      "type": "Feature",
      "geometry": {
        "type": "Point",
        "coordinates": [
          88.0,
          40.0
        ]
      },
      "properties": {
        "id": "SITE-\u011c",
        "suitability": 90.42929190400305,
        "mean_slope": 1.8700352907180786,
        "max_slope": 2.2463877201080322,
        "mean_hazard": 0.03620900958776474,
        "shadow_percent": 0.0,
        "decision": "SAFE"
      }
    },
    {
      "type": "Feature",
      "geometry": {
        "type": "Point",
        "coordinates": [
          488.0,
          428.0
        ]
      },
      "properties": {
        "id": "SITE-\u011d",
        "suitability": 90.38050541870165,
        "mean_slope": 1.8661303520202637,
        "max_slope": 2.25666880607605,
        "mean_hazard": 0.03710450977087021,
        "shadow_percent": 0.0,
        "decision": "SAFE"
      }
    },
    {
      "type": "Feature",
      "geometry": {
        "type": "Point",
        "coordinates": [
          152.0,
          76.0
        ]
      },
      "properties": {
        "id": "SITE-\u011e",
        "suitability": 90.3683941720694,
        "mean_slope": 1.9382126331329346,
        "max_slope": 2.214311361312866,
        "mean_hazard": 0.03591837361454964,
        "shadow_percent": 0.0,
        "decision": "SAFE"
      }
    },
    {
      "type": "Feature",
      "geometry": {
        "type": "Point",
        "coordinates": [
          16.0,
          212.0
        ]
      },
      "properties": {
        "id": "SITE-\u011f",
        "suitability": 90.29835626172165,
        "mean_slope": 1.922713041305542,
        "max_slope": 2.171713352203369,
        "mean_hazard": 0.03673281520605087,
        "shadow_percent": 0.0,
        "decision": "SAFE"
      }
    },
    {
      "type": "Feature",
      "geometry": {
        "type": "Point",
        "coordinates": [
          280.0,
          92.0
        ]
      },
      "properties": {
        "id": "SITE-\u0120",
        "suitability": 90.28149329732948,
        "mean_slope": 1.914554238319397,
        "max_slope": 2.045109510421753,
        "mean_hazard": 0.03731252998113632,
        "shadow_percent": 0.0,
        "decision": "SAFE"
      }
    },
    {
      "type": "Feature",
      "geometry": {
        "type": "Point",
        "coordinates": [
          28.0,
          132.0
        ]
      },
      "properties": {
        "id": "SITE-\u0121",
        "suitability": 90.27247002992304,
        "mean_slope": 1.968503475189209,
        "max_slope": 2.1136035919189453,
        "mean_hazard": 0.03612595796585083,
        "shadow_percent": 0.0,
        "decision": "SAFE"
      }
    },
    {
      "type": "Feature",
      "geometry": {
        "type": "Point",
        "coordinates": [
          168.0,
          44.0
        ]
      },
      "properties": {
        "id": "SITE-\u0122",
        "suitability": 90.2567892290853,
        "mean_slope": 1.8918920755386353,
        "max_slope": 2.0703024864196777,
        "mean_hazard": 0.03781973570585251,
        "shadow_percent": 0.0,
        "decision": "SAFE"
      }
    },
    {
      "type": "Feature",
      "geometry": {
        "type": "Point",
        "coordinates": [
          216.0,
          140.0
        ]
      },
      "properties": {
        "id": "SITE-\u0123",
        "suitability": 90.2147144642381,
        "mean_slope": 1.9338018894195557,
        "max_slope": 2.200138807296753,
        "mean_hazard": 0.037399303168058395,
        "shadow_percent": 0.0,
        "decision": "SAFE"
      }
    },
    {
      "type": "Feature",
      "geometry": {
        "type": "Point",
        "coordinates": [
          156.0,
          28.0
        ]
      },
      "properties": {
        "id": "SITE-\u0124",
        "suitability": 90.19176092564491,
        "mean_slope": 1.9806512594223022,
        "max_slope": 2.169269561767578,
        "mean_hazard": 0.03672070428729057,
        "shadow_percent": 0.0,
        "decision": "SAFE"
      }
    },
    {
      "type": "Feature",
      "geometry": {
        "type": "Point",
        "coordinates": [
          248.0,
          172.0
        ]
      },
      "properties": {
        "id": "SITE-\u0125",
        "suitability": 90.18359576264616,
        "mean_slope": 1.8876336812973022,
        "max_slope": 2.1422314643859863,
        "mean_hazard": 0.03830055147409439,
        "shadow_percent": 0.0,
        "decision": "SAFE"
      }
    },
    {
      "type": "Feature",
      "geometry": {
        "type": "Point",
        "coordinates": [
          60.0,
          128.0
        ]
      },
      "properties": {
        "id": "SITE-\u0126",
        "suitability": 90.15395832977816,
        "mean_slope": 1.9137768745422363,
        "max_slope": 1.9814397096633911,
        "mean_hazard": 0.03816201537847519,
        "shadow_percent": 0.0,
        "decision": "SAFE"
      }
    },
    {
      "type": "Feature",
      "geometry": {
        "type": "Point",
        "coordinates": [
          76.0,
          128.0
        ]
      },
      "properties": {
        "id": "SITE-\u0127",
        "suitability": 90.14331371431594,
        "mean_slope": 1.968849539756775,
        "max_slope": 2.2835307121276855,
        "mean_hazard": 0.03696977347135544,
        "shadow_percent": 0.0,
        "decision": "SAFE"
      }
    },
    {
      "type": "Feature",
      "geometry": {
        "type": "Point",
        "coordinates": [
          76.0,
          160.0
        ]
      },
      "properties": {
        "id": "SITE-\u0128",
        "suitability": 90.12428294072461,
        "mean_slope": 1.964785099029541,
        "max_slope": 2.3345682621002197,
        "mean_hazard": 0.037695642560720444,
        "shadow_percent": 0.0,
        "decision": "SAFE"
      }
    },
    {
      "type": "Feature",
      "geometry": {
        "type": "Point",
        "coordinates": [
          44.0,
          192.0
        ]
      },
      "properties": {
        "id": "SITE-\u0129",
        "suitability": 90.11106823602678,
        "mean_slope": 1.9645819664001465,
        "max_slope": 2.3449556827545166,
        "mean_hazard": 0.03796759992837906,
        "shadow_percent": 0.0,
        "decision": "SAFE"
      }
    },
    {
      "type": "Feature",
      "geometry": {
        "type": "Point",
        "coordinates": [
          236.0,
          96.0
        ]
      },
      "properties": {
        "id": "SITE-\u012a",
        "suitability": 90.10815879630452,
        "mean_slope": 1.985586404800415,
        "max_slope": 2.3193862438201904,
        "mean_hazard": 0.0370345376431942,
        "shadow_percent": 0.0,
        "decision": "SAFE"
      }
    },
    {
      "type": "Feature",
      "geometry": {
        "type": "Point",
        "coordinates": [
          352.0,
          12.0
        ]
      },
      "properties": {
        "id": "SITE-\u012b",
        "suitability": 90.09759929951767,
        "mean_slope": 1.915722370147705,
        "max_slope": 2.1409084796905518,
        "mean_hazard": 0.03816261887550354,
        "shadow_percent": 0.0,
        "decision": "SAFE"
      }
    },
    {
      "type": "Feature",
      "geometry": {
        "type": "Point",
        "coordinates": [
          272.0,
          104.0
        ]
      },
      "properties": {
        "id": "SITE-\u012c",
        "suitability": 90.09697432329587,
        "mean_slope": 1.9447299242019653,
        "max_slope": 2.026977777481079,
        "mean_hazard": 0.03849075734615326,
        "shadow_percent": 0.0,
        "decision": "SAFE"
      }
    },
    {
      "type": "Feature",
      "geometry": {
        "type": "Point",
        "coordinates": [
          272.0,
          132.0
        ]
      },
      "properties": {
        "id": "SITE-\u012d",
        "suitability": 90.08771717979454,
        "mean_slope": 1.9969265460968018,
        "max_slope": 2.1688296794891357,
        "mean_hazard": 0.03717993199825287,
        "shadow_percent": 0.0,
        "decision": "SAFE"
      }
    },
    {
      "type": "Feature",
      "geometry": {
        "type": "Point",
        "coordinates": [
          28.0,
          160.0
        ]
      },
      "properties": {
        "id": "SITE-\u012e",
        "suitability": 90.06251677671926,
        "mean_slope": 1.9444928169250488,
        "max_slope": 2.0106709003448486,
        "mean_hazard": 0.038732513785362244,
        "shadow_percent": 0.0,
        "decision": "SAFE"
      }
    },
    {
      "type": "Feature",
      "geometry": {
        "type": "Point",
        "coordinates": [
          204.0,
          160.0
        ]
      },
      "properties": {
        "id": "SITE-\u012f",
        "suitability": 90.03341548544547,
        "mean_slope": 2.021456241607666,
        "max_slope": 2.3513474464416504,
        "mean_hazard": 0.03768407925963402,
        "shadow_percent": 0.0,
        "decision": "SAFE"
      }
    },
    {
      "type": "Feature",
      "geometry": {
        "type": "Point",
        "coordinates": [
          16.0,
          352.0
        ]
      },
      "properties": {
        "id": "SITE-\u0130",
        "suitability": 90.02555631101411,
        "mean_slope": 1.9522993564605713,
        "max_slope": 2.325244188308716,
        "mean_hazard": 0.03878822550177574,
        "shadow_percent": 0.0,
        "decision": "SAFE"
      }
    },
    {
      "type": "Feature",
      "geometry": {
        "type": "Point",
        "coordinates": [
          96.0,
          16.0
        ]
      },
      "properties": {
        "id": "SITE-\u0131",
        "suitability": 90.02532844770239,
        "mean_slope": 2.0201916694641113,
        "max_slope": 2.1966147422790527,
        "mean_hazard": 0.037787631154060364,
        "shadow_percent": 0.0,
        "decision": "SAFE"
      }
    },
    {
      "type": "Feature",
      "geometry": {
        "type": "Point",
        "coordinates": [
          80.0,
          320.0
        ]
      },
      "properties": {
        "id": "SITE-\u0132",
        "suitability": 90.00565815537783,
        "mean_slope": 1.9757943153381348,
        "max_slope": 2.3858542442321777,
        "mean_hazard": 0.038755930960178375,
        "shadow_percent": 0.0,
        "decision": "SAFE"
      }
    },
    {
      "type": "Feature",
      "geometry": {
        "type": "Point",
        "coordinates": [
          124.0,
          80.0
        ]
      },
      "properties": {
        "id": "SITE-\u0133",
        "suitability": 89.93321971596251,
        "mean_slope": 2.000821113586426,
        "max_slope": 2.384106397628784,
        "mean_hazard": 0.03848782181739807,
        "shadow_percent": 0.0,
        "decision": "SAFE"
      }
    },
    {
      "type": "Feature",
      "geometry": {
        "type": "Point",
        "coordinates": [
          60.0,
          176.0
        ]
      },
      "properties": {
        "id": "SITE-\u0134",
        "suitability": 89.932021559047,
        "mean_slope": 2.0126914978027344,
        "max_slope": 2.380457878112793,
        "mean_hazard": 0.0384320393204689,
        "shadow_percent": 0.0,
        "decision": "SAFE"
      }
    },
    {
      "type": "Feature",
      "geometry": {
        "type": "Point",
        "coordinates": [
          128.0,
          16.0
        ]
      },
      "properties": {
        "id": "SITE-\u0135",
        "suitability": 89.84558820685702,
        "mean_slope": 1.9958114624023438,
        "max_slope": 2.073745012283325,
        "mean_hazard": 0.039790138602256775,
        "shadow_percent": 0.0,
        "decision": "SAFE"
      }
    },
    {
      "type": "Feature",
      "geometry": {
        "type": "Point",
        "coordinates": [
          372.0,
          48.0
        ]
      },
      "properties": {
        "id": "SITE-\u0136",
        "suitability": 89.82587131605342,
        "mean_slope": 1.9974535703659058,
        "max_slope": 2.3240671157836914,
        "mean_hazard": 0.03945062309503555,
        "shadow_percent": 0.0,
        "decision": "SAFE"
      }
    },
    {
      "type": "Feature",
      "geometry": {
        "type": "Point",
        "coordinates": [
          20.0,
          184.0
        ]
      },
      "properties": {
        "id": "SITE-\u0137",
        "suitability": 89.8090388542915,
        "mean_slope": 2.0677831172943115,
        "max_slope": 2.228421211242676,
        "mean_hazard": 0.03868774324655533,
        "shadow_percent": 0.0,
        "decision": "SAFE"
      }
    },
    {
      "type": "Feature",
      "geometry": {
        "type": "Point",
        "coordinates": [
          12.0,
          200.0
        ]
      },
      "properties": {
        "id": "SITE-\u0138",
        "suitability": 89.79865518335681,
        "mean_slope": 2.021364688873291,
        "max_slope": 2.145534038543701,
        "mean_hazard": 0.03972494974732399,
        "shadow_percent": 0.0,
        "decision": "SAFE"
      }
    },
    {
      "type": "Feature",
      "geometry": {
        "type": "Point",
        "coordinates": [
          220.0,
          160.0
        ]
      },
      "properties": {
        "id": "SITE-\u0139",
        "suitability": 89.76759696569198,
        "mean_slope": 2.0050277709960938,
        "max_slope": 2.1007328033447266,
        "mean_hazard": 0.03985920175909996,
        "shadow_percent": 0.0,
        "decision": "SAFE"
      }
    },
    {
      "type": "Feature",
      "geometry": {
        "type": "Point",
        "coordinates": [
          160.0,
          220.0
        ]
      },
      "properties": {
        "id": "SITE-\u013a",
        "suitability": 89.74859560811842,
        "mean_slope": 2.068230390548706,
        "max_slope": 2.2692041397094727,
        "mean_hazard": 0.03958755359053612,
        "shadow_percent": 0.0,
        "decision": "SAFE"
      }
    },
    {
      "type": "Feature",
      "geometry": {
        "type": "Point",
        "coordinates": [
          272.0,
          116.0
        ]
      },
      "properties": {
        "id": "SITE-\u013b",
        "suitability": 89.74544922485302,
        "mean_slope": 2.0241763591766357,
        "max_slope": 2.0694894790649414,
        "mean_hazard": 0.040357284247875214,
        "shadow_percent": 0.0,
        "decision": "SAFE"
      }
    },
    {
      "type": "Feature",
      "geometry": {
        "type": "Point",
        "coordinates": [
          4.0,
          160.0
        ]
      },
      "properties": {
        "id": "SITE-\u013c",
        "suitability": 89.6917965937731,
        "mean_slope": 2.1114156246185303,
        "max_slope": 2.2482359409332275,
        "mean_hazard": 0.039225660264492035,
        "shadow_percent": 0.0,
        "decision": "SAFE"
      }
    },
    {
      "type": "Feature",
      "geometry": {
        "type": "Point",
        "coordinates": [
          128.0,
          48.0
        ]
      },
      "properties": {
        "id": "SITE-\u013d",
        "suitability": 89.68755215977394,
        "mean_slope": 2.116863250732422,
        "max_slope": 2.288429021835327,
        "mean_hazard": 0.0388181209564209,
        "shadow_percent": 0.0,
        "decision": "SAFE"
      }
    },
    {
      "type": "Feature",
      "geometry": {
        "type": "Point",
        "coordinates": [
          40.0,
          128.0
        ]
      },
      "properties": {
        "id": "SITE-\u013e",
        "suitability": 89.6731691234522,
        "mean_slope": 2.0920896530151367,
        "max_slope": 2.1929523944854736,
        "mean_hazard": 0.03986363857984543,
        "shadow_percent": 0.0,
        "decision": "SAFE"
      }
    },
    {
      "type": "Feature",
      "geometry": {
        "type": "Point",
        "coordinates": [
          4.0,
          232.0
        ]
      },
      "properties": {
        "id": "SITE-\u013f",
        "suitability": 89.65439055400184,
        "mean_slope": 2.0801196098327637,
        "max_slope": 2.4560163021087646,
        "mean_hazard": 0.04005323350429535,
        "shadow_percent": 0.0,
        "decision": "SAFE"
      }
    },
    {
      "type": "Feature",
      "geometry": {
        "type": "Point",
        "coordinates": [
          120.0,
          24.0
        ]
      },
      "properties": {
        "id": "SITE-\u0140",
        "suitability": 89.65321220076004,
        "mean_slope": 2.04062557220459,
        "max_slope": 2.1010780334472656,
        "mean_hazard": 0.040708836168050766,
        "shadow_percent": 0.0,
        "decision": "SAFE"
      }
    },
    {
      "type": "Feature",
      "geometry": {
        "type": "Point",
        "coordinates": [
          76.0,
          24.0
        ]
      },
      "properties": {
        "id": "SITE-\u0141",
        "suitability": 89.62854995868773,
        "mean_slope": 2.1274454593658447,
        "max_slope": 2.412748336791992,
        "mean_hazard": 0.03934920206665993,
        "shadow_percent": 0.0,
        "decision": "SAFE"
      }
    },
    {
      "type": "Feature",
      "geometry": {
        "type": "Point",
        "coordinates": [
          292.0,
          88.0
        ]
      },
      "properties": {
        "id": "SITE-\u0142",
        "suitability": 89.61103172163092,
        "mean_slope": 2.039898633956909,
        "max_slope": 2.0848007202148438,
        "mean_hazard": 0.04068651795387268,
        "shadow_percent": 0.0,
        "decision": "SAFE"
      }
    },
    {
      "type": "Feature",
      "geometry": {
        "type": "Point",
        "coordinates": [
          20.0,
          168.0
        ]
      },
      "properties": {
        "id": "SITE-\u0143",
        "suitability": 89.58165330777632,
        "mean_slope": 2.097151041030884,
        "max_slope": 2.205568790435791,
        "mean_hazard": 0.04074842110276222,
        "shadow_percent": 0.0,
        "decision": "SAFE"
      }
    },
    {
      "type": "Feature",
      "geometry": {
        "type": "Point",
        "coordinates": [
          64.0,
          16.0
        ]
      },
      "properties": {
        "id": "SITE-\u0144",
        "suitability": 89.55470611213872,
        "mean_slope": 2.096336603164673,
        "max_slope": 2.47121000289917,
        "mean_hazard": 0.04056756943464279,
        "shadow_percent": 0.0,
        "decision": "SAFE"
      }
    },
    {
      "type": "Feature",
      "geometry": {
        "type": "Point",
        "coordinates": [
          224.0,
          180.0
        ]
      },
      "properties": {
        "id": "SITE-\u0145",
        "suitability": 89.54998693421496,
        "mean_slope": 2.1538867950439453,
        "max_slope": 2.4713687896728516,
        "mean_hazard": 0.03970636427402496,
        "shadow_percent": 0.0,
        "decision": "SAFE"
      }
    },
    {
      "type": "Feature",
      "geometry": {
        "type": "Point",
        "coordinates": [
          464.0,
          436.0
        ]
      },
      "properties": {
        "id": "SITE-\u0146",
        "suitability": 89.53394776346428,
        "mean_slope": 2.123375177383423,
        "max_slope": 2.430511236190796,
        "mean_hazard": 0.040113601833581924,
        "shadow_percent": 0.0,
        "decision": "SAFE"
      }
    },
    {
      "type": "Feature",
      "geometry": {
        "type": "Point",
        "coordinates": [
          56.0,
          112.0
        ]
      },
      "properties": {
        "id": "SITE-\u0147",
        "suitability": 89.47970158910864,
        "mean_slope": 2.1515886783599854,
        "max_slope": 2.383063316345215,
        "mean_hazard": 0.040414806455373764,
        "shadow_percent": 0.0,
        "decision": "SAFE"
      }
    },
    {
      "type": "Feature",
      "geometry": {
        "type": "Point",
        "coordinates": [
          52.0,
          288.0
        ]
      },
      "properties": {
        "id": "SITE-\u0148",
        "suitability": 89.47442159181557,
        "mean_slope": 2.1649460792541504,
        "max_slope": 2.5167906284332275,
        "mean_hazard": 0.04022376239299774,
        "shadow_percent": 0.0,
        "decision": "SAFE"
      }
    },
    {
      "type": "Feature",
      "geometry": {
        "type": "Point",
        "coordinates": [
          52.0,
          136.0
        ]
      },
      "properties": {
        "id": "SITE-\u0149",
        "suitability": 89.43219612898471,
        "mean_slope": 2.125945806503296,
        "max_slope": 2.2086856365203857,
        "mean_hazard": 0.04105757549405098,
        "shadow_percent": 0.0,
        "decision": "SAFE"
      }
    },
    {
      "type": "Feature",
      "geometry": {
        "type": "Point",
        "coordinates": [
          116.0,
          68.0
        ]
      },
      "properties": {
        "id": "SITE-\u014a",
        "suitability": 89.42452664194342,
        "mean_slope": 2.175076961517334,
        "max_slope": 2.4936363697052,
        "mean_hazard": 0.04017793759703636,
        "shadow_percent": 0.0,
        "decision": "SAFE"
      }
    },
    {
      "type": "Feature",
      "geometry": {
        "type": "Point",
        "coordinates": [
          68.0,
          168.0
        ]
      },
      "properties": {
        "id": "SITE-\u014b",
        "suitability": 89.35933460826402,
        "mean_slope": 2.1735188961029053,
        "max_slope": 2.509913682937622,
        "mean_hazard": 0.040583446621894836,
        "shadow_percent": 0.0,
        "decision": "SAFE"
      }
    },
    {
      "type": "Feature",
      "geometry": {
        "type": "Point",
        "coordinates": [
          304.0,
          88.0
        ]
      },
      "properties": {
        "id": "SITE-\u014c",
        "suitability": 89.32745067991736,
        "mean_slope": 2.1300642490386963,
        "max_slope": 2.251539468765259,
        "mean_hazard": 0.04195854067802429,
        "shadow_percent": 0.0,
        "decision": "SAFE"
      }
    },
    {
      "type": "Feature",
      "geometry": {
        "type": "Point",
        "coordinates": [
          28.0,
          144.0
        ]
      },
      "properties": {
        "id": "SITE-\u014d",
        "suitability": 89.3180229556217,
        "mean_slope": 2.1696841716766357,
        "max_slope": 2.247873306274414,
        "mean_hazard": 0.04162830486893654,
        "shadow_percent": 0.0,
        "decision": "SAFE"
      }
    },
    {
      "type": "Feature",
      "geometry": {
        "type": "Point",
        "coordinates": [
          104.0,
          264.0
        ]
      },
      "properties": {
        "id": "SITE-\u014e",
        "suitability": 89.30343552089666,
        "mean_slope": 2.176743984222412,
        "max_slope": 2.3350346088409424,
        "mean_hazard": 0.041740063577890396,
        "shadow_percent": 0.0,
        "decision": "SAFE"
      }
    },
    {
      "type": "Feature",
      "geometry": {
        "type": "Point",
        "coordinates": [
          100.0,
          300.0
        ]
      },
      "properties": {
        "id": "SITE-\u014f",
        "suitability": 89.30279614107155,
        "mean_slope": 2.1660408973693848,
        "max_slope": 2.379321336746216,
        "mean_hazard": 0.04199903830885887,
        "shadow_percent": 0.0,
        "decision": "SAFE"
      }
    },
    {
      "type": "Feature",
      "geometry": {
        "type": "Point",
        "coordinates": [
          284.0,
          104.0
        ]
      },
      "properties": {
        "id": "SITE-\u0150",
        "suitability": 89.29000982266213,
        "mean_slope": 2.154510736465454,
        "max_slope": 2.1697638034820557,
        "mean_hazard": 0.042209163308143616,
        "shadow_percent": 0.0,
        "decision": "SAFE"
      }
    },
    {
      "type": "Feature",
      "geometry": {
        "type": "Point",
        "coordinates": [
          36.0,
          152.0
        ]
      },
      "properties": {
        "id": "SITE-\u0151",
        "suitability": 89.28202056841498,
        "mean_slope": 2.181704044342041,
        "max_slope": 2.256195068359375,
        "mean_hazard": 0.041870035231113434,
        "shadow_percent": 0.0,
        "decision": "SAFE"
      }
    },
    {
      "type": "Feature",
      "geometry": {
        "type": "Point",
        "coordinates": [
          492.0,
          456.0
        ]
      },
      "properties": {
        "id": "SITE-\u0152",
        "suitability": 89.16815283972242,
        "mean_slope": 2.185842275619507,
        "max_slope": 2.378203868865967,
        "mean_hazard": 0.04246806725859642,
        "shadow_percent": 0.0,
        "decision": "SAFE"
      }
    },
    {
      "type": "Feature",
      "geometry": {
        "type": "Point",
        "coordinates": [
          112.0,
          16.0
        ]
      },
      "properties": {
        "id": "SITE-\u0153",
        "suitability": 89.16167298834742,
        "mean_slope": 2.2165045738220215,
        "max_slope": 2.3156838417053223,
        "mean_hazard": 0.0424170047044754,
        "shadow_percent": 0.0,
        "decision": "SAFE"
      }
    },
    {
      "type": "Feature",
      "geometry": {
        "type": "Point",
        "coordinates": [
          480.0,
          420.0
        ]
      },
      "properties": {
        "id": "SITE-\u0154",
        "suitability": 89.158217626734,
        "mean_slope": 2.224350929260254,
        "max_slope": 2.580482244491577,
        "mean_hazard": 0.04211858659982681,
        "shadow_percent": 0.0,
        "decision": "SAFE"
      }
    },
    {
      "type": "Feature",
      "geometry": {
        "type": "Point",
        "coordinates": [
          372.0,
          32.0
        ]
      },
      "properties": {
        "id": "SITE-\u0155",
        "suitability": 89.11289028083547,
        "mean_slope": 2.1719915866851807,
        "max_slope": 2.3337626457214355,
        "mean_hazard": 0.04332304373383522,
        "shadow_percent": 0.0,
        "decision": "SAFE"
      }
    },
    {
      "type": "Feature",
      "geometry": {
        "type": "Point",
        "coordinates": [
          480.0,
          452.0
        ]
      },
      "properties": {
        "id": "SITE-\u0156",
        "suitability": 89.05828308245808,
        "mean_slope": 2.2729651927948,
        "max_slope": 2.5685927867889404,
        "mean_hazard": 0.04213375598192215,
        "shadow_percent": 0.0,
        "decision": "SAFE"
      }
    },
    {
      "type": "Feature",
      "geometry": {
        "type": "Point",
        "coordinates": [
          424.0,
          472.0
        ]
      },
      "properties": {
        "id": "SITE-\u0157",
        "suitability": 89.01982408470106,
        "mean_slope": 2.291616201400757,
        "max_slope": 2.592966318130493,
        "mean_hazard": 0.04224739968776703,
        "shadow_percent": 0.0,
        "decision": "SAFE"
      }
    },
    {
      "type": "Feature",
      "geometry": {
        "type": "Point",
        "coordinates": [
          40.0,
          372.0
        ]
      },
      "properties": {
        "id": "SITE-\u0158",
        "suitability": 88.99696893736596,
        "mean_slope": 2.2175886631011963,
        "max_slope": 2.576443910598755,
        "mean_hazard": 0.044210098683834076,
        "shadow_percent": 0.0,
        "decision": "SAFE"
      }
    },
    {
      "type": "Feature",
      "geometry": {
        "type": "Point",
        "coordinates": [
          24.0,
          204.0
        ]
      },
      "properties": {
        "id": "SITE-\u0159",
        "suitability": 88.97448848007144,
        "mean_slope": 2.2462453842163086,
        "max_slope": 2.4547250270843506,
        "mean_hazard": 0.04344343766570091,
        "shadow_percent": 0.0,
        "decision": "SAFE"
      }
    },
    {
      "type": "Feature",
      "geometry": {
        "type": "Point",
        "coordinates": [
          388.0,
          32.0
        ]
      },
      "properties": {
        "id": "SITE-\u015a",
        "suitability": 88.96868151895019,
        "mean_slope": 2.225665330886841,
        "max_slope": 2.4849236011505127,
        "mean_hazard": 0.04339468479156494,
        "shadow_percent": 0.0,
        "decision": "SAFE"
      }
    },
    {
      "type": "Feature",
      "geometry": {
        "type": "Point",
        "coordinates": [
          16.0,
          64.0
        ]
      },
      "properties": {
        "id": "SITE-\u015b",
        "suitability": 88.91911315254531,
        "mean_slope": 2.2490234375,
        "max_slope": 2.6444735527038574,
        "mean_hazard": 0.0443454347550869,
        "shadow_percent": 0.0,
        "decision": "SAFE"
      }
    },
    {
      "type": "Feature",
      "geometry": {
        "type": "Point",
        "coordinates": [
          88.0,
          248.0
        ]
      },
      "properties": {
        "id": "SITE-\u015c",
        "suitability": 88.9055907764465,
        "mean_slope": 2.304198741912842,
        "max_slope": 2.556709051132202,
        "mean_hazard": 0.04288870468735695,
        "shadow_percent": 0.0,
        "decision": "SAFE"
      }
    },
    {
      "type": "Feature",
      "geometry": {
        "type": "Point",
        "coordinates": [
          436.0,
          476.0
        ]
      },
      "properties": {
        "id": "SITE-\u015d",
        "suitability": 88.89904067302305,
        "mean_slope": 2.2180464267730713,
        "max_slope": 2.486790657043457,
        "mean_hazard": 0.044296856969594955,
        "shadow_percent": 0.0,
        "decision": "SAFE"
      }
    },
    {
      "type": "Feature",
      "geometry": {
        "type": "Point",
        "coordinates": [
          340.0,
          16.0
        ]
      },
      "properties": {
        "id": "SITE-\u015e",
        "suitability": 88.87895437178321,
        "mean_slope": 2.2981150150299072,
        "max_slope": 2.652493953704834,
        "mean_hazard": 0.04350602626800537,
        "shadow_percent": 0.0,
        "decision": "SAFE"
      }
    },
    {
      "type": "Feature",
      "geometry": {
        "type": "Point",
        "coordinates": [
          92.0,
          144.0
        ]
      },
      "properties": {
        "id": "SITE-\u015f",
        "suitability": 88.86591657718098,
        "mean_slope": 2.318225622177124,
        "max_slope": 2.620432138442993,
        "mean_hazard": 0.04337429627776146,
        "shadow_percent": 0.0,
        "decision": "SAFE"
      }
    },
    {
      "type": "Feature",
      "geometry": {
        "type": "Point",
        "coordinates": [
          240.0,
          164.0
        ]
      },
      "properties": {
        "id": "SITE-\u0160",
        "suitability": 88.80945118931051,
        "mean_slope": 2.348188638687134,
        "max_slope": 2.5623207092285156,
        "mean_hazard": 0.04312898591160774,
        "shadow_percent": 0.0,
        "decision": "SAFE"
      }
    },
    {
      "type": "Feature",
      "geometry": {
        "type": "Point",
        "coordinates": [
          128.0,
          32.0
        ]
      },
      "properties": {
        "id": "SITE-\u0161",
        "suitability": 88.76151928457969,
        "mean_slope": 2.2906415462493896,
        "max_slope": 2.397083044052124,
        "mean_hazard": 0.04461944103240967,
        "shadow_percent": 0.0,
        "decision": "SAFE"
      }
    },
    {
      "type": "Feature",
      "geometry": {
        "type": "Point",
        "coordinates": [
          80.0,
          268.0
        ]
      },
      "properties": {
        "id": "SITE-\u0162",
        "suitability": 88.7536383060042,
        "mean_slope": 2.2789061069488525,
        "max_slope": 2.362924575805664,
        "mean_hazard": 0.045178934931755066,
        "shadow_percent": 0.0,
        "decision": "SAFE"
      }
    },
    {
      "type": "Feature",
      "geometry": {
        "type": "Point",
        "coordinates": [
          260.0,
          120.0
        ]
      },
      "properties": {
        "id": "SITE-\u0163",
        "suitability": 88.75331431688925,
        "mean_slope": 2.3326056003570557,
        "max_slope": 2.489950180053711,
        "mean_hazard": 0.044190920889377594,
        "shadow_percent": 0.0,
        "decision": "SAFE"
      }
    },
    {
      "type": "Feature",
      "geometry": {
        "type": "Point",
        "coordinates": [
          108.0,
          220.0
        ]
      },
      "properties": {
        "id": "SITE-\u0164",
        "suitability": 88.73737208906111,
        "mean_slope": 2.304710626602173,
        "max_slope": 2.6728885173797607,
        "mean_hazard": 0.04470160976052284,
        "shadow_percent": 0.0,
        "decision": "SAFE"
      }
    },
    {
      "type": "Feature",
      "geometry": {
        "type": "Point",
        "coordinates": [
          44.0,
          144.0
        ]
      },
      "properties": {
        "id": "SITE-\u0165",
        "suitability": 88.72452909242423,
        "mean_slope": 2.3287100791931152,
        "max_slope": 2.384037494659424,
        "mean_hazard": 0.04382164031267166,
        "shadow_percent": 0.0,
        "decision": "SAFE"
      }
    },
    {
      "type": "Feature",
      "geometry": {
        "type": "Point",
        "coordinates": [
          152.0,
          60.0
        ]
      },
      "properties": {
        "id": "SITE-\u0166",
        "suitability": 88.67538663243896,
        "mean_slope": 2.289060592651367,
        "max_slope": 2.398287057876587,
        "mean_hazard": 0.04563009366393089,
        "shadow_percent": 0.0,
        "decision": "SAFE"
      }
    },
    {
      "type": "Feature",
      "geometry": {
        "type": "Point",
        "coordinates": [
          144.0,
          28.0
        ]
      },
      "properties": {
        "id": "SITE-\u0167",
        "suitability": 88.59220903590037,
        "mean_slope": 2.350595235824585,
        "max_slope": 2.469557762145996,
        "mean_hazard": 0.04478278011083603,
        "shadow_percent": 0.0,
        "decision": "SAFE"
      }
    },
    {
      "type": "Feature",
      "geometry": {
        "type": "Point",
        "coordinates": [
          116.0,
          4.0
        ]
      },
      "properties": {
        "id": "SITE-\u0168",
        "suitability": 88.51505584676728,
        "mean_slope": 2.4034016132354736,
        "max_slope": 2.4863624572753906,
        "mean_hazard": 0.044378846883773804,
        "shadow_percent": 0.0,
        "decision": "SAFE"
      }
    },
    {
      "type": "Feature",
      "geometry": {
        "type": "Point",
        "coordinates": [
          28.0,
          360.0
        ]
      },
      "properties": {
        "id": "SITE-\u0169",
        "suitability": 88.47607877549976,
        "mean_slope": 2.3523952960968018,
        "max_slope": 2.7178027629852295,
        "mean_hazard": 0.04634454846382141,
        "shadow_percent": 0.0,
        "decision": "SAFE"
      }
    },
    {
      "type": "Feature",
      "geometry": {
        "type": "Point",
        "coordinates": [
          156.0,
          40.0
        ]
      },
      "properties": {
        "id": "SITE-\u016a",
        "suitability": 88.46533672480672,
        "mean_slope": 2.3733015060424805,
        "max_slope": 2.491424798965454,
        "mean_hazard": 0.04592229425907135,
        "shadow_percent": 0.0,
        "decision": "SAFE"
      }
    },
    {
      "type": "Feature",
      "geometry": {
        "type": "Point",
        "coordinates": [
          272.0,
          148.0
        ]
      },
      "properties": {
        "id": "SITE-\u016b",
        "suitability": 88.4587657090575,
        "mean_slope": 2.318474769592285,
        "max_slope": 2.4939217567443848,
        "mean_hazard": 0.046639736741781235,
        "shadow_percent": 0.0,
        "decision": "SAFE"
      }
    },
    {
      "type": "Feature",
      "geometry": {
        "type": "Point",
        "coordinates": [
          124.0,
          288.0
        ]
      },
      "properties": {
        "id": "SITE-\u016c",
        "suitability": 88.38439929092256,
        "mean_slope": 2.369948625564575,
        "max_slope": 2.514352321624756,
        "mean_hazard": 0.04695214703679085,
        "shadow_percent": 0.0,
        "decision": "SAFE"
      }
    },
    {
      "type": "Feature",
      "geometry": {
        "type": "Point",
        "coordinates": [
          96.0,
          4.0
        ]
      },
      "properties": {
        "id": "SITE-\u016d",
        "suitability": 88.38008399778538,
        "mean_slope": 2.474191665649414,
        "max_slope": 2.56103253364563,
        "mean_hazard": 0.044961538165807724,
        "shadow_percent": 0.0,
        "decision": "SAFE"
      }
    },
    {
      "type": "Feature",
      "geometry": {
        "type": "Point",
        "coordinates": [
          36.0,
          200.0
        ]
      },
      "properties": {
        "id": "SITE-\u016e",
        "suitability": 88.37767434373909,
        "mean_slope": 2.465245246887207,
        "max_slope": 2.7847611904144287,
        "mean_hazard": 0.045324068516492844,
        "shadow_percent": 0.0,
        "decision": "SAFE"
      }
    },
    {
      "type": "Feature",
      "geometry": {
        "type": "Point",
        "coordinates": [
          176.0,
          52.0
        ]
      },
      "properties": {
        "id": "SITE-\u016f",
        "suitability": 88.37541903405251,
        "mean_slope": 2.425891637802124,
        "max_slope": 2.6886074542999268,
        "mean_hazard": 0.04541163146495819,
        "shadow_percent": 0.0,
        "decision": "SAFE"
      }
    },
    {
      "type": "Feature",
      "geometry": {
        "type": "Point",
        "coordinates": [
          112.0,
          272.0
        ]
      },
      "properties": {
        "id": "SITE-\u0170",
        "suitability": 88.36835610283552,
        "mean_slope": 2.4389352798461914,
        "max_slope": 2.5770480632781982,
        "mean_hazard": 0.045743875205516815,
        "shadow_percent": 0.0,
        "decision": "SAFE"
      }
    },
    {
      "type": "Feature",
      "geometry": {
        "type": "Point",
        "coordinates": [
          68.0,
          120.0
        ]
      },
      "properties": {
        "id": "SITE-\u0171",
        "suitability": 88.31994262627185,
        "mean_slope": 2.4636101722717285,
        "max_slope": 2.7255868911743164,
        "mean_hazard": 0.045557837933301926,
        "shadow_percent": 0.0,
        "decision": "SAFE"
      }
    },
    {
      "type": "Feature",
      "geometry": {
        "type": "Point",
        "coordinates": [
          224.0,
          148.0
        ]
      },
      "properties": {
        "id": "SITE-\u0172",
        "suitability": 88.31405580456804,
        "mean_slope": 2.4870128631591797,
        "max_slope": 2.6936585903167725,
        "mean_hazard": 0.04563184827566147,
        "shadow_percent": 0.0,
        "decision": "SAFE"
      }
    },
    {
      "type": "Feature",
      "geometry": {
        "type": "Point",
        "coordinates": [
          212.0,
          168.0
        ]
      },
      "properties": {
        "id": "SITE-\u0173",
        "suitability": 88.28779608741475,
        "mean_slope": 2.467329502105713,
        "max_slope": 2.74680233001709,
        "mean_hazard": 0.04609832167625427,
        "shadow_percent": 0.0,
        "decision": "SAFE"
      }
    },
    {
      "type": "Feature",
      "geometry": {
        "type": "Point",
        "coordinates": [
          88.0,
          276.0
        ]
      },
      "properties": {
        "id": "SITE-\u0174",
        "suitability": 88.24968675195473,
        "mean_slope": 2.407310724258423,
        "max_slope": 2.5019450187683105,
        "mean_hazard": 0.04736198112368584,
        "shadow_percent": 0.0,
        "decision": "SAFE"
      }
    },
    {
      "type": "Feature",
      "geometry": {
        "type": "Point",
        "coordinates": [
          16.0,
          224.0
        ]
      },
      "properties": {
        "id": "SITE-\u0175",
        "suitability": 88.16697932531198,
        "mean_slope": 2.432511806488037,
        "max_slope": 2.8350045680999756,
        "mean_hazard": 0.04744087532162666,
        "shadow_percent": 0.0,
        "decision": "SAFE"
      }
    },
    {
      "type": "Feature",
      "geometry": {
        "type": "Point",
        "coordinates": [
          160.0,
          52.0
        ]
      },
      "properties": {
        "id": "SITE-\u0176",
        "suitability": 88.12921796058775,
        "mean_slope": 2.420022487640381,
        "max_slope": 2.4611570835113525,
        "mean_hazard": 0.048272524029016495,
        "shadow_percent": 0.0,
        "decision": "SAFE"
      }
    },
    {
      "type": "Feature",
      "geometry": {
        "type": "Point",
        "coordinates": [
          4.0,
          192.0
        ]
      },
      "properties": {
        "id": "SITE-\u0177",
        "suitability": 88.09339847445358,
        "mean_slope": 2.531745672225952,
        "max_slope": 2.6439852714538574,
        "mean_hazard": 0.04657168686389923,
        "shadow_percent": 0.0,
        "decision": "SAFE"
      }
    },
    {
      "type": "Feature",
      "geometry": {
        "type": "Point",
        "coordinates": [
          360.0,
          4.0
        ]
      },
      "properties": {
        "id": "SITE-\u0178",
        "suitability": 88.09018841315623,
        "mean_slope": 2.4652328491210938,
        "max_slope": 2.6920998096466064,
        "mean_hazard": 0.04610466957092285,
        "shadow_percent": 0.0,
        "decision": "SAFE"
      }
    },
    {
      "type": "Feature",
      "geometry": {
        "type": "Point",
        "coordinates": [
          28.0,
          76.0
        ]
      },
      "properties": {
        "id": "SITE-\u0179",
        "suitability": 88.08279517123816,
        "mean_slope": 2.495568037033081,
        "max_slope": 2.838789224624634,
        "mean_hazard": 0.04743582755327225,
        "shadow_percent": 0.0,
        "decision": "SAFE"
      }
    },
    {
      "type": "Feature",
      "geometry": {
        "type": "Point",
        "coordinates": [
          144.0,
          52.0
        ]
      },
      "properties": {
        "id": "SITE-\u017a",
        "suitability": 88.07677973099157,
        "mean_slope": 2.479659080505371,
        "max_slope": 2.56986141204834,
        "mean_hazard": 0.04768747463822365,
        "shadow_percent": 0.0,
        "decision": "SAFE"
      }
    },
    {
      "type": "Feature",
      "geometry": {
        "type": "Point",
        "coordinates": [
          12.0,
          176.0
        ]
      },
      "properties": {
        "id": "SITE-\u017b",
        "suitability": 88.06836177036372,
        "mean_slope": 2.549342393875122,
        "max_slope": 2.6492857933044434,
        "mean_hazard": 0.046782609075307846,
        "shadow_percent": 0.0,
        "decision": "SAFE"
      }
    },
    {
      "type": "Feature",
      "geometry": {
        "type": "Point",
        "coordinates": [
          292.0,
          56.0
        ]
      },
      "properties": {
        "id": "SITE-\u017c",
        "suitability": 88.06397025114256,
        "mean_slope": 2.445143222808838,
        "max_slope": 2.7940831184387207,
        "mean_hazard": 0.04882167652249336,
        "shadow_percent": 0.0,
        "decision": "SAFE"
      }
    },
    {
      "type": "Feature",
      "geometry": {
        "type": "Point",
        "coordinates": [
          112.0,
          304.0
        ]
      },
      "properties": {
        "id": "SITE-\u017d",
        "suitability": 87.99904256597574,
        "mean_slope": 2.4532082080841064,
        "max_slope": 2.5815529823303223,
        "mean_hazard": 0.048967327922582626,
        "shadow_percent": 0.0,
        "decision": "SAFE"
      }
    },
    {
      "type": "Feature",
      "geometry": {
        "type": "Point",
        "coordinates": [
          140.0,
          96.0
        ]
      },
      "properties": {
        "id": "SITE-\u017e",
        "suitability": 87.95116159941165,
        "mean_slope": 2.547166347503662,
        "max_slope": 2.85152530670166,
        "mean_hazard": 0.04714256897568703,
        "shadow_percent": 0.0,
        "decision": "SAFE"
      }
    },
    {
      "type": "Feature",
      "geometry": {
        "type": "Point",
        "coordinates": [
          216.0,
          128.0
        ]
      },
      "properties": {
        "id": "SITE-\u017f",
        "suitability": 87.91602455100296,
        "mean_slope": 2.4815151691436768,
        "max_slope": 2.630934000015259,
        "mean_hazard": 0.04947732761502266,
        "shadow_percent": 0.0,
        "decision": "SAFE"
      }
    },
    {
      "type": "Feature",
      "geometry": {
        "type": "Point",
        "coordinates": [
          256.0,
          68.0
        ]
      },
      "properties": {
        "id": "SITE-\u0180",
        "suitability": 87.82046517776133,
        "mean_slope": 2.500070333480835,
        "max_slope": 2.9028477668762207,
        "mean_hazard": 0.04938039928674698,
        "shadow_percent": 0.0,
        "decision": "SAFE"
      }
    },
    {
      "type": "Feature",
      "geometry": {
        "type": "Point",
        "coordinates": [
          444.0,
          484.0
        ]
      },
      "properties": {
        "id": "SITE-\u0181",
        "suitability": 87.81438284922378,
        "mean_slope": 2.561513662338257,
        "max_slope": 2.807633876800537,
        "mean_hazard": 0.04892071336507797,
        "shadow_percent": 0.0,
        "decision": "SAFE"
      }
    },
    {
      "type": "Feature",
      "geometry": {
        "type": "Point",
        "coordinates": [
          64.0,
          308.0
        ]
      },
      "properties": {
        "id": "SITE-\u0182",
        "suitability": 87.75951673573465,
        "mean_slope": 2.5441229343414307,
        "max_slope": 2.9409966468811035,
        "mean_hazard": 0.04997875541448593,
        "shadow_percent": 0.0,
        "decision": "SAFE"
      }
    },
    {
      "type": "Feature",
      "geometry": {
        "type": "Point",
        "coordinates": [
          396.0,
          492.0
        ]
      },
      "properties": {
        "id": "SITE-\u0183",
        "suitability": 87.72558303370421,
        "mean_slope": 2.5380682945251465,
        "max_slope": 2.9144086837768555,
        "mean_hazard": 0.05018900707364082,
        "shadow_percent": 0.0,
        "decision": "SAFE"
      }
    },
    {
      "type": "Feature",
      "geometry": {
        "type": "Point",
        "coordinates": [
          96.0,
          288.0
        ]
      },
      "properties": {
        "id": "SITE-\u0184",
        "suitability": 87.69088198282407,
        "mean_slope": 2.5929174423217773,
        "max_slope": 2.725304126739502,
        "mean_hazard": 0.049672264605760574,
        "shadow_percent": 0.0,
        "decision": "SAFE"
      }
    },
    {
      "type": "Feature",
      "geometry": {
        "type": "Point",
        "coordinates": [
          136.0,
          40.0
        ]
      },
      "properties": {
        "id": "SITE-\u0185",
        "suitability": 87.64938740672167,
        "mean_slope": 2.602048873901367,
        "max_slope": 2.658019781112671,
        "mean_hazard": 0.049359917640686035,
        "shadow_percent": 0.0,
        "decision": "SAFE"
      }
    },
    {
      "type": "Feature",
      "geometry": {
        "type": "Point",
        "coordinates": [
          244.0,
          120.0
        ]
      },
      "properties": {
        "id": "SITE-\u0186",
        "suitability": 87.63616333724245,
        "mean_slope": 2.5994672775268555,
        "max_slope": 2.759260416030884,
        "mean_hazard": 0.04937520995736122,
        "shadow_percent": 0.0,
        "decision": "SAFE"
      }
    },
    {
      "type": "Feature",
      "geometry": {
        "type": "Point",
        "coordinates": [
          232.0,
          156.0
        ]
      },
      "properties": {
        "id": "SITE-\u0187",
        "suitability": 87.63516245521225,
        "mean_slope": 2.6615121364593506,
        "max_slope": 2.861027479171753,
        "mean_hazard": 0.04883392155170441,
        "shadow_percent": 0.0,
        "decision": "SAFE"
      }
    },
    {
      "type": "Feature",
      "geometry": {
        "type": "Point",
        "coordinates": [
          232.0,
          116.0
        ]
      },
      "properties": {
        "id": "SITE-\u0188",
        "suitability": 87.61505810079078,
        "mean_slope": 2.562046766281128,
        "max_slope": 2.6814138889312744,
        "mean_hazard": 0.05113029107451439,
        "shadow_percent": 0.0,
        "decision": "SAFE"
      }
    },
    {
      "type": "Feature",
      "geometry": {
        "type": "Point",
        "coordinates": [
          324.0,
          88.0
        ]
      },
      "properties": {
        "id": "SITE-\u0189",
        "suitability": 87.61067358521532,
        "mean_slope": 2.6041626930236816,
        "max_slope": 2.9108266830444336,
        "mean_hazard": 0.04977506771683693,
        "shadow_percent": 0.0,
        "decision": "SAFE"
      }
    },
    {
      "type": "Feature",
      "geometry": {
        "type": "Point",
        "coordinates": [
          360.0,
          20.0
        ]
      },
      "properties": {
        "id": "SITE-\u018a",
        "suitability": 87.59624299988785,
        "mean_slope": 2.5586748123168945,
        "max_slope": 2.6102705001831055,
        "mean_hazard": 0.051030483096838,
        "shadow_percent": 0.0,
        "decision": "SAFE"
      }
    },
    {
      "type": "Feature",
      "geometry": {
        "type": "Point",
        "coordinates": [
          304.0,
          76.0
        ]
      },
      "properties": {
        "id": "SITE-\u018b",
        "suitability": 87.55668541197291,
        "mean_slope": 2.644821882247925,
        "max_slope": 2.8893144130706787,
        "mean_hazard": 0.0491313636302948,
        "shadow_percent": 0.0,
        "decision": "SAFE"
      }
    },
    {
      "type": "Feature",
      "geometry": {
        "type": "Point",
        "coordinates": [
          364.0,
          40.0
        ]
      },
      "properties": {
        "id": "SITE-\u018c",
        "suitability": 87.50640431328858,
        "mean_slope": 2.6730129718780518,
        "max_slope": 2.9484283924102783,
        "mean_hazard": 0.04971347749233246,
        "shadow_percent": 0.0,
        "decision": "SAFE"
      }
    },
    {
      "type": "Feature",
      "geometry": {
        "type": "Point",
        "coordinates": [
          228.0,
          104.0
        ]
      },
      "properties": {
        "id": "SITE-\u018d",
        "suitability": 87.37215085998652,
        "mean_slope": 2.6876065731048584,
        "max_slope": 2.93660044670105,
        "mean_hazard": 0.050485990941524506,
        "shadow_percent": 0.0,
        "decision": "SAFE"
      }
    },
    {
      "type": "Feature",
      "geometry": {
        "type": "Point",
        "coordinates": [
          28.0,
          436.0
        ]
      },
      "properties": {
        "id": "SITE-\u018e",
        "suitability": 87.35635990710065,
        "mean_slope": 2.6184113025665283,
        "max_slope": 2.649995803833008,
        "mean_hazard": 0.05243871361017227,
        "shadow_percent": 0.0,
        "decision": "SAFE"
      }
    },
    {
      "type": "Feature",
      "geometry": {
        "type": "Point",
        "coordinates": [
          160.0,
          68.0
        ]
      },
      "properties": {
        "id": "SITE-\u018f",
        "suitability": 87.30926818333981,
        "mean_slope": 2.6852715015411377,
        "max_slope": 2.9035465717315674,
        "mean_hazard": 0.05143148452043533,
        "shadow_percent": 0.0,
        "decision": "SAFE"
      }
    },
    {
      "type": "Feature",
      "geometry": {
        "type": "Point",
        "coordinates": [
          264.0,
          140.0
        ]
      },
      "properties": {
        "id": "SITE-\u0190",
        "suitability": 87.30647515538628,
        "mean_slope": 2.7107388973236084,
        "max_slope": 2.861203908920288,
        "mean_hazard": 0.05089026317000389,
        "shadow_percent": 0.0,
        "decision": "SAFE"
      }
    },
    {
      "type": "Feature",
      "geometry": {
        "type": "Point",
        "coordinates": [
          116.0,
          208.0
        ]
      },
      "properties": {
        "id": "SITE-\u0191",
        "suitability": 87.30503634400385,
        "mean_slope": 2.6559743881225586,
        "max_slope": 3.0264570713043213,
        "mean_hazard": 0.05157832056283951,
        "shadow_percent": 0.0,
        "decision": "SAFE"
      }
    },
    {
      "type": "Feature",
      "geometry": {
        "type": "Point",
        "coordinates": [
          188.0,
          232.0
        ]
      },
      "properties": {
        "id": "SITE-\u0192",
        "suitability": 87.2949536285087,
        "mean_slope": 2.607429265975952,
        "max_slope": 2.9439430236816406,
        "mean_hazard": 0.052451539784669876,
        "shadow_percent": 0.0,
        "decision": "SAFE"
      }
    },
    {
      "type": "Feature",
      "geometry": {
        "type": "Point",
        "coordinates": [
          80.0,
          256.0
        ]
      },
      "properties": {
        "id": "SITE-\u0193",
        "suitability": 87.18837967571787,
        "mean_slope": 2.7300074100494385,
        "max_slope": 2.9511559009552,
        "mean_hazard": 0.051439933478832245,
        "shadow_percent": 0.0,
        "decision": "SAFE"
      }
    },
    {
      "type": "Feature",
      "geometry": {
        "type": "Point",
        "coordinates": [
          36.0,
          428.0
        ]
      },
      "properties": {
        "id": "SITE-\u0194",
        "suitability": 87.07564983004995,
        "mean_slope": 2.699496269226074,
        "max_slope": 2.7253916263580322,
        "mean_hazard": 0.05355621501803398,
        "shadow_percent": 0.0,
        "decision": "SAFE"
      }
    },
    {
      "type": "Feature",
      "geometry": {
        "type": "Point",
        "coordinates": [
          52.0,
          412.0
        ]
      },
      "properties": {
        "id": "SITE-\u0195",
        "suitability": 87.07230719599748,
        "mean_slope": 2.6830718517303467,
        "max_slope": 2.722038507461548,
        "mean_hazard": 0.053679563105106354,
        "shadow_percent": 0.0,
        "decision": "SAFE"
      }
    },
    {
      "type": "Feature",
      "geometry": {
        "type": "Point",
        "coordinates": [
          100.0,
          276.0
        ]
      },
      "properties": {
        "id": "SITE-\u0196",
        "suitability": 87.06779912563756,
        "mean_slope": 2.732553720474243,
        "max_slope": 2.7874796390533447,
        "mean_hazard": 0.05262736976146698,
        "shadow_percent": 0.0,
        "decision": "SAFE"
      }
    },
    {
      "type": "Feature",
      "geometry": {
        "type": "Point",
        "coordinates": [
          172.0,
          220.0
        ]
      },
      "properties": {
        "id": "SITE-\u0197",
        "suitability": 87.05843101717328,
        "mean_slope": 2.776555061340332,
        "max_slope": 3.069605827331543,
        "mean_hazard": 0.051265500485897064,
        "shadow_percent": 0.0,
        "decision": "SAFE"
      }
    },
    {
      "type": "Feature",
      "geometry": {
        "type": "Point",
        "coordinates": [
          492.0,
          468.0
        ]
      },
      "properties": {
        "id": "SITE-\u0198",
        "suitability": 87.05835091021407,
        "mean_slope": 2.8050849437713623,
        "max_slope": 3.072094678878784,
        "mean_hazard": 0.05143404379487038,
        "shadow_percent": 0.0,
        "decision": "SAFE"
      }
    },
    {
      "type": "Feature",
      "geometry": {
        "type": "Point",
        "coordinates": [
          160.0,
          204.0
        ]
      },
      "properties": {
        "id": "SITE-\u0199",
        "suitability": 87.05820982989275,
        "mean_slope": 2.7202939987182617,
        "max_slope": 3.0567333698272705,
        "mean_hazard": 0.05226157605648041,
        "shadow_percent": 0.0,
        "decision": "SAFE"
      }
    },
    {
      "type": "Feature",
      "geometry": {
        "type": "Point",
        "coordinates": [
          112.0,
          284.0
        ]
      },
      "properties": {
        "id": "SITE-\u019a",
        "suitability": 87.03883709178281,
        "mean_slope": 2.7378838062286377,
        "max_slope": 2.79573392868042,
        "mean_hazard": 0.05297129973769188,
        "shadow_percent": 0.0,
        "decision": "SAFE"
      }
    },
    {
      "type": "Feature",
      "geometry": {
        "type": "Point",
        "coordinates": [
          12.0,
          340.0
        ]
      },
      "properties": {
        "id": "SITE-\u019b",
        "suitability": 87.01523863031464,
        "mean_slope": 2.7174856662750244,
        "max_slope": 3.0688867568969727,
        "mean_hazard": 0.05398939177393913,
        "shadow_percent": 0.0,
        "decision": "SAFE"
      }
    },
    {
      "type": "Feature",
      "geometry": {
        "type": "Point",
        "coordinates": [
          416.0,
          4.0
        ]
      },
      "properties": {
        "id": "SITE-\u019c",
        "suitability": 86.9905104884814,
        "mean_slope": 2.730623483657837,
        "max_slope": 2.9888579845428467,
        "mean_hazard": 0.052875809371471405,
        "shadow_percent": 0.0,
        "decision": "SAFE"
      }
    },
    {
      "type": "Feature",
      "geometry": {
        "type": "Point",
        "coordinates": [
          380.0,
          24.0
        ]
      },
      "properties": {
        "id": "SITE-\u019d",
        "suitability": 86.98170933589378,
        "mean_slope": 2.8031842708587646,
        "max_slope": 3.014782190322876,
        "mean_hazard": 0.05235852301120758,
        "shadow_percent": 0.0,
        "decision": "SAFE"
      }
    },
    {
      "type": "Feature",
      "geometry": {
        "type": "Point",
        "coordinates": [
          44.0,
          420.0
        ]
      },
      "properties": {
        "id": "SITE-\u019e",
        "suitability": 86.91263492739883,
        "mean_slope": 2.7431724071502686,
        "max_slope": 2.7739362716674805,
        "mean_hazard": 0.05430248752236366,
        "shadow_percent": 0.0,
        "decision": "SAFE"
      }
    },
    {
      "type": "Feature",
      "geometry": {
        "type": "Point",
        "coordinates": [
          300.0,
          64.0
        ]
      },
      "properties": {
        "id": "SITE-\u019f",
        "suitability": 86.86844500721972,
        "mean_slope": 2.8071389198303223,
        "max_slope": 3.1225619316101074,
        "mean_hazard": 0.05342039465904236,
        "shadow_percent": 0.0,
        "decision": "SAFE"
      }
    },
    {
      "type": "Feature",
      "geometry": {
        "type": "Point",
        "coordinates": [
          152.0,
          92.0
        ]
      },
      "properties": {
        "id": "SITE-\u01a0",
        "suitability": 86.77712058981139,
        "mean_slope": 2.770362615585327,
        "max_slope": 3.1362016201019287,
        "mean_hazard": 0.055327191948890686,
        "shadow_percent": 0.0,
        "decision": "SAFE"
      }
    },
    {
      "type": "Feature",
      "geometry": {
        "type": "Point",
        "coordinates": [
          168.0,
          60.0
        ]
      },
      "properties": {
        "id": "SITE-\u01a1",
        "suitability": 86.6833584770864,
        "mean_slope": 2.8348402976989746,
        "max_slope": 3.0586864948272705,
        "mean_hazard": 0.0543588362634182,
        "shadow_percent": 0.0,
        "decision": "SAFE"
      }
    },
    {
      "type": "Feature",
      "geometry": {
        "type": "Point",
        "coordinates": [
          348.0,
          24.0
        ]
      },
      "properties": {
        "id": "SITE-\u01a2",
        "suitability": 86.66282340153815,
        "mean_slope": 2.902165174484253,
        "max_slope": 3.177189588546753,
        "mean_hazard": 0.05364586412906647,
        "shadow_percent": 0.0,
        "decision": "SAFE"
      }
    },
    {
      "type": "Feature",
      "geometry": {
        "type": "Point",
        "coordinates": [
          20.0,
          444.0
        ]
      },
      "properties": {
        "id": "SITE-\u01a3",
        "suitability": 86.53768967623982,
        "mean_slope": 2.842503070831299,
        "max_slope": 2.957035541534424,
        "mean_hazard": 0.05537065491080284,
        "shadow_percent": 0.0,
        "decision": "SAFE"
      }
    },
    {
      "type": "Feature",
      "geometry": {
        "type": "Point",
        "coordinates": [
          284.0,
          48.0
        ]
      },
      "properties": {
        "id": "SITE-\u01a4",
        "suitability": 86.53527182319526,
        "mean_slope": 2.8915817737579346,
        "max_slope": 3.183746814727783,
        "mean_hazard": 0.05503632873296738,
        "shadow_percent": 0.0,
        "decision": "SAFE"
      }
    },
    {
      "type": "Feature",
      "geometry": {
        "type": "Point",
        "coordinates": [
          452.0,
          492.0
        ]
      },
      "properties": {
        "id": "SITE-\u01a5",
        "suitability": 86.51410811055635,
        "mean_slope": 2.9499435424804688,
        "max_slope": 3.1686558723449707,
        "mean_hazard": 0.05423760041594505,
        "shadow_percent": 0.0,
        "decision": "SAFE"
      }
    },
    {
      "type": "Feature",
      "geometry": {
        "type": "Point",
        "coordinates": [
          252.0,
          160.0
        ]
      },
      "properties": {
        "id": "SITE-\u01a6",
        "suitability": 86.46942225382786,
        "mean_slope": 2.8686389923095703,
        "max_slope": 2.9726803302764893,
        "mean_hazard": 0.055709630250930786,
        "shadow_percent": 0.0,
        "decision": "SAFE"
      }
    },
    {
      "type": "Feature",
      "geometry": {
        "type": "Point",
        "coordinates": [
          252.0,
          128.0
        ]
      },
      "properties": {
        "id": "SITE-\u01a7",
        "suitability": 86.46779247523125,
        "mean_slope": 2.963533639907837,
        "max_slope": 3.11562442779541,
        "mean_hazard": 0.05431262403726578,
        "shadow_percent": 0.0,
        "decision": "SAFE"
      }
    },
    {
      "type": "Feature",
      "geometry": {
        "type": "Point",
        "coordinates": [
          244.0,
          76.0
        ]
      },
      "properties": {
        "id": "SITE-\u01a8",
        "suitability": 86.4407588115468,
        "mean_slope": 2.8502535820007324,
        "max_slope": 3.2429497241973877,
        "mean_hazard": 0.0568002425134182,
        "shadow_percent": 0.0,
        "decision": "SAFE"
      }
    },
    {
      "type": "Feature",
      "geometry": {
        "type": "Point",
        "coordinates": [
          404.0,
          480.0
        ]
      },
      "properties": {
        "id": "SITE-\u01a9",
        "suitability": 86.4377864926537,
        "mean_slope": 2.8354837894439697,
        "max_slope": 3.196572780609131,
        "mean_hazard": 0.05659319832921028,
        "shadow_percent": 0.0,
        "decision": "SAFE"
      }
    },
    {
      "type": "Feature",
      "geometry": {
        "type": "Point",
        "coordinates": [
          48.0,
          88.0
        ]
      },
      "properties": {
        "id": "SITE-\u01aa",
        "suitability": 86.4199436811735,
        "mean_slope": 2.845233201980591,
        "max_slope": 3.2115046977996826,
        "mean_hazard": 0.0568651407957077,
        "shadow_percent": 0.0,
        "decision": "SAFE"
      }
    },
    {
      "type": "Feature",
      "geometry": {
        "type": "Point",
        "coordinates": [
          224.0,
          16.0
        ]
      },
      "properties": {
        "id": "SITE-\u01ab",
        "suitability": 86.38986813424101,
        "mean_slope": 2.858060359954834,
        "max_slope": 3.228522777557373,
        "mean_hazard": 0.05711248889565468,
        "shadow_percent": 0.0,
        "decision": "SAFE"
      }
    },
    {
      "type": "Feature",
      "geometry": {
        "type": "Point",
        "coordinates": [
          52.0,
          272.0
        ]
      },
      "properties": {
        "id": "SITE-\u01ac",
        "suitability": 86.3661866267905,
        "mean_slope": 2.8687124252319336,
        "max_slope": 3.234449625015259,
        "mean_hazard": 0.05730893090367317,
        "shadow_percent": 0.0,
        "decision": "SAFE"
      }
    },
    {
      "type": "Feature",
      "geometry": {
        "type": "Point",
        "coordinates": [
          228.0,
          128.0
        ]
      },
      "properties": {
        "id": "SITE-\u01ad",
        "suitability": 86.31094855113123,
        "mean_slope": 2.897324562072754,
        "max_slope": 3.00064754486084,
        "mean_hazard": 0.05712377652525902,
        "shadow_percent": 0.0,
        "decision": "SAFE"
      }
    },
    {
      "type": "Feature",
      "geometry": {
        "type": "Point",
        "coordinates": [
          212.0,
          28.0
        ]
      },
      "properties": {
        "id": "SITE-\u01ae",
        "suitability": 86.29202784498338,
        "mean_slope": 2.904860019683838,
        "max_slope": 3.266988754272461,
        "mean_hazard": 0.05738294497132301,
        "shadow_percent": 0.0,
        "decision": "SAFE"
      }
    },
    {
      "type": "Feature",
      "geometry": {
        "type": "Point",
        "coordinates": [
          60.0,
          404.0
        ]
      },
      "properties": {
        "id": "SITE-\u01af",
        "suitability": 86.28517968443686,
        "mean_slope": 2.8954689502716064,
        "max_slope": 3.0176124572753906,
        "mean_hazard": 0.056760821491479874,
        "shadow_percent": 0.0,
        "decision": "SAFE"
      }
    },
    {
      "type": "Feature",
      "geometry": {
        "type": "Point",
        "coordinates": [
          76.0,
          36.0
        ]
      },
      "properties": {
        "id": "SITE-\u01b0",
        "suitability": 86.21782835616524,
        "mean_slope": 2.962717056274414,
        "max_slope": 3.314629077911377,
        "mean_hazard": 0.05677785351872444,
        "shadow_percent": 0.0,
        "decision": "SAFE"
      }
    },
    {
      "type": "Feature",
      "geometry": {
        "type": "Point",
        "coordinates": [
          20.0,
          428.0
        ]
      },
      "properties": {
        "id": "SITE-\u01b1",
        "suitability": 86.15868997289242,
        "mean_slope": 2.9059696197509766,
        "max_slope": 3.074279546737671,
        "mean_hazard": 0.05814822018146515,
        "shadow_percent": 0.0,
        "decision": "SAFE"
      }
    },
    {
      "type": "Feature",
      "geometry": {
        "type": "Point",
        "coordinates": [
          464.0,
          420.0
        ]
      },
      "properties": {
        "id": "SITE-\u01b2",
        "suitability": 86.13982671490417,
        "mean_slope": 2.920930862426758,
        "max_slope": 3.2882890701293945,
        "mean_hazard": 0.05837874114513397,
        "shadow_percent": 0.0,
        "decision": "SAFE"
      }
    },
    {
      "type": "Feature",
      "geometry": {
        "type": "Point",
        "coordinates": [
          96.0,
          224.0
        ]
      },
      "properties": {
        "id": "SITE-\u01b3",
        "suitability": 86.10622433868286,
        "mean_slope": 2.931105852127075,
        "max_slope": 3.2994203567504883,
        "mean_hazard": 0.05851808190345764,
        "shadow_percent": 0.0,
        "decision": "SAFE"
      }
    },
    {
      "type": "Feature",
      "geometry": {
        "type": "Point",
        "coordinates": [
          316.0,
          80.0
        ]
      },
      "properties": {
        "id": "SITE-\u01b4",
        "suitability": 86.07948113226597,
        "mean_slope": 3.0518548488616943,
        "max_slope": 3.343855619430542,
        "mean_hazard": 0.056150149554014206,
        "shadow_percent": 0.0,
        "decision": "SAFE"
      }
    },
    {
      "type": "Feature",
      "geometry": {
        "type": "Point",
        "coordinates": [
          220.0,
          116.0
        ]
      },
      "properties": {
        "id": "SITE-\u01b5",
        "suitability": 86.00343022468684,
        "mean_slope": 2.9918270111083984,
        "max_slope": 3.1575541496276855,
        "mean_hazard": 0.05837433412671089,
        "shadow_percent": 0.0,
        "decision": "SAFE"
      }
    },
    {
      "type": "Feature",
      "geometry": {
        "type": "Point",
        "coordinates": [
          56.0,
          96.0
        ]
      },
      "properties": {
        "id": "SITE-\u01b6",
        "suitability": 85.99166713256743,
        "mean_slope": 2.979424476623535,
        "max_slope": 3.3256731033325195,
        "mean_hazard": 0.05844266712665558,
        "shadow_percent": 0.0,
        "decision": "SAFE"
      }
    },
    {
      "type": "Feature",
      "geometry": {
        "type": "Point",
        "coordinates": [
          44.0,
          404.0
        ]
      },
      "properties": {
        "id": "SITE-\u01b7",
        "suitability": 85.98359367547799,
        "mean_slope": 2.9618325233459473,
        "max_slope": 3.1201891899108887,
        "mean_hazard": 0.059291426092386246,
        "shadow_percent": 0.0,
        "decision": "SAFE"
      }
    },
    {
      "type": "Feature",
      "geometry": {
        "type": "Point",
        "coordinates": [
          356.0,
          32.0
        ]
      },
      "properties": {
        "id": "SITE-\u01b8",
        "suitability": 85.95811275096509,
        "mean_slope": 3.066220760345459,
        "max_slope": 3.309002637863159,
        "mean_hazard": 0.057586975395679474,
        "shadow_percent": 0.0,
        "decision": "SAFE"
      }
    },
    {
      "type": "Feature",
      "geometry": {
        "type": "Point",
        "coordinates": [
          28.0,
          420.0
        ]
      },
      "properties": {
        "id": "SITE-\u01b9",
        "suitability": 85.95573003136712,
        "mean_slope": 2.9743313789367676,
        "max_slope": 3.144594192504883,
        "mean_hazard": 0.05914376303553581,
        "shadow_percent": 0.0,
        "decision": "SAFE"
      }
    },
    {
      "type": "Feature",
      "geometry": {
        "type": "Point",
        "coordinates": [
          232.0,
          4.0
        ]
      },
      "properties": {
        "id": "SITE-\u01ba",
        "suitability": 85.94077241795493,
        "mean_slope": 3.0685696601867676,
        "max_slope": 3.3849895000457764,
        "mean_hazard": 0.05768574774265289,
        "shadow_percent": 0.0,
        "decision": "SAFE"
      }
    },
    {
      "type": "Feature",
      "geometry": {
        "type": "Point",
        "coordinates": [
          368.0,
          12.0
        ]
      },
      "properties": {
        "id": "SITE-\u01bb",
        "suitability": 85.87625121852311,
        "mean_slope": 3.055509090423584,
        "max_slope": 3.2485809326171875,
        "mean_hazard": 0.058288320899009705,
        "shadow_percent": 0.0,
        "decision": "SAFE"
      }
    },
    {
      "type": "Feature",
      "geometry": {
        "type": "Point",
        "coordinates": [
          40.0,
          80.0
        ]
      },
      "properties": {
        "id": "SITE-\u01bc",
        "suitability": 85.85737440450981,
        "mean_slope": 3.0170977115631104,
        "max_slope": 3.379042625427246,
        "mean_hazard": 0.05939055606722832,
        "shadow_percent": 0.0,
        "decision": "SAFE"
      }
    },
    {
      "type": "Feature",
      "geometry": {
        "type": "Point",
        "coordinates": [
          464.0,
          452.0
        ]
      },
      "properties": {
        "id": "SITE-\u01bd",
        "suitability": 85.82835436177339,
        "mean_slope": 3.0000925064086914,
        "max_slope": 3.2096474170684814,
        "mean_hazard": 0.05982688069343567,
        "shadow_percent": 0.0,
        "decision": "SAFE"
      }
    },
    {
      "type": "Feature",
      "geometry": {
        "type": "Point",
        "coordinates": [
          68.0,
          260.0
        ]
      },
      "properties": {
        "id": "SITE-\u01be",
        "suitability": 85.82475739863115,
        "mean_slope": 3.1310951709747314,
        "max_slope": 3.430278778076172,
        "mean_hazard": 0.057771433144807816,
        "shadow_percent": 0.0,
        "decision": "SAFE"
      }
    },
    {
      "type": "Feature",
      "geometry": {
        "type": "Point",
        "coordinates": [
          260.0,
          152.0
        ]
      },
      "properties": {
        "id": "SITE-\u01bf",
        "suitability": 85.79850061266428,
        "mean_slope": 2.992184638977051,
        "max_slope": 3.086545705795288,
        "mean_hazard": 0.058263979852199554,
        "shadow_percent": 0.0,
        "decision": "SAFE"
      }
    },
    {
      "type": "Feature",
      "geometry": {
        "type": "Point",
        "coordinates": [
          36.0,
          412.0
        ]
      },
      "properties": {
        "id": "SITE-\u01c0",
        "suitability": 85.78642256291936,
        "mean_slope": 3.0125322341918945,
        "max_slope": 3.161823272705078,
        "mean_hazard": 0.05976772680878639,
        "shadow_percent": 0.0,
        "decision": "SAFE"
      }
    },
    {
      "type": "Feature",
      "geometry": {
        "type": "Point",
        "coordinates": [
          208.0,
          120.0
        ]
      },
      "properties": {
        "id": "SITE-\u01c1",
        "suitability": 85.78587753882591,
        "mean_slope": 3.117849826812744,
        "max_slope": 3.3792006969451904,
        "mean_hazard": 0.057988155633211136,
        "shadow_percent": 0.0,
        "decision": "SAFE"
      }
    },
    {
      "type": "Feature",
      "geometry": {
        "type": "Point",
        "coordinates": [
          12.0,
          52.0
        ]
      },
      "properties": {
        "id": "SITE-\u01c2",
        "suitability": 85.74167013045398,
        "mean_slope": 3.0159311294555664,
        "max_slope": 3.3767645359039307,
        "mean_hazard": 0.059940923005342484,
        "shadow_percent": 0.0,
        "decision": "SAFE"
      }
    },
    {
      "type": "Feature",
      "geometry": {
        "type": "Point",
        "coordinates": [
          92.0,
          128.0
        ]
      },
      "properties": {
        "id": "SITE-\u01c3",
        "suitability": 85.6575904440243,
        "mean_slope": 3.0487253665924072,
        "max_slope": 3.375558853149414,
        "mean_hazard": 0.060947515070438385,
        "shadow_percent": 0.0,
        "decision": "SAFE"
      }
    },
    {
      "type": "Feature",
      "geometry": {
        "type": "Point",
        "coordinates": [
          88.0,
          232.0
        ]
      },
      "properties": {
        "id": "SITE-\u01c4",
        "suitability": 85.61880882341222,
        "mean_slope": 3.0740461349487305,
        "max_slope": 3.4174020290374756,
        "mean_hazard": 0.06080655753612518,
        "shadow_percent": 0.0,
        "decision": "SAFE"
      }
    },
    {
      "type": "Feature",
      "geometry": {
        "type": "Point",
        "coordinates": [
          232.0,
          140.0
        ]
      },
      "properties": {
        "id": "SITE-\u01c5",
        "suitability": 85.5793216688994,
        "mean_slope": 3.1602890491485596,
        "max_slope": 3.256326913833618,
        "mean_hazard": 0.05962366983294487,
        "shadow_percent": 0.0,
        "decision": "SAFE"
      }
    },
    {
      "type": "Feature",
      "geometry": {
        "type": "Point",
        "coordinates": [
          36.0,
          444.0
        ]
      },
      "properties": {
        "id": "SITE-\u01c6",
        "suitability": 85.57866949752159,
        "mean_slope": 3.058994770050049,
        "max_slope": 3.273669481277466,
        "mean_hazard": 0.061186086386442184,
        "shadow_percent": 0.0,
        "decision": "SAFE"
      }
    },
    {
      "type": "Feature",
      "geometry": {
        "type": "Point",
        "coordinates": [
          12.0,
          436.0
        ]
      },
      "properties": {
        "id": "SITE-\u01c7",
        "suitability": 85.52610346446325,
        "mean_slope": 3.112569808959961,
        "max_slope": 3.2652571201324463,
        "mean_hazard": 0.06090465933084488,
        "shadow_percent": 0.0,
        "decision": "SAFE"
      }
    },
    {
      "type": "Feature",
      "geometry": {
        "type": "Point",
        "coordinates": [
          200.0,
          44.0
        ]
      },
      "properties": {
        "id": "SITE-\u01c8",
        "suitability": 85.47704691564859,
        "mean_slope": 3.093676805496216,
        "max_slope": 3.4506540298461914,
        "mean_hazard": 0.06186799705028534,
        "shadow_percent": 0.0,
        "decision": "SAFE"
      }
    },
    {
      "type": "Feature",
      "geometry": {
        "type": "Point",
        "coordinates": [
          104.0,
          68.0
        ]
      },
      "properties": {
        "id": "SITE-\u01c9",
        "suitability": 85.45850019897848,
        "mean_slope": 3.1612212657928467,
        "max_slope": 3.5005125999450684,
        "mean_hazard": 0.06034189090132713,
        "shadow_percent": 0.0,
        "decision": "SAFE"
      }
    },
    {
      "type": "Feature",
      "geometry": {
        "type": "Point",
        "coordinates": [
          396.0,
          24.0
        ]
      },
      "properties": {
        "id": "SITE-\u01ca",
        "suitability": 85.39188080414986,
        "mean_slope": 3.1206631660461426,
        "max_slope": 3.3291571140289307,
        "mean_hazard": 0.06118862330913544,
        "shadow_percent": 0.0,
        "decision": "SAFE"
      }
    },
    {
      "type": "Feature",
      "geometry": {
        "type": "Point",
        "coordinates": [
          244.0,
          152.0
        ]
      },
      "properties": {
        "id": "SITE-\u01cb",
        "suitability": 85.38545014997717,
        "mean_slope": 3.216498613357544,
        "max_slope": 3.2996561527252197,
        "mean_hazard": 0.060382865369319916,
        "shadow_percent": 0.0,
        "decision": "SAFE"
      }
    },
    {
      "type": "Feature",
      "geometry": {
        "type": "Point",
        "coordinates": [
          60.0,
          420.0
        ]
      },
      "properties": {
        "id": "SITE-\u01cc",
        "suitability": 85.36385385301149,
        "mean_slope": 3.119264602661133,
        "max_slope": 3.3392786979675293,
        "mean_hazard": 0.062433887273073196,
        "shadow_percent": 0.0,
        "decision": "SAFE"
      }
    },
    {
      "type": "Feature",
      "geometry": {
        "type": "Point",
        "coordinates": [
          44.0,
          436.0
        ]
      },
      "properties": {
        "id": "SITE-\u01cd",
        "suitability": 85.34636533434012,
        "mean_slope": 3.1324517726898193,
        "max_slope": 3.3485107421875,
        "mean_hazard": 0.06231384351849556,
        "shadow_percent": 0.0,
        "decision": "SAFE"
      }
    },
    {
      "type": "Feature",
      "geometry": {
        "type": "Point",
        "coordinates": [
          432.0,
          464.0
        ]
      },
      "properties": {
        "id": "SITE-\u01ce",
        "suitability": 85.30277593240578,
        "mean_slope": 3.1908974647521973,
        "max_slope": 3.4146156311035156,
        "mean_hazard": 0.0608629509806633,
        "shadow_percent": 0.0,
        "decision": "SAFE"
      }
    },
    {
      "type": "Feature",
      "geometry": {
        "type": "Point",
        "coordinates": [
          160.0,
          84.0
        ]
      },
      "properties": {
        "id": "SITE-\u01cf",
        "suitability": 85.24320213174968,
        "mean_slope": 3.211395502090454,
        "max_slope": 3.5380055904388428,
        "mean_hazard": 0.06160147488117218,
        "shadow_percent": 0.0,
        "decision": "SAFE"
      }
    },
    {
      "type": "Feature",
      "geometry": {
        "type": "Point",
        "coordinates": [
          52.0,
          396.0
        ]
      },
      "properties": {
        "id": "SITE-\u01d0",
        "suitability": 85.22125987674839,
        "mean_slope": 3.1759650707244873,
        "max_slope": 3.3295013904571533,
        "mean_hazard": 0.062363192439079285,
        "shadow_percent": 0.0,
        "decision": "SAFE"
      }
    },
    {
      "type": "Feature",
      "geometry": {
        "type": "Point",
        "coordinates": [
          52.0,
          16.0
        ]
      },
      "properties": {
        "id": "SITE-\u01d1",
        "suitability": 85.19599992626466,
        "mean_slope": 3.163905143737793,
        "max_slope": 3.535553216934204,
        "mean_hazard": 0.06321772187948227,
        "shadow_percent": 0.0,
        "decision": "SAFE"
      }
    },
    {
      "type": "Feature",
      "geometry": {
        "type": "Point",
        "coordinates": [
          52.0,
          428.0
        ]
      },
      "properties": {
        "id": "SITE-\u01d2",
        "suitability": 85.19393043098866,
        "mean_slope": 3.1724071502685547,
        "max_slope": 3.393134593963623,
        "mean_hazard": 0.06294071674346924,
        "shadow_percent": 0.0,
        "decision": "SAFE"
      }
    },
    {
      "type": "Feature",
      "geometry": {
        "type": "Point",
        "coordinates": [
          240.0,
          132.0
        ]
      },
      "properties": {
        "id": "SITE-\u01d3",
        "suitability": 85.10480251173412,
        "mean_slope": 3.269691228866577,
        "max_slope": 3.350475549697876,
        "mean_hazard": 0.061952508985996246,
        "shadow_percent": 0.0,
        "decision": "SAFE"
      }
    },
    {
      "type": "Feature",
      "geometry": {
        "type": "Point",
        "coordinates": [
          444.0,
          468.0
        ]
      },
      "properties": {
        "id": "SITE-\u01d4",
        "suitability": 85.09289092061587,
        "mean_slope": 3.1747002601623535,
        "max_slope": 3.3345868587493896,
        "mean_hazard": 0.0634206235408783,
        "shadow_percent": 0.0,
        "decision": "SAFE"
      }
    },
    {
      "type": "Feature",
      "geometry": {
        "type": "Point",
        "coordinates": [
          64.0,
          104.0
        ]
      },
      "properties": {
        "id": "SITE-\u01d5",
        "suitability": 85.09012410443754,
        "mean_slope": 3.27020263671875,
        "max_slope": 3.5711209774017334,
        "mean_hazard": 0.062150988727808,
        "shadow_percent": 0.0,
        "decision": "SAFE"
      }
    },
    {
      "type": "Feature",
      "geometry": {
        "type": "Point",
        "coordinates": [
          4.0,
          332.0
        ]
      },
      "properties": {
        "id": "SITE-\u01d6",
        "suitability": 85.0554487251682,
        "mean_slope": 3.2951738834381104,
        "max_slope": 3.6035149097442627,
        "mean_hazard": 0.06184649094939232,
        "shadow_percent": 0.0,
        "decision": "SAFE"
      }
    },
    {
      "type": "Feature",
      "geometry": {
        "type": "Point",
        "coordinates": [
          28.0,
          216.0
        ]
      },
      "properties": {
        "id": "SITE-\u01d7",
        "suitability": 85.05341130159344,
        "mean_slope": 3.28164005279541,
        "max_slope": 3.617734670639038,
        "mean_hazard": 0.061399463564157486,
        "shadow_percent": 0.0,
        "decision": "SAFE"
      }
    },
    {
      "type": "Feature",
      "geometry": {
        "type": "Point",
        "coordinates": [
          456.0,
          444.0
        ]
      },
      "properties": {
        "id": "SITE-\u01d8",
        "suitability": 85.04589588065713,
        "mean_slope": 3.230450391769409,
        "max_slope": 3.437335729598999,
        "mean_hazard": 0.06296484172344208,
        "shadow_percent": 0.0,
        "decision": "SAFE"
      }
    },
    {
      "type": "Feature",
      "geometry": {
        "type": "Point",
        "coordinates": [
          192.0,
          52.0
        ]
      },
      "properties": {
        "id": "SITE-\u01d9",
        "suitability": 85.02630325266766,
        "mean_slope": 3.222261905670166,
        "max_slope": 3.568453311920166,
        "mean_hazard": 0.06322914361953735,
        "shadow_percent": 0.0,
        "decision": "SAFE"
      }
    },
    {
      "type": "Feature",
      "geometry": {
        "type": "Point",
        "coordinates": [
          116.0,
          344.0
        ]
      },
      "properties": {
        "id": "SITE-\u01da",
        "suitability": 85.00366001612282,
        "mean_slope": 3.205221652984619,
        "max_slope": 3.24932599067688,
        "mean_hazard": 0.06410834938287735,
        "shadow_percent": 0.0,
        "decision": "SAFE"
      }
    },
    {
      "type": "Feature",
      "geometry": {
        "type": "Point",
        "coordinates": [
          252.0,
          140.0
        ]
      },
      "properties": {
        "id": "SITE-\u01db",
        "suitability": 84.99660337892189,
        "mean_slope": 3.313249111175537,
        "max_slope": 3.3845198154449463,
        "mean_hazard": 0.06205475330352783,
        "shadow_percent": 0.0,
        "decision": "SAFE"
      }
    },
    {
      "type": "Feature",
      "geometry": {
        "type": "Point",
        "coordinates": [
          120.0,
          196.0
        ]
      },
      "properties": {
        "id": "SITE-\u01dc",
        "suitability": 84.99505372587872,
        "mean_slope": 3.1624763011932373,
        "max_slope": 3.4989304542541504,
        "mean_hazard": 0.0630393922328949,
        "shadow_percent": 0.0,
        "decision": "SAFE"
      }
    },
    {
      "type": "Feature",
      "geometry": {
        "type": "Point",
        "coordinates": [
          328.0,
          16.0
        ]
      },
      "properties": {
        "id": "SITE-\u01dd",
        "suitability": 84.98119006267076,
        "mean_slope": 3.216433525085449,
        "max_slope": 3.5733344554901123,
        "mean_hazard": 0.0642469972372055,
        "shadow_percent": 0.0,
        "decision": "SAFE"
      }
    },
    {
      "type": "Feature",
      "geometry": {
        "type": "Point",
        "coordinates": [
          28.0,
          452.0
        ]
      },
      "properties": {
        "id": "SITE-\u01de",
        "suitability": 84.93878551082332,
        "mean_slope": 3.2499356269836426,
        "max_slope": 3.4586122035980225,
        "mean_hazard": 0.06373327225446701,
        "shadow_percent": 0.0,
        "decision": "SAFE"
      }
    },
    {
      "type": "Feature",
      "geometry": {
        "type": "Point",
        "coordinates": [
          480.0,
          464.0
        ]
      },
      "properties": {
        "id": "SITE-\u01df",
        "suitability": 84.93247364743947,
        "mean_slope": 3.333988904953003,
        "max_slope": 3.549057960510254,
        "mean_hazard": 0.0625033900141716,
        "shadow_percent": 0.0,
        "decision": "SAFE"
      }
    },
    {
      "type": "Feature",
      "geometry": {
        "type": "Point",
        "coordinates": [
          260.0,
          56.0
        ]
      },
      "properties": {
        "id": "SITE-\u01e0",
        "suitability": 84.90656494017705,
        "mean_slope": 3.2164523601531982,
        "max_slope": 3.582329034805298,
        "mean_hazard": 0.06430346518754959,
        "shadow_percent": 0.0,
        "decision": "SAFE"
      }
    },
    {
      "type": "Feature",
      "geometry": {
        "type": "Point",
        "coordinates": [
          224.0,
          196.0
        ]
      },
      "properties": {
        "id": "SITE-\u01e1",
        "suitability": 84.90638290368648,
        "mean_slope": 3.2068843841552734,
        "max_slope": 3.5405125617980957,
        "mean_hazard": 0.06426604837179184,
        "shadow_percent": 0.0,
        "decision": "SAFE"
      }
    },
    {
      "type": "Feature",
      "geometry": {
        "type": "Point",
        "coordinates": [
          88.0,
          56.0
        ]
      },
      "properties": {
        "id": "SITE-\u01e2",
        "suitability": 84.8747960162085,
        "mean_slope": 3.242865562438965,
        "max_slope": 3.5975890159606934,
        "mean_hazard": 0.06476765871047974,
        "shadow_percent": 0.0,
        "decision": "SAFE"
      }
    },
    {
      "type": "Feature",
      "geometry": {
        "type": "Point",
        "coordinates": [
          212.0,
          180.0
        ]
      },
      "properties": {
        "id": "SITE-\u01e3",
        "suitability": 84.86182667975196,
        "mean_slope": 3.352597951889038,
        "max_slope": 3.6744801998138428,
        "mean_hazard": 0.06295038759708405,
        "shadow_percent": 0.0,
        "decision": "SAFE"
      }
    },
    {
      "type": "Feature",
      "geometry": {
        "type": "Point",
        "coordinates": [
          84.0,
          120.0
        ]
      },
      "properties": {
        "id": "SITE-\u01e4",
        "suitability": 84.8149869912354,
        "mean_slope": 3.281287908554077,
        "max_slope": 3.5974535942077637,
        "mean_hazard": 0.06421974301338196,
        "shadow_percent": 0.0,
        "decision": "SAFE"
      }
    },
    {
      "type": "Feature",
      "geometry": {
        "type": "Point",
        "coordinates": [
          232.0,
          84.0
        ]
      },
      "properties": {
        "id": "SITE-\u01e5",
        "suitability": 84.80574535466356,
        "mean_slope": 3.2741570472717285,
        "max_slope": 3.630953073501587,
        "mean_hazard": 0.0649593248963356,
        "shadow_percent": 0.0,
        "decision": "SAFE"
      }
    },
    {
      "type": "Feature",
      "geometry": {
        "type": "Point",
        "coordinates": [
          12.0,
          452.0
        ]
      },
      "properties": {
        "id": "SITE-\u01e6",
        "suitability": 84.79696612269109,
        "mean_slope": 3.3671562671661377,
        "max_slope": 3.491915464401245,
        "mean_hazard": 0.06237310916185379,
        "shadow_percent": 0.0,
        "decision": "SAFE"
      }
    },
    {
      "type": "Feature",
      "geometry": {
        "type": "Point",
        "coordinates": [
          408.0,
          12.0
        ]
      },
      "properties": {
        "id": "SITE-\u01e7",
        "suitability": 84.7679595431086,
        "mean_slope": 3.294696092605591,
        "max_slope": 3.508399248123169,
        "mean_hazard": 0.06444591283798218,
        "shadow_percent": 0.0,
        "decision": "SAFE"
      }
    },
    {
      "type": "Feature",
      "geometry": {
        "type": "Point",
        "coordinates": [
          68.0,
          320.0
        ]
      },
      "properties": {
        "id": "SITE-\u01e8",
        "suitability": 84.74479520167804,
        "mean_slope": 3.286905527114868,
        "max_slope": 3.638902187347412,
        "mean_hazard": 0.06484085321426392,
        "shadow_percent": 0.0,
        "decision": "SAFE"
      }
    },
    {
      "type": "Feature",
      "geometry": {
        "type": "Point",
        "coordinates": [
          492.0,
          480.0
        ]
      },
      "properties": {
        "id": "SITE-\u01e9",
        "suitability": 84.74419478426606,
        "mean_slope": 3.298978805541992,
        "max_slope": 3.498995542526245,
        "mean_hazard": 0.06375528872013092,
        "shadow_percent": 0.0,
        "decision": "SAFE"
      }
    },
    {
      "type": "Feature",
      "geometry": {
        "type": "Point",
        "coordinates": [
          68.0,
          412.0
        ]
      },
      "properties": {
        "id": "SITE-\u01ea",
        "suitability": 84.71566336696509,
        "mean_slope": 3.2987968921661377,
        "max_slope": 3.4984469413757324,
        "mean_hazard": 0.0650738924741745,
        "shadow_percent": 0.0,
        "decision": "SAFE"
      }
    },
    {
      "type": "Feature",
      "geometry": {
        "type": "Point",
        "coordinates": [
          456.0,
          428.0
        ]
      },
      "properties": {
        "id": "SITE-\u01eb",
        "suitability": 84.68030195992571,
        "mean_slope": 3.3713271617889404,
        "max_slope": 3.700439929962158,
        "mean_hazard": 0.06426801532506943,
        "shadow_percent": 0.0,
        "decision": "SAFE"
      }
    },
    {
      "type": "Feature",
      "geometry": {
        "type": "Point",
        "coordinates": [
          92.0,
          160.0
        ]
      },
      "properties": {
        "id": "SITE-\u01ec",
        "suitability": 84.67188800714233,
        "mean_slope": 3.278571844100952,
        "max_slope": 3.6049485206604004,
        "mean_hazard": 0.06552581489086151,
        "shadow_percent": 0.0,
        "decision": "SAFE"
      }
    },
    {
      "type": "Feature",
      "geometry": {
        "type": "Point",
        "coordinates": [
          52.0,
          304.0
        ]
      },
      "properties": {
        "id": "SITE-\u01ed",
        "suitability": 84.64395673771088,
        "mean_slope": 3.281099319458008,
        "max_slope": 3.643171787261963,
        "mean_hazard": 0.06555955857038498,
        "shadow_percent": 0.0,
        "decision": "SAFE"
      }
    },
    {
      "type": "Feature",
      "geometry": {
        "type": "Point",
        "coordinates": [
          124.0,
          96.0
        ]
      },
      "properties": {
        "id": "SITE-\u01ee",
        "suitability": 84.59824991836321,
        "mean_slope": 3.305758476257324,
        "max_slope": 3.6454050540924072,
        "mean_hazard": 0.06598246842622757,
        "shadow_percent": 0.0,
        "decision": "SAFE"
      }
    },
    {
      "type": "Feature",
      "geometry": {
        "type": "Point",
        "coordinates": [
          40.0,
          360.0
        ]
      },
      "properties": {
        "id": "SITE-\u01ef",
        "suitability": 84.5621906977732,
        "mean_slope": 3.3090779781341553,
        "max_slope": 3.6330623626708984,
        "mean_hazard": 0.06605038046836853,
        "shadow_percent": 0.0,
        "decision": "SAFE"
      }
    },
    {
      "type": "Feature",
      "geometry": {
        "type": "Point",
        "coordinates": [
          492.0,
          416.0
        ]
      },
      "properties": {
        "id": "SITE-\u01f0",
        "suitability": 84.55881144466673,
        "mean_slope": 3.3289566040039062,
        "max_slope": 3.5992205142974854,
        "mean_hazard": 0.0663049966096878,
        "shadow_percent": 0.0,
        "decision": "SAFE"
      }
    },
    {
      "type": "Feature",
      "geometry": {
        "type": "Point",
        "coordinates": [
          44.0,
          280.0
        ]
      },
      "properties": {
        "id": "SITE-\u01f1",
        "suitability": 84.55546407311022,
        "mean_slope": 3.3800179958343506,
        "max_slope": 3.707275867462158,
        "mean_hazard": 0.06449946016073227,
        "shadow_percent": 0.0,
        "decision": "SAFE"
      }
    },
    {
      "type": "Feature",
      "geometry": {
        "type": "Point",
        "coordinates": [
          60.0,
          192.0
        ]
      },
      "properties": {
        "id": "SITE-\u01f2",
        "suitability": 84.52607359735222,
        "mean_slope": 3.330044746398926,
        "max_slope": 3.6689059734344482,
        "mean_hazard": 0.06655178964138031,
        "shadow_percent": 0.0,
        "decision": "SAFE"
      }
    },
    {
      "type": "Feature",
      "geometry": {
        "type": "Point",
        "coordinates": [
          64.0,
          28.0
        ]
      },
      "properties": {
        "id": "SITE-\u01f3",
        "suitability": 84.5062310132539,
        "mean_slope": 3.3716554641723633,
        "max_slope": 3.7156500816345215,
        "mean_hazard": 0.06541132926940918,
        "shadow_percent": 0.0,
        "decision": "SAFE"
      }
    },
    {
      "type": "Feature",
      "geometry": {
        "type": "Point",
        "coordinates": [
          112.0,
          80.0
        ]
      },
      "properties": {
        "id": "SITE-\u01f4",
        "suitability": 84.44203331251401,
        "mean_slope": 3.3999080657958984,
        "max_slope": 3.739215135574341,
        "mean_hazard": 0.06551725417375565,
        "shadow_percent": 0.0,
        "decision": "SAFE"
      }
    },
    {
      "type": "Feature",
      "geometry": {
        "type": "Point",
        "coordinates": [
          268.0,
          48.0
        ]
      },
      "properties": {
        "id": "SITE-\u01f5",
        "suitability": 84.39672124117217,
        "mean_slope": 3.3726205825805664,
        "max_slope": 3.731212615966797,
        "mean_hazard": 0.06631364673376083,
        "shadow_percent": 0.0,
        "decision": "SAFE"
      }
    },
    {
      "type": "Feature",
      "geometry": {
        "type": "Point",
        "coordinates": [
          472.0,
          412.0
        ]
      },
      "properties": {
        "id": "SITE-\u01f6",
        "suitability": 84.3827042416861,
        "mean_slope": 3.446881055831909,
        "max_slope": 3.773810386657715,
        "mean_hazard": 0.06555171310901642,
        "shadow_percent": 0.0,
        "decision": "SAFE"
      }
    },
    {
      "type": "Feature",
      "geometry": {
        "type": "Point",
        "coordinates": [
          80.0,
          48.0
        ]
      },
      "properties": {
        "id": "SITE-\u01f7",
        "suitability": 84.37406402318783,
        "mean_slope": 3.3790805339813232,
        "max_slope": 3.728895902633667,
        "mean_hazard": 0.06702364981174469,
        "shadow_percent": 0.0,
        "decision": "SAFE"
      }
    },
    {
      "type": "Feature",
      "geometry": {
        "type": "Point",
        "coordinates": [
          44.0,
          4.0
        ]
      },
      "properties": {
        "id": "SITE-\u01f8",
        "suitability": 84.33690224901333,
        "mean_slope": 3.488713026046753,
        "max_slope": 3.8083207607269287,
        "mean_hazard": 0.06541847437620163,
        "shadow_percent": 0.0,
        "decision": "SAFE"
      }
    },
    {
      "type": "Feature",
      "geometry": {
        "type": "Point",
        "coordinates": [
          452.0,
          476.0
        ]
      },
      "properties": {
        "id": "SITE-\u01f9",
        "suitability": 84.33422917342436,
        "mean_slope": 3.4205288887023926,
        "max_slope": 3.577190637588501,
        "mean_hazard": 0.06670407950878143,
        "shadow_percent": 0.0,
        "decision": "SAFE"
      }
    },
    {
      "type": "Feature",
      "geometry": {
        "type": "Point",
        "coordinates": [
          196.0,
          124.0
        ]
      },
      "properties": {
        "id": "SITE-\u01fa",
        "suitability": 84.33217423762108,
        "mean_slope": 3.0908620357513428,
        "max_slope": 3.614687442779541,
        "mean_hazard": 0.06858816742897034,
        "shadow_percent": 0.0,
        "decision": "SAFE"
      }
    },
    {
      "type": "Feature",
      "geometry": {
        "type": "Point",
        "coordinates": [
          24.0,
          344.0
        ]
      },
      "properties": {
        "id": "SITE-\u01fb",
        "suitability": 84.28721754623693,
        "mean_slope": 3.382314682006836,
        "max_slope": 3.7089717388153076,
        "mean_hazard": 0.06746163964271545,
        "shadow_percent": 0.0,
        "decision": "SAFE"
      }
    },
    {
      "type": "Feature",
      "geometry": {
        "type": "Point",
        "coordinates": [
          364.0,
          56.0
        ]
      },
      "properties": {
        "id": "SITE-\u01fc",
        "suitability": 84.28357604688091,
        "mean_slope": 3.387661933898926,
        "max_slope": 3.6912362575531006,
        "mean_hazard": 0.06722451001405716,
        "shadow_percent": 0.0,
        "decision": "SAFE"
      }
    },
    {
      "type": "Feature",
      "geometry": {
        "type": "Point",
        "coordinates": [
          84.0,
          168.0
        ]
      },
      "properties": {
        "id": "SITE-\u01fd",
        "suitability": 84.27542013458284,
        "mean_slope": 3.4092752933502197,
        "max_slope": 3.730198860168457,
        "mean_hazard": 0.06731358915567398,
        "shadow_percent": 0.0,
        "decision": "SAFE"
      }
    },
    {
      "type": "Feature",
      "geometry": {
        "type": "Point",
        "coordinates": [
          80.0,
          336.0
        ]
      },
      "properties": {
        "id": "SITE-\u01fe",
        "suitability": 84.23568991341457,
        "mean_slope": 3.404299259185791,
        "max_slope": 3.7368781566619873,
        "mean_hazard": 0.06800176203250885,
        "shadow_percent": 0.0,
        "decision": "SAFE"
      }
    },
    {
      "type": "Feature",
      "geometry": {
        "type": "Point",
        "coordinates": [
          256.0,
          488.0
        ]
      },
      "properties": {
        "id": "SITE-\u01ff",
        "suitability": 84.22781446365401,
        "mean_slope": 3.397463083267212,
        "max_slope": 3.426985263824463,
        "mean_hazard": 0.06794211268424988,
        "shadow_percent": 0.0,
        "decision": "SAFE"
      }
    },
    {
      "type": "Feature",
      "geometry": {
        "type": "Point",
        "coordinates": [
          388.0,
          16.0
        ]
      },
      "properties": {
        "id": "SITE-\u0200",
        "suitability": 84.14739429891878,
        "mean_slope": 3.5508203506469727,
        "max_slope": 3.681483745574951,
        "mean_hazard": 0.06521683186292648,
        "shadow_percent": 0.0,
        "decision": "SAFE"
      }
    },
    {
      "type": "Feature",
      "geometry": {
        "type": "Point",
        "coordinates": [
          80.0,
          240.0
        ]
      },
      "properties": {
        "id": "SITE-\u0201",
        "suitability": 84.14439435199652,
        "mean_slope": 3.476231336593628,
        "max_slope": 3.7924656867980957,
        "mean_hazard": 0.06656969338655472,
        "shadow_percent": 0.0,
        "decision": "SAFE"
      }
    },
    {
      "type": "Feature",
      "geometry": {
        "type": "Point",
        "coordinates": [
          412.0,
          468.0
        ]
      },
      "properties": {
        "id": "SITE-\u0202",
        "suitability": 84.11482838540279,
        "mean_slope": 3.3691375255584717,
        "max_slope": 4.317539691925049,
        "mean_hazard": 0.06897742301225662,
        "shadow_percent": 0.0,
        "decision": "SAFE"
      }
    },
    {
      "type": "Feature",
      "geometry": {
        "type": "Point",
        "coordinates": [
          428.0,
          220.0
        ]
      },
      "properties": {
        "id": "SITE-\u0203",
        "suitability": 84.1102945101433,
        "mean_slope": 3.426269769668579,
        "max_slope": 7.6283721923828125,
        "mean_hazard": 0.06866517663002014,
        "shadow_percent": 0.0,
        "decision": "SAFE"
      }
    },
    {
      "type": "Feature",
      "geometry": {
        "type": "Point",
        "coordinates": [
          68.0,
          184.0
        ]
      },
      "properties": {
        "id": "SITE-\u0204",
        "suitability": 84.10511445320137,
        "mean_slope": 3.4541232585906982,
        "max_slope": 3.7831203937530518,
        "mean_hazard": 0.06808579713106155,
        "shadow_percent": 0.0,
        "decision": "SAFE"
      }
    },
    {
      "type": "Feature",
      "geometry": {
        "type": "Point",
        "coordinates": [
          492.0,
          156.0
        ]
      },
      "properties": {
        "id": "SITE-\u0205",
        "suitability": 84.10227501706976,
        "mean_slope": 3.379013776779175,
        "max_slope": 7.770785331726074,
        "mean_hazard": 0.0689241960644722,
        "shadow_percent": 0.0,
        "decision": "SAFE"
      }
    },
    {
      "type": "Feature",
      "geometry": {
        "type": "Point",
        "coordinates": [
          52.0,
          200.0
        ]
      },
      "properties": {
        "id": "SITE-\u0206",
        "suitability": 84.101623812462,
        "mean_slope": 3.4594662189483643,
        "max_slope": 3.7957236766815186,
        "mean_hazard": 0.06843819469213486,
        "shadow_percent": 0.0,
        "decision": "SAFE"
      }
    },
    {
      "type": "Feature",
      "geometry": {
        "type": "Point",
        "coordinates": [
          16.0,
          236.0
        ]
      },
      "properties": {
        "id": "SITE-\u0207",
        "suitability": 84.0306994587027,
        "mean_slope": 3.4481759071350098,
        "max_slope": 3.798699140548706,
        "mean_hazard": 0.06892379373311996,
        "shadow_percent": 0.0,
        "decision": "SAFE"
      }
    },
    {
      "type": "Feature",
      "geometry": {
        "type": "Point",
        "coordinates": [
          312.0,
          432.0
        ]
      },
      "properties": {
        "id": "SITE-\u0208",
        "suitability": 84.02952448683025,
        "mean_slope": 3.446432590484619,
        "max_slope": 3.4885945320129395,
        "mean_hazard": 0.06897375732660294,
        "shadow_percent": 0.0,
        "decision": "SAFE"
      }
    },
    {
      "type": "Feature",
      "geometry": {
        "type": "Point",
        "coordinates": [
          124.0,
          352.0
        ]
      },
      "properties": {
        "id": "SITE-\u0209",
        "suitability": 84.02428971174803,
        "mean_slope": 3.4475297927856445,
        "max_slope": 3.612920045852661,
        "mean_hazard": 0.06896307319402695,
        "shadow_percent": 0.0,
        "decision": "SAFE"
      }
    },
    {
      "type": "Feature",
      "geometry": {
        "type": "Point",
        "coordinates": [
          124.0,
          300.0
        ]
      },
      "properties": {
        "id": "SITE-\u020a",
        "suitability": 83.96712336465967,
        "mean_slope": 3.4588539600372314,
        "max_slope": 5.575523376464844,
        "mean_hazard": 0.06885594129562378,
        "shadow_percent": 0.0,
        "decision": "SAFE"
      }
    },
    {
      "type": "Feature",
      "geometry": {
        "type": "Point",
        "coordinates": [
          28.0,
          64.0
        ]
      },
      "properties": {
        "id": "SITE-\u020b",
        "suitability": 83.93844486296354,
        "mean_slope": 3.502743721008301,
        "max_slope": 3.8357512950897217,
        "mean_hazard": 0.06867626309394836,
        "shadow_percent": 0.0,
        "decision": "SAFE"
      }
    },
    {
      "type": "Feature",
      "geometry": {
        "type": "Point",
        "coordinates": [
          464.0,
          492.0
        ]
      },
      "properties": {
        "id": "SITE-\u020c",
        "suitability": 83.92885150955655,
        "mean_slope": 3.569727897644043,
        "max_slope": 3.7389118671417236,
        "mean_hazard": 0.06750175356864929,
        "shadow_percent": 0.0,
        "decision": "SAFE"
      }
    },
    {
      "type": "Feature",
      "geometry": {
        "type": "Point",
        "coordinates": [
          4.0,
          444.0
        ]
      },
      "properties": {
        "id": "SITE-\u020d",
        "suitability": 83.92620034873327,
        "mean_slope": 3.595560073852539,
        "max_slope": 3.729130268096924,
        "mean_hazard": 0.06735777109861374,
        "shadow_percent": 0.0,
        "decision": "SAFE"
      }
    },
    {
      "type": "Feature",
      "geometry": {
        "type": "Point",
        "coordinates": [
          320.0,
          4.0
        ]
      },
      "properties": {
        "id": "SITE-\u020e",
        "suitability": 83.90451587669307,
        "mean_slope": 3.601902723312378,
        "max_slope": 3.9270007610321045,
        "mean_hazard": 0.06748820096254349,
        "shadow_percent": 0.0,
        "decision": "SAFE"
      }
    },
    {
      "type": "Feature",
      "geometry": {
        "type": "Point",
        "coordinates": [
          320.0,
          424.0
        ]
      },
      "properties": {
        "id": "SITE-\u020f",
        "suitability": 83.87467872650758,
        "mean_slope": 3.4905214309692383,
        "max_slope": 3.538114070892334,
        "mean_hazard": 0.0697915181517601,
        "shadow_percent": 0.0,
        "decision": "SAFE"
      }
    },
    {
      "type": "Feature",
      "geometry": {
        "type": "Point",
        "coordinates": [
          76.0,
          176.0
        ]
      },
      "properties": {
        "id": "SITE-\u0210",
        "suitability": 83.8400334728356,
        "mean_slope": 3.5380382537841797,
        "max_slope": 3.853893518447876,
        "mean_hazard": 0.06910205632448196,
        "shadow_percent": 0.0,
        "decision": "SAFE"
      }
    },
    {
      "type": "Feature",
      "geometry": {
        "type": "Point",
        "coordinates": [
          184.0,
          60.0
        ]
      },
      "properties": {
        "id": "SITE-\u0211",
        "suitability": 83.81927462727971,
        "mean_slope": 3.5998620986938477,
        "max_slope": 3.911485195159912,
        "mean_hazard": 0.06796339154243469,
        "shadow_percent": 0.0,
        "decision": "SAFE"
      }
    },
    {
      "type": "Feature",
      "geometry": {
        "type": "Point",
        "coordinates": [
          420.0,
          228.0
        ]
      },
      "properties": {
        "id": "SITE-\u0212",
        "suitability": 83.79048018918056,
        "mean_slope": 3.491748094558716,
        "max_slope": 7.606404781341553,
        "mean_hazard": 0.0702713206410408,
        "shadow_percent": 0.0,
        "decision": "SAFE"
      }
    },
    {
      "type": "Feature",
      "geometry": {
        "type": "Point",
        "coordinates": [
          200.0,
          172.0
        ]
      },
      "properties": {
        "id": "SITE-\u0213",
        "suitability": 83.75974899202781,
        "mean_slope": 3.5644826889038086,
        "max_slope": 3.8717041015625,
        "mean_hazard": 0.06821534037590027,
        "shadow_percent": 0.0,
        "decision": "SAFE"
      }
    },
    {
      "type": "Feature",
      "geometry": {
        "type": "Point",
        "coordinates": [
          76.0,
          112.0
        ]
      },
      "properties": {
        "id": "SITE-\u0214",
        "suitability": 83.73785579241125,
        "mean_slope": 3.6074838638305664,
        "max_slope": 3.897279739379883,
        "mean_hazard": 0.06875762343406677,
        "shadow_percent": 0.0,
        "decision": "SAFE"
      }
    },
    {
      "type": "Feature",
      "geometry": {
        "type": "Point",
        "coordinates": [
          68.0,
          396.0
        ]
      },
      "properties": {
        "id": "SITE-\u0215",
        "suitability": 83.72596973653881,
        "mean_slope": 3.665546178817749,
        "max_slope": 3.906309127807617,
        "mean_hazard": 0.06741539388895035,
        "shadow_percent": 0.0,
        "decision": "SAFE"
      }
    },
    {
      "type": "Feature",
      "geometry": {
        "type": "Point",
        "coordinates": [
          328.0,
          416.0
        ]
      },
      "properties": {
        "id": "SITE-\u0216",
        "suitability": 83.71380498610597,
        "mean_slope": 3.5275990962982178,
        "max_slope": 3.562889337539673,
        "mean_hazard": 0.07048406451940536,
        "shadow_percent": 0.0,
        "decision": "SAFE"
      }
    },
    {
      "type": "Feature",
      "geometry": {
        "type": "Point",
        "coordinates": [
          412.0,
          236.0
        ]
      },
      "properties": {
        "id": "SITE-\u0217",
        "suitability": 83.70549355533102,
        "mean_slope": 3.5021355152130127,
        "max_slope": 7.547452449798584,
        "mean_hazard": 0.07066690176725388,
        "shadow_percent": 0.0,
        "decision": "SAFE"
      }
    },
    {
      "type": "Feature",
      "geometry": {
        "type": "Point",
        "coordinates": [
          124.0,
          336.0
        ]
      },
      "properties": {
        "id": "SITE-\u0218",
        "suitability": 83.70147384750386,
        "mean_slope": 3.57487416267395,
        "max_slope": 3.724891185760498,
        "mean_hazard": 0.06962931156158447,
        "shadow_percent": 0.0,
        "decision": "SAFE"
      }
    },
    {
      "type": "Feature",
      "geometry": {
        "type": "Point",
        "coordinates": [
          492.0,
          492.0
        ]
      },
      "properties": {
        "id": "SITE-\u0219",
        "suitability": 83.68878392895861,
        "mean_slope": 3.553405523300171,
        "max_slope": 3.6279430389404297,
        "mean_hazard": 0.07044726610183716,
        "shadow_percent": 0.0,
        "decision": "SAFE"
      }
    },
    {
      "type": "Feature",
      "geometry": {
        "type": "Point",
        "coordinates": [
          336.0,
          408.0
        ]
      },
      "properties": {
        "id": "SITE-\u021a",
        "suitability": 83.61976114077044,
        "mean_slope": 3.5468990802764893,
        "max_slope": 3.5853800773620605,
        "mean_hazard": 0.07101573795080185,
        "shadow_percent": 0.0,
        "decision": "SAFE"
      }
    },
    {
      "type": "Feature",
      "geometry": {
        "type": "Point",
        "coordinates": [
          4.0,
          44.0
        ]
      },
      "properties": {
        "id": "SITE-\u021b",
        "suitability": 83.60475862050808,
        "mean_slope": 3.6727428436279297,
        "max_slope": 3.9717915058135986,
        "mean_hazard": 0.06881540268659592,
        "shadow_percent": 0.0,
        "decision": "SAFE"
      }
    },
    {
      "type": "Feature",
      "geometry": {
        "type": "Point",
        "coordinates": [
          452.0,
          456.0
        ]
      },
      "properties": {
        "id": "SITE-\u021c",
        "suitability": 83.60012183499892,
        "mean_slope": 3.566221237182617,
        "max_slope": 3.6395156383514404,
        "mean_hazard": 0.07112103700637817,
        "shadow_percent": 0.0,
        "decision": "SAFE"
      }
    },
    {
      "type": "Feature",
      "geometry": {
        "type": "Point",
        "coordinates": [
          224.0,
          92.0
        ]
      },
      "properties": {
        "id": "SITE-\u021d",
        "suitability": 83.59131042885907,
        "mean_slope": 3.6274023056030273,
        "max_slope": 3.9474453926086426,
        "mean_hazard": 0.0696098729968071,
        "shadow_percent": 0.0,
        "decision": "SAFE"
      }
    },
    {
      "type": "Feature",
      "geometry": {
        "type": "Point",
        "coordinates": [
          44.0,
          296.0
        ]
      },
      "properties": {
        "id": "SITE-\u021e",
        "suitability": 83.55329024383275,
        "mean_slope": 3.62100887298584,
        "max_slope": 3.957268714904785,
        "mean_hazard": 0.07047304511070251,
        "shadow_percent": 0.0,
        "decision": "SAFE"
      }
    },
    {
      "type": "Feature",
      "geometry": {
        "type": "Point",
        "coordinates": [
          172.0,
          208.0
        ]
      },
      "properties": {
        "id": "SITE-\u021f",
        "suitability": 83.55167250780309,
        "mean_slope": 3.645341396331787,
        "max_slope": 3.919398307800293,
        "mean_hazard": 0.06947991251945496,
        "shadow_percent": 0.0,
        "decision": "SAFE"
      }
    },
    {
      "type": "Feature",
      "geometry": {
        "type": "Point",
        "coordinates": [
          376.0,
          4.0
        ]
      },
      "properties": {
        "id": "SITE-\u0220",
        "suitability": 83.54935713527728,
        "mean_slope": 3.7270781993865967,
        "max_slope": 3.8414254188537598,
        "mean_hazard": 0.06787609308958054,
        "shadow_percent": 0.0,
        "decision": "SAFE"
      }
    },
    {
      "type": "Feature",
      "geometry": {
        "type": "Point",
        "coordinates": [
          400.0,
          4.0
        ]
      },
      "properties": {
        "id": "SITE-\u0221",
        "suitability": 83.48346480688691,
        "mean_slope": 3.7367541790008545,
        "max_slope": 3.8370230197906494,
        "mean_hazard": 0.0685439184308052,
        "shadow_percent": 0.0,
        "decision": "SAFE"
      }
    },
    {
      "type": "Feature",
      "geometry": {
        "type": "Point",
        "coordinates": [
          108.0,
          352.0
        ]
      },
      "properties": {
        "id": "SITE-\u0222",
        "suitability": 83.45276998716895,
        "mean_slope": 3.691650629043579,
        "max_slope": 3.9066810607910156,
        "mean_hazard": 0.07005688548088074,
        "shadow_percent": 0.0,
        "decision": "SAFE"
      }
    },
    {
      "type": "Feature",
      "geometry": {
        "type": "Point",
        "coordinates": [
          312.0,
          68.0
        ]
      },
      "properties": {
        "id": "SITE-\u0223",
        "suitability": 83.4400398255038,
        "mean_slope": 3.7132773399353027,
        "max_slope": 3.9917993545532227,
        "mean_hazard": 0.06983592361211777,
        "shadow_percent": 0.0,
        "decision": "SAFE"
      }
    },
    {
      "type": "Feature",
      "geometry": {
        "type": "Point",
        "coordinates": [
          4.0,
          460.0
        ]
      },
      "properties": {
        "id": "SITE-\u0224",
        "suitability": 83.43475928949547,
        "mean_slope": 3.772021770477295,
        "max_slope": 3.8166890144348145,
        "mean_hazard": 0.06856689602136612,
        "shadow_percent": 0.0,
        "decision": "SAFE"
      }
    },
    {
      "type": "Feature",
      "geometry": {
        "type": "Point",
        "coordinates": [
          168.0,
          76.0
        ]
      },
      "properties": {
        "id": "SITE-\u0225",
        "suitability": 83.42440644544223,
        "mean_slope": 3.745734214782715,
        "max_slope": 4.034915924072266,
        "mean_hazard": 0.06916862726211548,
        "shadow_percent": 0.0,
        "decision": "SAFE"
      }
    },
    {
      "type": "Feature",
      "geometry": {
        "type": "Point",
        "coordinates": [
          468.0,
          464.0
        ]
      },
      "properties": {
        "id": "SITE-\u0226",
        "suitability": 83.39531004902749,
        "mean_slope": 3.6759798526763916,
        "max_slope": 3.7932474613189697,
        "mean_hazard": 0.07129736244678497,
        "shadow_percent": 0.0,
        "decision": "SAFE"
      }
    },
    {
      "type": "Feature",
      "geometry": {
        "type": "Point",
        "coordinates": [
          20.0,
          460.0
        ]
      },
      "properties": {
        "id": "SITE-\u0227",
        "suitability": 83.38248734636045,
        "mean_slope": 3.7132174968719482,
        "max_slope": 3.8905277252197266,
        "mean_hazard": 0.0699060782790184,
        "shadow_percent": 0.0,
        "decision": "SAFE"
      }
    },
    {
      "type": "Feature",
      "geometry": {
        "type": "Point",
        "coordinates": [
          52.0,
          368.0
        ]
      },
      "properties": {
        "id": "SITE-\u0228",
        "suitability": 83.33882854728596,
        "mean_slope": 3.6294431686401367,
        "max_slope": 3.9225385189056396,
        "mean_hazard": 0.07216648012399673,
        "shadow_percent": 0.0,
        "decision": "SAFE"
      }
    },
    {
      "type": "Feature",
      "geometry": {
        "type": "Point",
        "coordinates": [
          304.0,
          440.0
        ]
      },
      "properties": {
        "id": "SITE-\u0229",
        "suitability": 83.33532726023986,
        "mean_slope": 3.6632566452026367,
        "max_slope": 3.779656171798706,
        "mean_hazard": 0.07176916301250458,
        "shadow_percent": 0.0,
        "decision": "SAFE"
      }
    },
    {
      "type": "Feature",
      "geometry": {
        "type": "Point",
        "coordinates": [
          436.0,
          212.0
        ]
      },
      "properties": {
        "id": "SITE-\u022a",
        "suitability": 83.31196043270565,
        "mean_slope": 3.618598222732544,
        "max_slope": 7.765081882476807,
        "mean_hazard": 0.0726553276181221,
        "shadow_percent": 0.0,
        "decision": "SAFE"
      }
    },
    {
      "type": "Feature",
      "geometry": {
        "type": "Point",
        "coordinates": [
          108.0,
          336.0
        ]
      },
      "properties": {
        "id": "SITE-\u022b",
        "suitability": 83.23431487283975,
        "mean_slope": 3.645228862762451,
        "max_slope": 3.831923007965088,
        "mean_hazard": 0.0728633850812912,
        "shadow_percent": 0.0,
        "decision": "SAFE"
      }
    },
    {
      "type": "Feature",
      "geometry": {
        "type": "Point",
        "coordinates": [
          216.0,
          104.0
        ]
      },
      "properties": {
        "id": "SITE-\u022c",
        "suitability": 83.16674840265938,
        "mean_slope": 3.8337392807006836,
        "max_slope": 4.11873722076416,
        "mean_hazard": 0.07004798948764801,
        "shadow_percent": 0.0,
        "decision": "SAFE"
      }
    },
    {
      "type": "Feature",
      "geometry": {
        "type": "Point",
        "coordinates": [
          72.0,
          248.0
        ]
      },
      "properties": {
        "id": "SITE-\u022d",
        "suitability": 83.1428552328996,
        "mean_slope": 3.783740758895874,
        "max_slope": 4.081393241882324,
        "mean_hazard": 0.07105424255132675,
        "shadow_percent": 0.0,
        "decision": "SAFE"
      }
    },
    {
      "type": "Feature",
      "geometry": {
        "type": "Point",
        "coordinates": [
          104.0,
          208.0
        ]
      },
      "properties": {
        "id": "SITE-\u022e",
        "suitability": 83.07585282192512,
        "mean_slope": 3.729781150817871,
        "max_slope": 4.026600360870361,
        "mean_hazard": 0.07333491742610931,
        "shadow_percent": 0.0,
        "decision": "SAFE"
      }
    },
    {
      "type": "Feature",
      "geometry": {
        "type": "Point",
        "coordinates": [
          4.0,
          244.0
        ]
      },
      "properties": {
        "id": "SITE-\u022f",
        "suitability": 83.05640459587484,
        "mean_slope": 3.816650152206421,
        "max_slope": 4.129480838775635,
        "mean_hazard": 0.0714513435959816,
        "shadow_percent": 0.0,
        "decision": "SAFE"
      }
    },
    {
      "type": "Feature",
      "geometry": {
        "type": "Point",
        "coordinates": [
          188.0,
          220.0
        ]
      },
      "properties": {
        "id": "SITE-\u0230",
        "suitability": 82.96495396783271,
        "mean_slope": 3.728389024734497,
        "max_slope": 4.001087665557861,
        "mean_hazard": 0.0731232762336731,
        "shadow_percent": 0.0,
        "decision": "SAFE"
      }
    },
    {
      "type": "Feature",
      "geometry": {
        "type": "Point",
        "coordinates": [
          320.0,
          440.0
        ]
      },
      "properties": {
        "id": "SITE-\u0231",
        "suitability": 82.96391012356969,
        "mean_slope": 3.7150237560272217,
        "max_slope": 3.8861396312713623,
        "mean_hazard": 0.07431706041097641,
        "shadow_percent": 0.0,
        "decision": "SAFE"
      }
    },
    {
      "type": "Feature",
      "geometry": {
        "type": "Point",
        "coordinates": [
          176.0,
          68.0
        ]
      },
      "properties": {
        "id": "SITE-\u0232",
        "suitability": 82.96374323095326,
        "mean_slope": 3.874591112136841,
        "max_slope": 4.1601338386535645,
        "mean_hazard": 0.07134207338094711,
        "shadow_percent": 0.0,
        "decision": "SAFE"
      }
    },
    {
      "type": "Feature",
      "geometry": {
        "type": "Point",
        "coordinates": [
          56.0,
          260.0
        ]
      },
      "properties": {
        "id": "SITE-\u0233",
        "suitability": 82.91186144184603,
        "mean_slope": 3.780613422393799,
        "max_slope": 4.069639682769775,
        "mean_hazard": 0.07392924278974533,
        "shadow_percent": 0.0,
        "decision": "SAFE"
      }
    },
    {
      "type": "Feature",
      "geometry": {
        "type": "Point",
        "coordinates": [
          44.0,
          208.0
        ]
      },
      "properties": {
        "id": "SITE-\u0234",
        "suitability": 82.86844379702802,
        "mean_slope": 3.7825069427490234,
        "max_slope": 4.1002984046936035,
        "mean_hazard": 0.07292475551366806,
        "shadow_percent": 0.0,
        "decision": "SAFE"
      }
    },
    {
      "type": "Feature",
      "geometry": {
        "type": "Point",
        "coordinates": [
          356.0,
          48.0
        ]
      },
      "properties": {
        "id": "SITE-\u0235",
        "suitability": 82.86490101285794,
        "mean_slope": 3.8375909328460693,
        "max_slope": 4.112137317657471,
        "mean_hazard": 0.07302188128232956,
        "shadow_percent": 0.0,
        "decision": "SAFE"
      }
    },
    {
      "type": "Feature",
      "geometry": {
        "type": "Point",
        "coordinates": [
          16.0,
          416.0
        ]
      },
      "properties": {
        "id": "SITE-\u0236",
        "suitability": 82.84816469696163,
        "mean_slope": 3.749903917312622,
        "max_slope": 4.007081985473633,
        "mean_hazard": 0.07477716356515884,
        "shadow_percent": 0.0,
        "decision": "SAFE"
      }
    },
    {
      "type": "Feature",
      "geometry": {
        "type": "Point",
        "coordinates": [
          168.0,
          296.0
        ]
      },
      "properties": {
        "id": "SITE-\u0237",
        "suitability": 82.84294088312163,
        "mean_slope": 3.7483527660369873,
        "max_slope": 3.7826340198516846,
        "mean_hazard": 0.07489581406116486,
        "shadow_percent": 0.0,
        "decision": "SAFE"
      }
    },
    {
      "type": "Feature",
      "geometry": {
        "type": "Point",
        "coordinates": [
          268.0,
          488.0
        ]
      },
      "properties": {
        "id": "SITE-\u0238",
        "suitability": 82.82317676750472,
        "mean_slope": 3.7843353748321533,
        "max_slope": 3.9403910636901855,
        "mean_hazard": 0.07415655255317688,
        "shadow_percent": 0.0,
        "decision": "SAFE"
      }
    },
    {
      "type": "Feature",
      "geometry": {
        "type": "Point",
        "coordinates": [
          440.0,
          456.0
        ]
      },
      "properties": {
        "id": "SITE-\u0239",
        "suitability": 82.8200342329761,
        "mean_slope": 3.820939064025879,
        "max_slope": 4.011824131011963,
        "mean_hazard": 0.07396269589662552,
        "shadow_percent": 0.0,
        "decision": "SAFE"
      }
    },
    {
      "type": "Feature",
      "geometry": {
        "type": "Point",
        "coordinates": [
          476.0,
          492.0
        ]
      },
      "properties": {
        "id": "SITE-\u023a",
        "suitability": 82.81937808369628,
        "mean_slope": 3.8175764083862305,
        "max_slope": 3.897836446762085,
        "mean_hazard": 0.07391750812530518,
        "shadow_percent": 0.0,
        "decision": "SAFE"
      }
    },
    {
      "type": "Feature",
      "geometry": {
        "type": "Point",
        "coordinates": [
          484.0,
          164.0
        ]
      },
      "properties": {
        "id": "SITE-\u023b",
        "suitability": 82.81755649232598,
        "mean_slope": 3.7179293632507324,
        "max_slope": 7.907491207122803,
        "mean_hazard": 0.075026735663414,
        "shadow_percent": 0.0,
        "decision": "SAFE"
      }
    },
    {
      "type": "Feature",
      "geometry": {
        "type": "Point",
        "coordinates": [
          60.0,
          388.0
        ]
      },
      "properties": {
        "id": "SITE-\u023c",
        "suitability": 82.77778937893498,
        "mean_slope": 3.908923625946045,
        "max_slope": 4.143496513366699,
        "mean_hazard": 0.07244274020195007,
        "shadow_percent": 0.0,
        "decision": "SAFE"
      }
    },
    {
      "type": "Feature",
      "geometry": {
        "type": "Point",
        "coordinates": [
          328.0,
          432.0
        ]
      },
      "properties": {
        "id": "SITE-\u023d",
        "suitability": 82.77092407656696,
        "mean_slope": 3.761122226715088,
        "max_slope": 3.9331560134887695,
        "mean_hazard": 0.07514464110136032,
        "shadow_percent": 0.0,
        "decision": "SAFE"
      }
    },
    {
      "type": "Feature",
      "geometry": {
        "type": "Point",
        "coordinates": [
          332.0,
          80.0
        ]
      },
      "properties": {
        "id": "SITE-\u023e",
        "suitability": 82.75955039149311,
        "mean_slope": 3.810199499130249,
        "max_slope": 4.077354907989502,
        "mean_hazard": 0.07456628978252411,
        "shadow_percent": 0.0,
        "decision": "SAFE"
      }
    },
    {
      "type": "Feature",
      "geometry": {
        "type": "Point",
        "coordinates": [
          116.0,
          360.0
        ]
      },
      "properties": {
        "id": "SITE-\u023f",
        "suitability": 82.74118569437752,
        "mean_slope": 3.860391139984131,
        "max_slope": 4.060019493103027,
        "mean_hazard": 0.0739562064409256,
        "shadow_percent": 0.0,
        "decision": "SAFE"
      }
    },
    {
      "type": "Feature",
      "geometry": {
        "type": "Point",
        "coordinates": [
          300.0,
          48.0
        ]
      },
      "properties": {
        "id": "SITE-\u0240",
        "suitability": 82.73261453591381,
        "mean_slope": 3.7832584381103516,
        "max_slope": 4.064512729644775,
        "mean_hazard": 0.07558031380176544,
        "shadow_percent": 0.0,
        "decision": "SAFE"
      }
    },
    {
      "type": "Feature",
      "geometry": {
        "type": "Point",
        "coordinates": [
          344.0,
          400.0
        ]
      },
      "properties": {
        "id": "SITE-\u0241",
        "suitability": 82.69980120224757,
        "mean_slope": 3.816190242767334,
        "max_slope": 3.934134006500244,
        "mean_hazard": 0.07496567070484161,
        "shadow_percent": 0.0,
        "decision": "SAFE"
      }
    },
    {
      "type": "Feature",
      "geometry": {
        "type": "Point",
        "coordinates": [
          132.0,
          344.0
        ]
      },
      "properties": {
        "id": "SITE-\u0242",
        "suitability": 82.68859688566316,
        "mean_slope": 3.8317205905914307,
        "max_slope": 3.9966673851013184,
        "mean_hazard": 0.07467257231473923,
        "shadow_percent": 0.0,
        "decision": "SAFE"
      }
    },
    {
      "type": "Feature",
      "geometry": {
        "type": "Point",
        "coordinates": [
          4.0,
          472.0
        ]
      },
      "properties": {
        "id": "SITE-\u0243",
        "suitability": 82.66977910077274,
        "mean_slope": 3.9720685482025146,
        "max_slope": 4.106822490692139,
        "mean_hazard": 0.07227115333080292,
        "shadow_percent": 0.0,
        "decision": "SAFE"
      }
    },
    {
      "type": "Feature",
      "geometry": {
        "type": "Point",
        "coordinates": [
          480.0,
          476.0
        ]
      },
      "properties": {
        "id": "SITE-\u0244",
        "suitability": 82.6558255813456,
        "mean_slope": 3.8830080032348633,
        "max_slope": 3.994236707687378,
        "mean_hazard": 0.07408890873193741,
        "shadow_percent": 0.0,
        "decision": "SAFE"
      }
    },
    {
      "type": "Feature",
      "geometry": {
        "type": "Point",
        "coordinates": [
          340.0,
          420.0
        ]
      },
      "properties": {
        "id": "SITE-\u0245",
        "suitability": 82.63617828578171,
        "mean_slope": 3.7934393882751465,
        "max_slope": 3.959918975830078,
        "mean_hazard": 0.07593527436256409,
        "shadow_percent": 0.0,
        "decision": "SAFE"
      }
    },
    {
      "type": "Feature",
      "geometry": {
        "type": "Point",
        "coordinates": [
          248.0,
          480.0
        ]
      },
      "properties": {
        "id": "SITE-\u0246",
        "suitability": 82.59054657734426,
        "mean_slope": 3.796982526779175,
        "max_slope": 3.981123685836792,
        "mean_hazard": 0.07597438991069794,
        "shadow_percent": 0.0,
        "decision": "SAFE"
      }
    },
    {
      "type": "Feature",
      "geometry": {
        "type": "Point",
        "coordinates": [
          484.0,
          408.0
        ]
      },
      "properties": {
        "id": "SITE-\u0247",
        "suitability": 82.5756944134149,
        "mean_slope": 3.918160915374756,
        "max_slope": 4.162027359008789,
        "mean_hazard": 0.07417023926973343,
        "shadow_percent": 0.0,
        "decision": "SAFE"
      }
    },
    {
      "type": "Feature",
      "geometry": {
        "type": "Point",
        "coordinates": [
          176.0,
          288.0
        ]
      },
      "properties": {
        "id": "SITE-\u0248",
        "suitability": 82.52284775757913,
        "mean_slope": 3.815046787261963,
        "max_slope": 3.8442740440368652,
        "mean_hazard": 0.07627508044242859,
        "shadow_percent": 0.0,
        "decision": "SAFE"
      }
    },
    {
      "type": "Feature",
      "geometry": {
        "type": "Point",
        "coordinates": [
          388.0,
          4.0
        ]
      },
      "properties": {
        "id": "SITE-\u0249",
        "suitability": 82.4787054952744,
        "mean_slope": 4.0099592208862305,
        "max_slope": 4.0423760414123535,
        "mean_hazard": 0.07273057103157043,
        "shadow_percent": 0.0,
        "decision": "SAFE"
      }
    },
    {
      "type": "Feature",
      "geometry": {
        "type": "Point",
        "coordinates": [
          336.0,
          28.0
        ]
      },
      "properties": {
        "id": "SITE-\u024a",
        "suitability": 82.4757609183084,
        "mean_slope": 3.8839571475982666,
        "max_slope": 4.17393159866333,
        "mean_hazard": 0.07492481917142868,
        "shadow_percent": 0.0,
        "decision": "SAFE"
      }
    },
    {
      "type": "Feature",
      "geometry": {
        "type": "Point",
        "coordinates": [
          76.0,
          404.0
        ]
      },
      "properties": {
        "id": "SITE-\u024b",
        "suitability": 82.42415184572185,
        "mean_slope": 3.975942373275757,
        "max_slope": 4.1968512535095215,
        "mean_hazard": 0.0744311511516571,
        "shadow_percent": 0.0,
        "decision": "SAFE"
      }
    },
    {
      "type": "Feature",
      "geometry": {
        "type": "Point",
        "coordinates": [
          308.0,
          420.0
        ]
      },
      "properties": {
        "id": "SITE-\u024c",
        "suitability": 82.39560559115348,
        "mean_slope": 3.861494779586792,
        "max_slope": 4.044728755950928,
        "mean_hazard": 0.07726244628429413,
        "shadow_percent": 0.0,
        "decision": "SAFE"
      }
    },
    {
      "type": "Feature",
      "geometry": {
        "type": "Point",
        "coordinates": [
          260.0,
          476.0
        ]
      },
      "properties": {
        "id": "SITE-\u024d",
        "suitability": 82.37062222358503,
        "mean_slope": 3.920952081680298,
        "max_slope": 4.086844444274902,
        "mean_hazard": 0.0758119747042656,
        "shadow_percent": 0.0,
        "decision": "SAFE"
      }
    },
    {
      "type": "Feature",
      "geometry": {
        "type": "Point",
        "coordinates": [
          212.0,
          40.0
        ]
      },
      "properties": {
        "id": "SITE-\u024e",
        "suitability": 82.36836044180107,
        "mean_slope": 3.871189832687378,
        "max_slope": 4.162946701049805,
        "mean_hazard": 0.07710707932710648,
        "shadow_percent": 0.0,
        "decision": "SAFE"
      }
    },
    {
      "type": "Feature",
      "geometry": {
        "type": "Point",
        "coordinates": [
          4.0,
          428.0
        ]
      },
      "properties": {
        "id": "SITE-\u024f",
        "suitability": 82.36731677588232,
        "mean_slope": 3.9010415077209473,
        "max_slope": 4.153685569763184,
        "mean_hazard": 0.07677987217903137,
        "shadow_percent": 0.0,
        "decision": "SAFE"
      }
    },
    {
      "type": "Feature",
      "geometry": {
        "type": "Point",
        "coordinates": [
          420.0,
          460.0
        ]
      },
      "properties": {
        "id": "SITE-\u0250",
        "suitability": 82.33421669263429,
        "mean_slope": 3.9074814319610596,
        "max_slope": 4.745707035064697,
        "mean_hazard": 0.07613862305879593,
        "shadow_percent": 0.0,
        "decision": "SAFE"
      }
    },
    {
      "type": "Feature",
      "geometry": {
        "type": "Point",
        "coordinates": [
          464.0,
          480.0
        ]
      },
      "properties": {
        "id": "SITE-\u0251",
        "suitability": 82.33214644036778,
        "mean_slope": 3.9588897228240967,
        "max_slope": 4.026224613189697,
        "mean_hazard": 0.07576257735490799,
        "shadow_percent": 0.0,
        "decision": "SAFE"
      }
    },
    {
      "type": "Feature",
      "geometry": {
        "type": "Point",
        "coordinates": [
          312.0,
          448.0
        ]
      },
      "properties": {
        "id": "SITE-\u0252",
        "suitability": 82.3306158310607,
        "mean_slope": 3.9121766090393066,
        "max_slope": 4.069151878356934,
        "mean_hazard": 0.07687061280012131,
        "shadow_percent": 0.0,
        "decision": "SAFE"
      }
    },
    {
      "type": "Feature",
      "geometry": {
        "type": "Point",
        "coordinates": [
          348.0,
          412.0
        ]
      },
      "properties": {
        "id": "SITE-\u0253",
        "suitability": 82.3129972724771,
        "mean_slope": 3.8814520835876465,
        "max_slope": 4.052340030670166,
        "mean_hazard": 0.077372245490551,
        "shadow_percent": 0.0,
        "decision": "SAFE"
      }
    },
    {
      "type": "Feature",
      "geometry": {
        "type": "Point",
        "coordinates": [
          244.0,
          492.0
        ]
      },
      "properties": {
        "id": "SITE-\u0254",
        "suitability": 82.28782225324363,
        "mean_slope": 3.9399421215057373,
        "max_slope": 4.141655921936035,
        "mean_hazard": 0.07606497406959534,
        "shadow_percent": 0.0,
        "decision": "SAFE"
      }
    },
    {
      "type": "Feature",
      "geometry": {
        "type": "Point",
        "coordinates": [
          160.0,
          304.0
        ]
      },
      "properties": {
        "id": "SITE-\u0255",
        "suitability": 82.27781777387395,
        "mean_slope": 3.929286479949951,
        "max_slope": 4.023439884185791,
        "mean_hazard": 0.0767904669046402,
        "shadow_percent": 0.0,
        "decision": "SAFE"
      }
    },
    {
      "type": "Feature",
      "geometry": {
        "type": "Point",
        "coordinates": [
          300.0,
          428.0
        ]
      },
      "properties": {
        "id": "SITE-\u0256",
        "suitability": 82.24279228441557,
        "mean_slope": 3.9098310470581055,
        "max_slope": 4.083588600158691,
        "mean_hazard": 0.07772953808307648,
        "shadow_percent": 0.0,
        "decision": "SAFE"
      }
    },
    {
      "type": "Feature",
      "geometry": {
        "type": "Point",
        "coordinates": [
          276.0,
          40.0
        ]
      },
      "properties": {
        "id": "SITE-\u0257",
        "suitability": 82.22481060279294,
        "mean_slope": 4.042476654052734,
        "max_slope": 4.3458356857299805,
        "mean_hazard": 0.07522318512201309,
        "shadow_percent": 0.0,
        "decision": "SAFE"
      }
    },
    {
      "type": "Feature",
      "geometry": {
        "type": "Point",
        "coordinates": [
          224.0,
          28.0
        ]
      },
      "properties": {
        "id": "SITE-\u0258",
        "suitability": 82.19855257337112,
        "mean_slope": 3.906134605407715,
        "max_slope": 4.194551467895508,
        "mean_hazard": 0.07790527492761612,
        "shadow_percent": 0.0,
        "decision": "SAFE"
      }
    },
    {
      "type": "Feature",
      "geometry": {
        "type": "Point",
        "coordinates": [
          184.0,
          280.0
        ]
      },
      "properties": {
        "id": "SITE-\u0259",
        "suitability": 82.19095863323135,
        "mean_slope": 3.908144235610962,
        "max_slope": 3.9325602054595947,
        "mean_hazard": 0.0779748260974884,
        "shadow_percent": 0.0,
        "decision": "SAFE"
      }
    },
    {
      "type": "Feature",
      "geometry": {
        "type": "Point",
        "coordinates": [
          316.0,
          412.0
        ]
      },
      "properties": {
        "id": "SITE-\u025a",
        "suitability": 82.1860509159958,
        "mean_slope": 3.920203447341919,
        "max_slope": 4.102960586547852,
        "mean_hazard": 0.07824011892080307,
        "shadow_percent": 0.0,
        "decision": "SAFE"
      }
    },
    {
      "type": "Feature",
      "geometry": {
        "type": "Point",
        "coordinates": [
          116.0,
          328.0
        ]
      },
      "properties": {
        "id": "SITE-\u025b",
        "suitability": 82.16033281381443,
        "mean_slope": 3.9480228424072266,
        "max_slope": 4.122645378112793,
        "mean_hazard": 0.07751181721687317,
        "shadow_percent": 0.0,
        "decision": "SAFE"
      }
    },
    {
      "type": "Feature",
      "geometry": {
        "type": "Point",
        "coordinates": [
          192.0,
          272.0
        ]
      },
      "properties": {
        "id": "SITE-\u025c",
        "suitability": 82.13077369333575,
        "mean_slope": 3.9260241985321045,
        "max_slope": 3.9522156715393066,
        "mean_hazard": 0.07860933989286423,
        "shadow_percent": 0.0,
        "decision": "SAFE"
      }
    },
    {
      "type": "Feature",
      "geometry": {
        "type": "Point",
        "coordinates": [
          324.0,
          404.0
        ]
      },
      "properties": {
        "id": "SITE-\u025d",
        "suitability": 82.06824862361363,
        "mean_slope": 3.9356369972229004,
        "max_slope": 4.122860908508301,
        "mean_hazard": 0.07876399904489517,
        "shadow_percent": 0.0,
        "decision": "SAFE"
      }
    },
    {
      "type": "Feature",
      "geometry": {
        "type": "Point",
        "coordinates": [
          308.0,
          56.0
        ]
      },
      "properties": {
        "id": "SITE-\u025e",
        "suitability": 81.98237233804628,
        "mean_slope": 4.018899917602539,
        "max_slope": 4.290005207061768,
        "mean_hazard": 0.07842966169118881,
        "shadow_percent": 0.0,
        "decision": "SAFE"
      }
    },
    {
      "type": "Feature",
      "geometry": {
        "type": "Point",
        "coordinates": [
          244.0,
          64.0
        ]
      },
      "properties": {
        "id": "SITE-\u025f",
        "suitability": 81.96917160131464,
        "mean_slope": 3.978233575820923,
        "max_slope": 4.283483982086182,
        "mean_hazard": 0.07917279750108719,
        "shadow_percent": 0.0,
        "decision": "SAFE"
      }
    },
    {
      "type": "Feature",
      "geometry": {
        "type": "Point",
        "coordinates": [
          448.0,
          436.0
        ]
      },
      "properties": {
        "id": "SITE-\u0260",
        "suitability": 81.9345868160736,
        "mean_slope": 4.151729106903076,
        "max_slope": 4.420690059661865,
        "mean_hazard": 0.07612403482198715,
        "shadow_percent": 0.0,
        "decision": "SAFE"
      }
    },
    {
      "type": "Feature",
      "geometry": {
        "type": "Point",
        "coordinates": [
          92.0,
          68.0
        ]
      },
      "properties": {
        "id": "SITE-\u0261",
        "suitability": 81.84689130870166,
        "mean_slope": 4.0206828117370605,
        "max_slope": 4.31227970123291,
        "mean_hazard": 0.0791889876127243,
        "shadow_percent": 0.0,
        "decision": "SAFE"
      }
    },
    {
      "type": "Feature",
      "geometry": {
        "type": "Point",
        "coordinates": [
          28.0,
          228.0
        ]
      },
      "properties": {
        "id": "SITE-\u0262",
        "suitability": 81.84085230426459,
        "mean_slope": 4.043342113494873,
        "max_slope": 4.333286285400391,
        "mean_hazard": 0.07901425659656525,
        "shadow_percent": 0.0,
        "decision": "SAFE"
      }
    },
    {
      "type": "Feature",
      "geometry": {
        "type": "Point",
        "coordinates": [
          348.0,
          40.0
        ]
      },
      "properties": {
        "id": "SITE-\u0263",
        "suitability": 81.8130457231846,
        "mean_slope": 4.138001441955566,
        "max_slope": 4.395888805389404,
        "mean_hazard": 0.07758010923862457,
        "shadow_percent": 0.0,
        "decision": "SAFE"
      }
    },
    {
      "type": "Feature",
      "geometry": {
        "type": "Point",
        "coordinates": [
          36.0,
          348.0
        ]
      },
      "properties": {
        "id": "SITE-\u0264",
        "suitability": 81.79823058736729,
        "mean_slope": 4.020394802093506,
        "max_slope": 4.290430545806885,
        "mean_hazard": 0.07991964370012283,
        "shadow_percent": 0.0,
        "decision": "SAFE"
      }
    },
    {
      "type": "Feature",
      "geometry": {
        "type": "Point",
        "coordinates": [
          24.0,
          52.0
        ]
      },
      "properties": {
        "id": "SITE-\u0265",
        "suitability": 81.78977403900144,
        "mean_slope": 4.0148491859436035,
        "max_slope": 4.3079633712768555,
        "mean_hazard": 0.08013945817947388,
        "shadow_percent": 0.0,
        "decision": "SAFE"
      }
    },
    {
      "type": "Feature",
      "geometry": {
        "type": "Point",
        "coordinates": [
          100.0,
          344.0
        ]
      },
      "properties": {
        "id": "SITE-\u0266",
        "suitability": 81.7410927978851,
        "mean_slope": 4.105598449707031,
        "max_slope": 4.310044765472412,
        "mean_hazard": 0.07847532629966736,
        "shadow_percent": 0.0,
        "decision": "SAFE"
      }
    },
    {
      "type": "Feature",
      "geometry": {
        "type": "Point",
        "coordinates": [
          236.0,
          16.0
        ]
      },
      "properties": {
        "id": "SITE-\u0267",
        "suitability": 81.72438889862525,
        "mean_slope": 4.049877166748047,
        "max_slope": 4.341719627380371,
        "mean_hazard": 0.08006344735622406,
        "shadow_percent": 0.0,
        "decision": "SAFE"
      }
    },
    {
      "type": "Feature",
      "geometry": {
        "type": "Point",
        "coordinates": [
          212.0,
          192.0
        ]
      },
      "properties": {
        "id": "SITE-\u0268",
        "suitability": 81.71977753336203,
        "mean_slope": 4.075212001800537,
        "max_slope": 4.325896739959717,
        "mean_hazard": 0.07946069538593292,
        "shadow_percent": 0.0,
        "decision": "SAFE"
      }
    },
    {
      "type": "Feature",
      "geometry": {
        "type": "Point",
        "coordinates": [
          160.0,
          288.0
        ]
      },
      "properties": {
        "id": "SITE-\u0269",
        "suitability": 81.71779477819341,
        "mean_slope": 4.027343273162842,
        "max_slope": 4.191684246063232,
        "mean_hazard": 0.08052465319633484,
        "shadow_percent": 0.0,
        "decision": "SAFE"
      }
    },
    {
      "type": "Feature",
      "geometry": {
        "type": "Point",
        "coordinates": [
          20.0,
          332.0
        ]
      },
      "properties": {
        "id": "SITE-\u026a",
        "suitability": 81.69682625071214,
        "mean_slope": 4.044196128845215,
        "max_slope": 4.309067726135254,
        "mean_hazard": 0.0806344524025917,
        "shadow_percent": 0.0,
        "decision": "SAFE"
      }
    },
    {
      "type": "Feature",
      "geometry": {
        "type": "Point",
        "coordinates": [
          292.0,
          40.0
        ]
      },
      "properties": {
        "id": "SITE-\u026b",
        "suitability": 81.64032419548666,
        "mean_slope": 4.089353561401367,
        "max_slope": 4.344583034515381,
        "mean_hazard": 0.07998843491077423,
        "shadow_percent": 0.0,
        "decision": "SAFE"
      }
    },
    {
      "type": "Feature",
      "geometry": {
        "type": "Point",
        "coordinates": [
          332.0,
          396.0
        ]
      },
      "properties": {
        "id": "SITE-\u026c",
        "suitability": 81.63368952211759,
        "mean_slope": 4.048698425292969,
        "max_slope": 4.23330020904541,
        "mean_hazard": 0.0805785208940506,
        "shadow_percent": 0.0,
        "decision": "SAFE"
      }
    },
    {
      "type": "Feature",
      "geometry": {
        "type": "Point",
        "coordinates": [
          288.0,
          360.0
        ]
      },
      "properties": {
        "id": "SITE-\u026d",
        "suitability": 81.61647505269661,
        "mean_slope": 4.077385425567627,
        "max_slope": 6.447296619415283,
        "mean_hazard": 0.0805705264210701,
        "shadow_percent": 0.0,
        "decision": "SAFE"
      }
    },
    {
      "type": "Feature",
      "geometry": {
        "type": "Point",
        "coordinates": [
          132.0,
          328.0
        ]
      },
      "properties": {
        "id": "SITE-\u026e",
        "suitability": 81.57237182510099,
        "mean_slope": 4.209254264831543,
        "max_slope": 4.324389934539795,
        "mean_hazard": 0.07872150838375092,
        "shadow_percent": 0.0,
        "decision": "SAFE"
      }
    },
    {
      "type": "Feature",
      "geometry": {
        "type": "Point",
        "coordinates": [
          324.0,
          72.0
        ]
      },
      "properties": {
        "id": "SITE-\u026f",
        "suitability": 81.56949566425601,
        "mean_slope": 4.156547546386719,
        "max_slope": 4.409205913543701,
        "mean_hazard": 0.07956358790397644,
        "shadow_percent": 0.0,
        "decision": "SAFE"
      }
    },
    {
      "type": "Feature",
      "geometry": {
        "type": "Point",
        "coordinates": [
          200.0,
          264.0
        ]
      },
      "properties": {
        "id": "SITE-\u0270",
        "suitability": 81.56042000874348,
        "mean_slope": 4.083141326904297,
        "max_slope": 4.164599418640137,
        "mean_hazard": 0.0810631588101387,
        "shadow_percent": 0.0,
        "decision": "SAFE"
      }
    },
    {
      "type": "Feature",
      "geometry": {
        "type": "Point",
        "coordinates": [
          112.0,
          92.0
        ]
      },
      "properties": {
        "id": "SITE-\u0271",
        "suitability": 81.49179386063817,
        "mean_slope": 4.087263584136963,
        "max_slope": 4.33614444732666,
        "mean_hazard": 0.08088003098964691,
        "shadow_percent": 0.0,
        "decision": "SAFE"
      }
    },
    {
      "type": "Feature",
      "geometry": {
        "type": "Point",
        "coordinates": [
          312.0,
          152.0
        ]
      },
      "properties": {
        "id": "SITE-\u0272",
        "suitability": 81.47717870544288,
        "mean_slope": 4.078517913818359,
        "max_slope": 4.104974269866943,
        "mean_hazard": 0.08168160170316696,
        "shadow_percent": 0.0,
        "decision": "SAFE"
      }
    },
    {
      "type": "Feature",
      "geometry": {
        "type": "Point",
        "coordinates": [
          296.0,
          448.0
        ]
      },
      "properties": {
        "id": "SITE-\u0273",
        "suitability": 81.468923042325,
        "mean_slope": 4.203335762023926,
        "max_slope": 4.355582237243652,
        "mean_hazard": 0.07886303216218948,
        "shadow_percent": 0.0,
        "decision": "SAFE"
      }
    },
    {
      "type": "Feature",
      "geometry": {
        "type": "Point",
        "coordinates": [
          168.0,
          280.0
        ]
      },
      "properties": {
        "id": "SITE-\u0274",
        "suitability": 81.37205943914385,
        "mean_slope": 4.112147331237793,
        "max_slope": 4.276768207550049,
        "mean_hazard": 0.08218783140182495,
        "shadow_percent": 0.0,
        "decision": "SAFE"
      }
    },
    {
      "type": "Feature",
      "geometry": {
        "type": "Point",
        "coordinates": [
          40.0,
          68.0
        ]
      },
      "properties": {
        "id": "SITE-\u0275",
        "suitability": 81.3619507984236,
        "mean_slope": 4.144330024719238,
        "max_slope": 4.422736644744873,
        "mean_hazard": 0.08148115873336792,
        "shadow_percent": 0.0,
        "decision": "SAFE"
      }
    },
    {
      "type": "Feature",
      "geometry": {
        "type": "Point",
        "coordinates": [
          200.0,
          112.0
        ]
      },
      "properties": {
        "id": "SITE-\u0276",
        "suitability": 81.33867050553471,
        "mean_slope": 4.24264669418335,
        "max_slope": 4.5140228271484375,
        "mean_hazard": 0.07982759177684784,
        "shadow_percent": 0.0,
        "decision": "SAFE"
      }
    },
    {
      "type": "Feature",
      "geometry": {
        "type": "Point",
        "coordinates": [
          260.0,
          204.0
        ]
      },
      "properties": {
        "id": "SITE-\u0277",
        "suitability": 81.32474835933508,
        "mean_slope": 4.122668266296387,
        "max_slope": 4.146744251251221,
        "mean_hazard": 0.08252082020044327,
        "shadow_percent": 0.0,
        "decision": "SAFE"
      }
    },
    {
      "type": "Feature",
      "geometry": {
        "type": "Point",
        "coordinates": [
          68.0,
          332.0
        ]
      },
      "properties": {
        "id": "SITE-\u0278",
        "suitability": 81.30694672239994,
        "mean_slope": 4.130306720733643,
        "max_slope": 4.37747859954834,
        "mean_hazard": 0.08234265446662903,
        "shadow_percent": 0.0,
        "decision": "SAFE"
      }
    },
    {
      "type": "Feature",
      "geometry": {
        "type": "Point",
        "coordinates": [
          152.0,
          296.0
        ]
      },
      "properties": {
        "id": "SITE-\u0279",
        "suitability": 81.2970114126663,
        "mean_slope": 4.167346000671387,
        "max_slope": 4.3098554611206055,
        "mean_hazard": 0.08187861740589142,
        "shadow_percent": 0.0,
        "decision": "SAFE"
      }
    },
    {
      "type": "Feature",
      "geometry": {
        "type": "Point",
        "coordinates": [
          4.0,
          484.0
        ]
      },
      "properties": {
        "id": "SITE-\u027a",
        "suitability": 81.27268464790492,
        "mean_slope": 4.248231887817383,
        "max_slope": 4.503450393676758,
        "mean_hazard": 0.08036838471889496,
        "shadow_percent": 0.0,
        "decision": "SAFE"
      }
    },
    {
      "type": "Feature",
      "geometry": {
        "type": "Point",
        "coordinates": [
          48.0,
          380.0
        ]
      },
      "properties": {
        "id": "SITE-\u027b",
        "suitability": 81.22659744265313,
        "mean_slope": 4.282268524169922,
        "max_slope": 4.823445796966553,
        "mean_hazard": 0.08102826774120331,
        "shadow_percent": 0.0,
        "decision": "SAFE"
      }
    },
    {
      "type": "Feature",
      "geometry": {
        "type": "Point",
        "coordinates": [
          100.0,
          136.0
        ]
      },
      "properties": {
        "id": "SITE-\u027c",
        "suitability": 81.15945942550469,
        "mean_slope": 3.711519718170166,
        "max_slope": 8.524467468261719,
        "mean_hazard": 0.08558197319507599,
        "shadow_percent": 0.0,
        "decision": "CONDITIONAL"
      }
    },
    {
      "type": "Feature",
      "geometry": {
        "type": "Point",
        "coordinates": [
          176.0,
          304.0
        ]
      },
      "properties": {
        "id": "SITE-\u027d",
        "suitability": 81.14862094137625,
        "mean_slope": 4.161965847015381,
        "max_slope": 4.371092319488525,
        "mean_hazard": 0.08315247297286987,
        "shadow_percent": 0.0,
        "decision": "SAFE"
      }
    },
    {
      "type": "Feature",
      "geometry": {
        "type": "Point",
        "coordinates": [
          60.0,
          84.0
        ]
      },
      "properties": {
        "id": "SITE-\u027e",
        "suitability": 81.1413668924699,
        "mean_slope": 4.159327507019043,
        "max_slope": 4.40185546875,
        "mean_hazard": 0.08301135897636414,
        "shadow_percent": 0.0,
        "decision": "SAFE"
      }
    },
    {
      "type": "Feature",
      "geometry": {
        "type": "Point",
        "coordinates": [
          152.0,
          312.0
        ]
      },
      "properties": {
        "id": "SITE-\u027f",
        "suitability": 81.11024691033323,
        "mean_slope": 4.3055901527404785,
        "max_slope": 4.390034198760986,
        "mean_hazard": 0.08125653117895126,
        "shadow_percent": 0.0,
        "decision": "SAFE"
      }
    },
    {
      "type": "Feature",
      "geometry": {
        "type": "Point",
        "coordinates": [
          304.0,
          160.0
        ]
      },
      "properties": {
        "id": "SITE-\u0280",
        "suitability": 81.08703173289898,
        "mean_slope": 4.185260772705078,
        "max_slope": 4.2533040046691895,
        "mean_hazard": 0.08312859386205673,
        "shadow_percent": 0.0,
        "decision": "SAFE"
      }
    },
    {
      "type": "Feature",
      "geometry": {
        "type": "Point",
        "coordinates": [
          44.0,
          264.0
        ]
      },
      "properties": {
        "id": "SITE-\u0281",
        "suitability": 81.07673564198453,
        "mean_slope": 4.19304084777832,
        "max_slope": 4.442329406738281,
        "mean_hazard": 0.08382922410964966,
        "shadow_percent": 0.0,
        "decision": "SAFE"
      }
    },
    {
      "type": "Feature",
      "geometry": {
        "type": "Point",
        "coordinates": [
          108.0,
          196.0
        ]
      },
      "properties": {
        "id": "SITE-\u0282",
        "suitability": 81.05257824139991,
        "mean_slope": 4.199576377868652,
        "max_slope": 4.4239301681518555,
        "mean_hazard": 0.08317500352859497,
        "shadow_percent": 0.0,
        "decision": "SAFE"
      }
    },
    {
      "type": "Feature",
      "geometry": {
        "type": "Point",
        "coordinates": [
          444.0,
          204.0
        ]
      },
      "properties": {
        "id": "SITE-\u0283",
        "suitability": 81.04021708208703,
        "mean_slope": 4.243798732757568,
        "max_slope": 8.069823265075684,
        "mean_hazard": 0.08274905383586884,
        "shadow_percent": 0.0,
        "decision": "CONDITIONAL"
      }
    },
    {
      "type": "Feature",
      "geometry": {
        "type": "Point",
        "coordinates": [
          232.0,
          72.0
        ]
      },
      "properties": {
        "id": "SITE-\u0284",
        "suitability": 81.03459414842578,
        "mean_slope": 4.207251071929932,
        "max_slope": 4.46552038192749,
        "mean_hazard": 0.08412796258926392,
        "shadow_percent": 0.0,
        "decision": "SAFE"
      }
    },
    {
      "type": "Feature",
      "geometry": {
        "type": "Point",
        "coordinates": [
          88.0,
          216.0
        ]
      },
      "properties": {
        "id": "SITE-\u0285",
        "suitability": 81.03039168659964,
        "mean_slope": 4.1899518966674805,
        "max_slope": 4.41446590423584,
        "mean_hazard": 0.08371485769748688,
        "shadow_percent": 0.0,
        "decision": "SAFE"
      }
    },
    {
      "type": "Feature",
      "geometry": {
        "type": "Point",
        "coordinates": [
          176.0,
          272.0
        ]
      },
      "properties": {
        "id": "SITE-\u0286",
        "suitability": 81.0263726790059,
        "mean_slope": 4.209712982177734,
        "max_slope": 4.379651069641113,
        "mean_hazard": 0.08396056294441223,
        "shadow_percent": 0.0,
        "decision": "SAFE"
      }
    },
    {
      "type": "Feature",
      "geometry": {
        "type": "Point",
        "coordinates": [
          292.0,
          436.0
        ]
      },
      "properties": {
        "id": "SITE-\u0287",
        "suitability": 81.02032299249593,
        "mean_slope": 4.271677494049072,
        "max_slope": 4.435854911804199,
        "mean_hazard": 0.08248761296272278,
        "shadow_percent": 0.0,
        "decision": "SAFE"
      }
    },
    {
      "type": "Feature",
      "geometry": {
        "type": "Point",
        "coordinates": [
          100.0,
          120.0
        ]
      },
      "properties": {
        "id": "SITE-\u0288",
        "suitability": 81.01982893000944,
        "mean_slope": 4.1967997550964355,
        "max_slope": 4.391667366027832,
        "mean_hazard": 0.0838952288031578,
        "shadow_percent": 0.0,
        "decision": "SAFE"
      }
    },
    {
      "type": "Feature",
      "geometry": {
        "type": "Point",
        "coordinates": [
          164.0,
          96.0
        ]
      },
      "properties": {
        "id": "SITE-\u0289",
        "suitability": 81.01945013601902,
        "mean_slope": 4.195693492889404,
        "max_slope": 4.442660331726074,
        "mean_hazard": 0.08321432769298553,
        "shadow_percent": 0.0,
        "decision": "SAFE"
      }
    },
    {
      "type": "Feature",
      "geometry": {
        "type": "Point",
        "coordinates": [
          184.0,
          296.0
        ]
      },
      "properties": {
        "id": "SITE-\u028a",
        "suitability": 81.00175207890585,
        "mean_slope": 4.2141242027282715,
        "max_slope": 4.413021564483643,
        "mean_hazard": 0.08430509269237518,
        "shadow_percent": 0.0,
        "decision": "SAFE"
      }
    },
    {
      "type": "Feature",
      "geometry": {
        "type": "Point",
        "coordinates": [
          272.0,
          476.0
        ]
      },
      "properties": {
        "id": "SITE-\u028b",
        "suitability": 80.99854678037931,
        "mean_slope": 4.356630325317383,
        "max_slope": 4.5117363929748535,
        "mean_hazard": 0.08089544624090195,
        "shadow_percent": 0.0,
        "decision": "SAFE"
      }
    },
    {
      "type": "Feature",
      "geometry": {
        "type": "Point",
        "coordinates": [
          52.0,
          28.0
        ]
      },
      "properties": {
        "id": "SITE-\u028c",
        "suitability": 80.99744727119584,
        "mean_slope": 4.220211029052734,
        "max_slope": 4.488311767578125,
        "mean_hazard": 0.08392183482646942,
        "shadow_percent": 0.0,
        "decision": "SAFE"
      }
    },
    {
      "type": "Feature",
      "geometry": {
        "type": "Point",
        "coordinates": [
          44.0,
          452.0
        ]
      },
      "properties": {
        "id": "SITE-\u028d",
        "suitability": 80.98813226621718,
        "mean_slope": 4.1960248947143555,
        "max_slope": 4.550219535827637,
        "mean_hazard": 0.08401326090097427,
        "shadow_percent": 0.0,
        "decision": "SAFE"
      }
    },
    {
      "type": "Feature",
      "geometry": {
        "type": "Point",
        "coordinates": [
          68.0,
          44.0
        ]
      },
      "properties": {
        "id": "SITE-\u028e",
        "suitability": 80.97908584039246,
        "mean_slope": 4.2541117668151855,
        "max_slope": 4.521668434143066,
        "mean_hazard": 0.08359339833259583,
        "shadow_percent": 0.0,
        "decision": "SAFE"
      }
    },
    {
      "type": "Feature",
      "geometry": {
        "type": "Point",
        "coordinates": [
          52.0,
          76.0
        ]
      },
      "properties": {
        "id": "SITE-\u028f",
        "suitability": 80.936645666159,
        "mean_slope": 4.211548328399658,
        "max_slope": 4.468959808349609,
        "mean_hazard": 0.08397088199853897,
        "shadow_percent": 0.0,
        "decision": "SAFE"
      }
    },
    {
      "type": "Feature",
      "geometry": {
        "type": "Point",
        "coordinates": [
          356.0,
          404.0
        ]
      },
      "properties": {
        "id": "SITE-\u0290",
        "suitability": 80.8835614260245,
        "mean_slope": 4.29954719543457,
        "max_slope": 4.450336456298828,
        "mean_hazard": 0.08333791792392731,
        "shadow_percent": 0.0,
        "decision": "SAFE"
      }
    },
    {
      "type": "Feature",
      "geometry": {
        "type": "Point",
        "coordinates": [
          184.0,
          264.0
        ]
      },
      "properties": {
        "id": "SITE-\u0291",
        "suitability": 80.88140542056821,
        "mean_slope": 4.226606845855713,
        "max_slope": 4.3860368728637695,
        "mean_hazard": 0.08463816344738007,
        "shadow_percent": 0.0,
        "decision": "SAFE"
      }
    },
    {
      "type": "Feature",
      "geometry": {
        "type": "Point",
        "coordinates": [
          52.0,
          444.0
        ]
      },
      "properties": {
        "id": "SITE-\u0292",
        "suitability": 80.82205426861132,
        "mean_slope": 4.252923488616943,
        "max_slope": 4.618180274963379,
        "mean_hazard": 0.08487245440483093,
        "shadow_percent": 0.0,
        "decision": "SAFE"
      }
    },
    {
      "type": "Feature",
      "geometry": {
        "type": "Point",
        "coordinates": [
          68.0,
          428.0
        ]
      },
      "properties": {
        "id": "SITE-\u0293",
        "suitability": 80.81940471717216,
        "mean_slope": 4.2548723220825195,
        "max_slope": 4.62316370010376,
        "mean_hazard": 0.08516430109739304,
        "shadow_percent": 0.0,
        "decision": "SAFE"
      }
    },
    {
      "type": "Feature",
      "geometry": {
        "type": "Point",
        "coordinates": [
          80.0,
          224.0
        ]
      },
      "properties": {
        "id": "SITE-\u0294",
        "suitability": 80.70322198031961,
        "mean_slope": 4.2861328125,
        "max_slope": 4.507020473480225,
        "mean_hazard": 0.08532087504863739,
        "shadow_percent": 0.0,
        "decision": "SAFE"
      }
    },
    {
      "type": "Feature",
      "geometry": {
        "type": "Point",
        "coordinates": [
          68.0,
          92.0
        ]
      },
      "properties": {
        "id": "SITE-\u0295",
        "suitability": 80.6991482119962,
        "mean_slope": 4.313615322113037,
        "max_slope": 4.541310787200928,
        "mean_hazard": 0.08480373024940491,
        "shadow_percent": 0.0,
        "decision": "SAFE"
      }
    },
    {
      "type": "Feature",
      "geometry": {
        "type": "Point",
        "coordinates": [
          60.0,
          436.0
        ]
      },
      "properties": {
        "id": "SITE-\u0296",
        "suitability": 80.69166397669223,
        "mean_slope": 4.2899699211120605,
        "max_slope": 4.650938510894775,
        "mean_hazard": 0.08546874672174454,
        "shadow_percent": 0.0,
        "decision": "SAFE"
      }
    },
    {
      "type": "Feature",
      "geometry": {
        "type": "Point",
        "coordinates": [
          36.0,
          288.0
        ]
      },
      "properties": {
        "id": "SITE-\u0297",
        "suitability": 80.65015357687851,
        "mean_slope": 4.478666305541992,
        "max_slope": 4.763250827789307,
        "mean_hazard": 0.08234395831823349,
        "shadow_percent": 0.0,
        "decision": "SAFE"
      }
    },
    {
      "type": "Feature",
      "geometry": {
        "type": "Point",
        "coordinates": [
          156.0,
          492.0
        ]
      },
      "properties": {
        "id": "SITE-\u0298",
        "suitability": 80.64564313583817,
        "mean_slope": 4.361143589019775,
        "max_slope": 6.5694661140441895,
        "mean_hazard": 0.0850883424282074,
        "shadow_percent": 0.0,
        "decision": "SAFE"
      }
    },
    {
      "type": "Feature",
      "geometry": {
        "type": "Point",
        "coordinates": [
          192.0,
          288.0
        ]
      },
      "properties": {
        "id": "SITE-\u0299",
        "suitability": 80.62931861831409,
        "mean_slope": 4.297621250152588,
        "max_slope": 4.495776176452637,
        "mean_hazard": 0.08585329353809357,
        "shadow_percent": 0.0,
        "decision": "SAFE"
      }
    },
    {
      "type": "Feature",
      "geometry": {
        "type": "Point",
        "coordinates": [
          168.0,
          312.0
        ]
      },
      "properties": {
        "id": "SITE-\u029a",
        "suitability": 80.61895402695467,
        "mean_slope": 4.342250823974609,
        "max_slope": 4.542620658874512,
        "mean_hazard": 0.08507293462753296,
        "shadow_percent": 0.0,
        "decision": "SAFE"
      }
    },
    {
      "type": "Feature",
      "geometry": {
        "type": "Point",
        "coordinates": [
          36.0,
          460.0
        ]
      },
      "properties": {
        "id": "SITE-\u029b",
        "suitability": 80.59269953117142,
        "mean_slope": 4.3344526290893555,
        "max_slope": 4.690140247344971,
        "mean_hazard": 0.08583439141511917,
        "shadow_percent": 0.0,
        "decision": "SAFE"
      }
    },
    {
      "type": "Feature",
      "geometry": {
        "type": "Point",
        "coordinates": [
          304.0,
          456.0
        ]
      },
      "properties": {
        "id": "SITE-\u029c",
        "suitability": 80.5888893529826,
        "mean_slope": 4.4231133460998535,
        "max_slope": 4.578988552093506,
        "mean_hazard": 0.0836266502737999,
        "shadow_percent": 0.0,
        "decision": "SAFE"
      }
    },
    {
      "type": "Feature",
      "geometry": {
        "type": "Point",
        "coordinates": [
          352.0,
          392.0
        ]
      },
      "properties": {
        "id": "SITE-\u029d",
        "suitability": 80.57651298846545,
        "mean_slope": 4.443988800048828,
        "max_slope": 4.617752552032471,
        "mean_hazard": 0.08378797769546509,
        "shadow_percent": 0.0,
        "decision": "SAFE"
      }
    },
    {
      "type": "Feature",
      "geometry": {
        "type": "Point",
        "coordinates": [
          324.0,
          152.0
        ]
      },
      "properties": {
        "id": "SITE-\u029e",
        "suitability": 80.574412764049,
        "mean_slope": 4.294797897338867,
        "max_slope": 4.424851894378662,
        "mean_hazard": 0.08570554107427597,
        "shadow_percent": 0.0,
        "decision": "SAFE"
      }
    },
    {
      "type": "Feature",
      "geometry": {
        "type": "Point",
        "coordinates": [
          268.0,
          196.0
        ]
      },
      "properties": {
        "id": "SITE-\u029f",
        "suitability": 80.55111358113474,
        "mean_slope": 4.35178279876709,
        "max_slope": 4.459652423858643,
        "mean_hazard": 0.08554152399301529,
        "shadow_percent": 0.0,
        "decision": "SAFE"
      }
    },
    {
      "type": "Feature",
      "geometry": {
        "type": "Point",
        "coordinates": [
          140.0,
          336.0
        ]
      },
      "properties": {
        "id": "SITE-\u02a0",
        "suitability": 80.538740362721,
        "mean_slope": 4.455304145812988,
        "max_slope": 4.605764865875244,
        "mean_hazard": 0.08362219482660294,
        "shadow_percent": 0.0,
        "decision": "SAFE"
      }
    },
    {
      "type": "Feature",
      "geometry": {
        "type": "Point",
        "coordinates": [
          16.0,
          472.0
        ]
      },
      "properties": {
        "id": "SITE-\u02a1",
        "suitability": 80.51474487900143,
        "mean_slope": 4.4671807289123535,
        "max_slope": 4.710891246795654,
        "mean_hazard": 0.08328080922365189,
        "shadow_percent": 0.0,
        "decision": "SAFE"
      }
    },
    {
      "type": "Feature",
      "geometry": {
        "type": "Point",
        "coordinates": [
          316.0,
          140.0
        ]
      },
      "properties": {
        "id": "SITE-\u02a2",
        "suitability": 80.49454683777986,
        "mean_slope": 4.249339580535889,
        "max_slope": 4.347875118255615,
        "mean_hazard": 0.0870201513171196,
        "shadow_percent": 0.0,
        "decision": "SAFE"
      }
    },
    {
      "type": "Feature",
      "geometry": {
        "type": "Point",
        "coordinates": [
          200.0,
          220.0
        ]
      },
      "properties": {
        "id": "SITE-\u02a3",
        "suitability": 80.49223113304122,
        "mean_slope": 4.327088832855225,
        "max_slope": 4.489129543304443,
        "mean_hazard": 0.08657509088516235,
        "shadow_percent": 0.0,
        "decision": "SAFE"
      }
    },
    {
      "type": "Feature",
      "geometry": {
        "type": "Point",
        "coordinates": [
          200.0,
          280.0
        ]
      },
      "properties": {
        "id": "SITE-\u02a4",
        "suitability": 80.47022067767715,
        "mean_slope": 4.320761680603027,
        "max_slope": 4.519591808319092,
        "mean_hazard": 0.0865151658654213,
        "shadow_percent": 0.0,
        "decision": "SAFE"
      }
    },
    {
      "type": "Feature",
      "geometry": {
        "type": "Point",
        "coordinates": [
          216.0,
          204.0
        ]
      },
      "properties": {
        "id": "SITE-\u02a5",
        "suitability": 80.44898743994017,
        "mean_slope": 4.332859992980957,
        "max_slope": 4.508522033691406,
        "mean_hazard": 0.08665868639945984,
        "shadow_percent": 0.0,
        "decision": "SAFE"
      }
    },
    {
      "type": "Feature",
      "geometry": {
        "type": "Point",
        "coordinates": [
          140.0,
          320.0
        ]
      },
      "properties": {
        "id": "SITE-\u02a6",
        "suitability": 80.44284639147989,
        "mean_slope": 4.521468639373779,
        "max_slope": 4.54573917388916,
        "mean_hazard": 0.08348651230335236,
        "shadow_percent": 0.0,
        "decision": "SAFE"
      }
    },
    {
      "type": "Feature",
      "geometry": {
        "type": "Point",
        "coordinates": [
          296.0,
          352.0
        ]
      },
      "properties": {
        "id": "SITE-\u02a7",
        "suitability": 80.44268238077785,
        "mean_slope": 4.3842949867248535,
        "max_slope": 6.660879611968994,
        "mean_hazard": 0.08616271615028381,
        "shadow_percent": 0.0,
        "decision": "SAFE"
      }
    },
    {
      "type": "Feature",
      "geometry": {
        "type": "Point",
        "coordinates": [
          492.0,
          144.0
        ]
      },
      "properties": {
        "id": "SITE-\u02a8",
        "suitability": 80.434907689282,
        "mean_slope": 4.394415378570557,
        "max_slope": 4.740762233734131,
        "mean_hazard": 0.08604352921247482,
        "shadow_percent": 0.0,
        "decision": "SAFE"
      }
    },
    {
      "type": "Feature",
      "geometry": {
        "type": "Point",
        "coordinates": [
          100.0,
          80.0
        ]
      },
      "properties": {
        "id": "SITE-\u02a9",
        "suitability": 80.4309863415072,
        "mean_slope": 4.411764621734619,
        "max_slope": 4.6536760330200195,
        "mean_hazard": 0.08582009375095367,
        "shadow_percent": 0.0,
        "decision": "SAFE"
      }
    },
    {
      "type": "Feature",
      "geometry": {
        "type": "Point",
        "coordinates": [
          208.0,
          52.0
        ]
      },
      "properties": {
        "id": "SITE-\u02aa",
        "suitability": 80.42344929754617,
        "mean_slope": 4.352621555328369,
        "max_slope": 4.581720352172852,
        "mean_hazard": 0.08702701330184937,
        "shadow_percent": 0.0,
        "decision": "SAFE"
      }
    },
    {
      "type": "Feature",
      "geometry": {
        "type": "Point",
        "coordinates": [
          184.0,
          208.0
        ]
      },
      "properties": {
        "id": "SITE-\u02ab",
        "suitability": 80.42068272262533,
        "mean_slope": 4.421365261077881,
        "max_slope": 4.625476360321045,
        "mean_hazard": 0.08571364730596542,
        "shadow_percent": 0.0,
        "decision": "SAFE"
      }
    },
    {
      "type": "Feature",
      "geometry": {
        "type": "Point",
        "coordinates": [
          192.0,
          256.0
        ]
      },
      "properties": {
        "id": "SITE-\u02ac",
        "suitability": 80.4115789063622,
        "mean_slope": 4.367334365844727,
        "max_slope": 4.523585319519043,
        "mean_hazard": 0.08686687797307968,
        "shadow_percent": 0.0,
        "decision": "SAFE"
      }
    },
    {
      "type": "Feature",
      "geometry": {
        "type": "Point",
        "coordinates": [
          92.0,
          112.0
        ]
      },
      "properties": {
        "id": "SITE-\u02ad",
        "suitability": 80.3635214319194,
        "mean_slope": 4.37310266494751,
        "max_slope": 4.565249919891357,
        "mean_hazard": 0.08649711310863495,
        "shadow_percent": 0.0,
        "decision": "SAFE"
      }
    },
    {
      "type": "Feature",
      "geometry": {
        "type": "Point",
        "coordinates": [
          116.0,
          104.0
        ]
      },
      "properties": {
        "id": "SITE-\u02ae",
        "suitability": 80.3205273262506,
        "mean_slope": 4.374039173126221,
        "max_slope": 4.532103061676025,
        "mean_hazard": 0.08738865703344345,
        "shadow_percent": 0.0,
        "decision": "SAFE"
      }
    },
    {
      "type": "Feature",
      "geometry": {
        "type": "Point",
        "coordinates": [
          356.0,
          64.0
        ]
      },
      "properties": {
        "id": "SITE-\u02af",
        "suitability": 80.31938648316938,
        "mean_slope": 4.3772783279418945,
        "max_slope": 4.5200982093811035,
        "mean_hazard": 0.08718276768922806,
        "shadow_percent": 0.0,
        "decision": "SAFE"
      }
    },
    {
      "type": "Feature",
      "geometry": {
        "type": "Point",
        "coordinates": [
          52.0,
          356.0
        ]
      },
      "properties": {
        "id": "SITE-\u02b0",
        "suitability": 80.31535322455686,
        "mean_slope": 4.376405715942383,
        "max_slope": 4.565309524536133,
        "mean_hazard": 0.0875331237912178,
        "shadow_percent": 0.0,
        "decision": "SAFE"
      }
    },
    {
      "type": "Feature",
      "geometry": {
        "type": "Point",
        "coordinates": [
          316.0,
          16.0
        ]
      },
      "properties": {
        "id": "SITE-\u02b1",
        "suitability": 80.30988835225128,
        "mean_slope": 4.411614418029785,
        "max_slope": 4.645547866821289,
        "mean_hazard": 0.08692175894975662,
        "shadow_percent": 0.0,
        "decision": "SAFE"
      }
    },
    {
      "type": "Feature",
      "geometry": {
        "type": "Point",
        "coordinates": [
          400.0,
          236.0
        ]
      },
      "properties": {
        "id": "SITE-\u02b2",
        "suitability": 80.30475689303705,
        "mean_slope": 4.359943389892578,
        "max_slope": 4.718621730804443,
        "mean_hazard": 0.08731971681118011,
        "shadow_percent": 0.0,
        "decision": "SAFE"
      }
    },
    {
      "type": "Feature",
      "geometry": {
        "type": "Point",
        "coordinates": [
          40.0,
          16.0
        ]
      },
      "properties": {
        "id": "SITE-\u02b3",
        "suitability": 80.29684541617245,
        "mean_slope": 4.403136253356934,
        "max_slope": 4.677066326141357,
        "mean_hazard": 0.08683230727910995,
        "shadow_percent": 0.0,
        "decision": "SAFE"
      }
    },
    {
      "type": "Feature",
      "geometry": {
        "type": "Point",
        "coordinates": [
          12.0,
          324.0
        ]
      },
      "properties": {
        "id": "SITE-\u02b4",
        "suitability": 80.29378756204426,
        "mean_slope": 4.456243515014648,
        "max_slope": 4.715055465698242,
        "mean_hazard": 0.08631093055009842,
        "shadow_percent": 0.0,
        "decision": "SAFE"
      }
    },
    {
      "type": "Feature",
      "geometry": {
        "type": "Point",
        "coordinates": [
          76.0,
          420.0
        ]
      },
      "properties": {
        "id": "SITE-\u02b5",
        "suitability": 80.26423882379821,
        "mean_slope": 4.385002613067627,
        "max_slope": 4.740283012390137,
        "mean_hazard": 0.08714141696691513,
        "shadow_percent": 0.0,
        "decision": "SAFE"
      }
    },
    {
      "type": "Feature",
      "geometry": {
        "type": "Point",
        "coordinates": [
          144.0,
          304.0
        ]
      },
      "properties": {
        "id": "SITE-\u02b6",
        "suitability": 80.25837329864399,
        "mean_slope": 4.495880126953125,
        "max_slope": 4.6289801597595215,
        "mean_hazard": 0.08571075648069382,
        "shadow_percent": 0.0,
        "decision": "SAFE"
      }
    },
    {
      "type": "Feature",
      "geometry": {
        "type": "Point",
        "coordinates": [
          76.0,
          100.0
        ]
      },
      "properties": {
        "id": "SITE-\u02b7",
        "suitability": 80.247834024551,
        "mean_slope": 4.460433006286621,
        "max_slope": 4.689619541168213,
        "mean_hazard": 0.08651389181613922,
        "shadow_percent": 0.0,
        "decision": "SAFE"
      }
    },
    {
      "type": "Feature",
      "geometry": {
        "type": "Point",
        "coordinates": [
          124.0,
          320.0
        ]
      },
      "properties": {
        "id": "SITE-\u02b8",
        "suitability": 80.24536149607124,
        "mean_slope": 4.514435768127441,
        "max_slope": 4.663924217224121,
        "mean_hazard": 0.08569343388080597,
        "shadow_percent": 0.0,
        "decision": "SAFE"
      }
    },
    {
      "type": "Feature",
      "geometry": {
        "type": "Point",
        "coordinates": [
          440.0,
          444.0
        ]
      },
      "properties": {
        "id": "SITE-\u02b9",
        "suitability": 80.21316250697993,
        "mean_slope": 4.557523250579834,
        "max_slope": 4.814123630523682,
        "mean_hazard": 0.08452758193016052,
        "shadow_percent": 0.0,
        "decision": "SAFE"
      }
    },
    {
      "type": "Feature",
      "geometry": {
        "type": "Point",
        "coordinates": [
          200.0,
          184.0
        ]
      },
      "properties": {
        "id": "SITE-\u02ba",
        "suitability": 80.19051685598116,
        "mean_slope": 4.483850479125977,
        "max_slope": 4.684050559997559,
        "mean_hazard": 0.0866013690829277,
        "shadow_percent": 0.0,
        "decision": "SAFE"
      }
    },
    {
      "type": "Feature",
      "geometry": {
        "type": "Point",
        "coordinates": [
          96.0,
          172.0
        ]
      },
      "properties": {
        "id": "SITE-\u02bb",
        "suitability": 80.18229436765148,
        "mean_slope": 4.396010398864746,
        "max_slope": 4.560166358947754,
        "mean_hazard": 0.0877595990896225,
        "shadow_percent": 0.0,
        "decision": "SAFE"
      }
    },
    {
      "type": "Feature",
      "geometry": {
        "type": "Point",
        "coordinates": [
          428.0,
          452.0
        ]
      },
      "properties": {
        "id": "SITE-\u02bc",
        "suitability": 80.1739993043294,
        "mean_slope": 4.532994270324707,
        "max_slope": 5.279975891113281,
        "mean_hazard": 0.08512375503778458,
        "shadow_percent": 0.0,
        "decision": "SAFE"
      }
    },
    {
      "type": "Feature",
      "geometry": {
        "type": "Point",
        "coordinates": [
          324.0,
          28.0
        ]
      },
      "properties": {
        "id": "SITE-\u02bd",
        "suitability": 80.16560691499612,
        "mean_slope": 4.432733058929443,
        "max_slope": 4.616809368133545,
        "mean_hazard": 0.08820261806249619,
        "shadow_percent": 0.0,
        "decision": "SAFE"
      }
    },
    {
      "type": "Feature",
      "geometry": {
        "type": "Point",
        "coordinates": [
          316.0,
          164.0
        ]
      },
      "properties": {
        "id": "SITE-\u02be",
        "suitability": 80.15017424490848,
        "mean_slope": 4.417281627655029,
        "max_slope": 4.5908379554748535,
        "mean_hazard": 0.08832485973834991,
        "shadow_percent": 0.0,
        "decision": "SAFE"
      }
    },
    {
      "type": "Feature",
      "geometry": {
        "type": "Point",
        "coordinates": [
          340.0,
          388.0
        ]
      },
      "properties": {
        "id": "SITE-\u02bf",
        "suitability": 80.147164955853,
        "mean_slope": 4.49114990234375,
        "max_slope": 4.656248092651367,
        "mean_hazard": 0.08693452179431915,
        "shadow_percent": 0.0,
        "decision": "SAFE"
      }
    },
    {
      "type": "Feature",
      "geometry": {
        "type": "Point",
        "coordinates": [
          200.0,
          60.0
        ]
      },
      "properties": {
        "id": "SITE-\u02c0",
        "suitability": 80.13238469459633,
        "mean_slope": 4.448569297790527,
        "max_slope": 4.669543743133545,
        "mean_hazard": 0.08805091679096222,
        "shadow_percent": 0.0,
        "decision": "SAFE"
      }
    },
    {
      "type": "Feature",
      "geometry": {
        "type": "Point",
        "coordinates": [
          132.0,
          360.0
        ]
      },
      "properties": {
        "id": "SITE-\u02c1",
        "suitability": 80.12315063811091,
        "mean_slope": 4.396906852722168,
        "max_slope": 4.718592166900635,
        "mean_hazard": 0.08805079758167267,
        "shadow_percent": 0.0,
        "decision": "SAFE"
      }
    },
    {
      "type": "Feature",
      "geometry": {
        "type": "Point",
        "coordinates": [
          304.0,
          144.0
        ]
      },
      "properties": {
        "id": "SITE-\u02c2",
        "suitability": 80.09318912968628,
        "mean_slope": 4.435287952423096,
        "max_slope": 4.611749649047852,
        "mean_hazard": 0.08881895989179611,
        "shadow_percent": 0.0,
        "decision": "SAFE"
      }
    },
    {
      "type": "Feature",
      "geometry": {
        "type": "Point",
        "coordinates": [
          80.0,
          64.0
        ]
      },
      "properties": {
        "id": "SITE-\u02c3",
        "suitability": 80.08112709034117,
        "mean_slope": 4.438769340515137,
        "max_slope": 4.637791633605957,
        "mean_hazard": 0.08870340138673782,
        "shadow_percent": 0.0,
        "decision": "SAFE"
      }
    },
    {
      "type": "Feature",
      "geometry": {
        "type": "Point",
        "coordinates": [
          68.0,
          200.0
        ]
      },
      "properties": {
        "id": "SITE-\u02c4",
        "suitability": 80.05666371183877,
        "mean_slope": 4.449074745178223,
        "max_slope": 4.628762245178223,
        "mean_hazard": 0.08895622193813324,
        "shadow_percent": 0.0,
        "decision": "SAFE"
      }
    },
    {
      "type": "Feature",
      "geometry": {
        "type": "Point",
        "coordinates": [
          200.0,
          448.0
        ]
      },
      "properties": {
        "id": "SITE-\u02c5",
        "suitability": 80.05601870158209,
        "mean_slope": 4.489141941070557,
        "max_slope": 6.644678115844727,
        "mean_hazard": 0.08787256479263306,
        "shadow_percent": 0.0,
        "decision": "SAFE"
      }
    },
    {
      "type": "Feature",
      "geometry": {
        "type": "Point",
        "coordinates": [
          104.0,
          364.0
        ]
      },
      "properties": {
        "id": "SITE-\u02c6",
        "suitability": 80.04039739205092,
        "mean_slope": 4.628145694732666,
        "max_slope": 4.8496246337890625,
        "mean_hazard": 0.08505682647228241,
        "shadow_percent": 0.0,
        "decision": "SAFE"
      }
    },
    {
      "type": "Feature",
      "geometry": {
        "type": "Point",
        "coordinates": [
          340.0,
          432.0
        ]
      },
      "properties": {
        "id": "SITE-\u02c7",
        "suitability": 80.02749310888917,
        "mean_slope": 4.451257705688477,
        "max_slope": 4.74802827835083,
        "mean_hazard": 0.0888964831829071,
        "shadow_percent": 0.0,
        "decision": "SAFE"
      }
    },
    {
      "type": "Feature",
      "geometry": {
        "type": "Point",
        "coordinates": [
          244.0,
          4.0
        ]
      },
      "properties": {
        "id": "SITE-\u02c8",
        "suitability": 80.01751926543136,
        "mean_slope": 4.622809886932373,
        "max_slope": 4.878884315490723,
        "mean_hazard": 0.08575887978076935,
        "shadow_percent": 0.0,
        "decision": "SAFE"
      }
    },
    {
      "type": "Feature",
      "geometry": {
        "type": "Point",
        "coordinates": [
          40.0,
          220.0
        ]
      },
      "properties": {
        "id": "SITE-\u02c9",
        "suitability": 80.01494286549946,
        "mean_slope": 4.535168647766113,
        "max_slope": 4.786252498626709,
        "mean_hazard": 0.08744580298662186,
        "shadow_percent": 0.0,
        "decision": "SAFE"
      }
    },
    {
      "type": "Feature",
      "geometry": {
        "type": "Point",
        "coordinates": [
          208.0,
          272.0
        ]
      },
      "properties": {
        "id": "SITE-\u02ca",
        "suitability": 79.99709286554443,
        "mean_slope": 4.472179412841797,
        "max_slope": 4.666854381561279,
        "mean_hazard": 0.08887942135334015,
        "shadow_percent": 0.0,
        "decision": "SAFE"
      }
    },
    {
      "type": "Feature",
      "geometry": {
        "type": "Point",
        "coordinates": [
          252.0,
          196.0
        ]
      },
      "properties": {
        "id": "SITE-\u02cb",
        "suitability": 79.98893076393979,
        "mean_slope": 4.452741622924805,
        "max_slope": 4.621415138244629,
        "mean_hazard": 0.08914270997047424,
        "shadow_percent": 0.0,
        "decision": "SAFE"
      }
    },
    {
      "type": "Feature",
      "geometry": {
        "type": "Point",
        "coordinates": [
          296.0,
          168.0
        ]
      },
      "properties": {
        "id": "SITE-\u02cc",
        "suitability": 79.95350551989874,
        "mean_slope": 4.538949489593506,
        "max_slope": 4.637467861175537,
        "mean_hazard": 0.08788704872131348,
        "shadow_percent": 0.0,
        "decision": "SAFE"
      }
    },
    {
      "type": "Feature",
      "geometry": {
        "type": "Point",
        "coordinates": [
          252.0,
          212.0
        ]
      },
      "properties": {
        "id": "SITE-\u02cd",
        "suitability": 79.9202094032832,
        "mean_slope": 4.550081253051758,
        "max_slope": 4.735623836517334,
        "mean_hazard": 0.08825994282960892,
        "shadow_percent": 0.0,
        "decision": "SAFE"
      }
    },
    {
      "type": "Feature",
      "geometry": {
        "type": "Point",
        "coordinates": [
          344.0,
          76.0
        ]
      },
      "properties": {
        "id": "SITE-\u02ce",
        "suitability": 79.9161901506927,
        "mean_slope": 4.481500625610352,
        "max_slope": 4.589780330657959,
        "mean_hazard": 0.08938734978437424,
        "shadow_percent": 0.0,
        "decision": "SAFE"
      }
    },
    {
      "type": "Feature",
      "geometry": {
        "type": "Point",
        "coordinates": [
          16.0,
          40.0
        ]
      },
      "properties": {
        "id": "SITE-\u02cf",
        "suitability": 79.90238970034947,
        "mean_slope": 4.517425537109375,
        "max_slope": 4.75297212600708,
        "mean_hazard": 0.08900769054889679,
        "shadow_percent": 0.0,
        "decision": "SAFE"
      }
    },
    {
      "type": "Feature",
      "geometry": {
        "type": "Point",
        "coordinates": [
          252.0,
          48.0
        ]
      },
      "properties": {
        "id": "SITE-\u02d0",
        "suitability": 79.87774872812852,
        "mean_slope": 4.490774154663086,
        "max_slope": 4.704209327697754,
        "mean_hazard": 0.08981899172067642,
        "shadow_percent": 0.0,
        "decision": "SAFE"
      }
    },
    {
      "type": "Feature",
      "geometry": {
        "type": "Point",
        "coordinates": [
          252.0,
          468.0
        ]
      },
      "properties": {
        "id": "SITE-\u02d1",
        "suitability": 79.87494932709218,
        "mean_slope": 4.533747673034668,
        "max_slope": 4.739022254943848,
        "mean_hazard": 0.08854018896818161,
        "shadow_percent": 0.0,
        "decision": "SAFE"
      }
    },
    {
      "type": "Feature",
      "geometry": {
        "type": "Point",
        "coordinates": [
          72.0,
          344.0
        ]
      },
      "properties": {
        "id": "SITE-\u02d2",
        "suitability": 79.86992925742169,
        "mean_slope": 4.495565891265869,
        "max_slope": 4.6530046463012695,
        "mean_hazard": 0.08984256535768509,
        "shadow_percent": 0.0,
        "decision": "SAFE"
      }
    },
    {
      "type": "Feature",
      "geometry": {
        "type": "Point",
        "coordinates": [
          76.0,
          388.0
        ]
      },
      "properties": {
        "id": "SITE-\u02d3",
        "suitability": 79.86398474311464,
        "mean_slope": 4.641113758087158,
        "max_slope": 4.842957973480225,
        "mean_hazard": 0.08670415729284286,
        "shadow_percent": 0.0,
        "decision": "SAFE"
      }
    },
    {
      "type": "Feature",
      "geometry": {
        "type": "Point",
        "coordinates": [
          268.0,
          212.0
        ]
      },
      "properties": {
        "id": "SITE-\u02d4",
        "suitability": 79.84882628322433,
        "mean_slope": 4.47028112411499,
        "max_slope": 4.659416198730469,
        "mean_hazard": 0.08952169120311737,
        "shadow_percent": 0.0,
        "decision": "SAFE"
      }
    },
    {
      "type": "Feature",
      "geometry": {
        "type": "Point",
        "coordinates": [
          236.0,
          484.0
        ]
      },
      "properties": {
        "id": "SITE-\u02d5",
        "suitability": 79.82355277891266,
        "mean_slope": 4.550252914428711,
        "max_slope": 4.750335216522217,
        "mean_hazard": 0.08872892707586288,
        "shadow_percent": 0.0,
        "decision": "SAFE"
      }
    },
    {
      "type": "Feature",
      "geometry": {
        "type": "Point",
        "coordinates": [
          480.0,
          152.0
        ]
      },
      "properties": {
        "id": "SITE-\u02d6",
        "suitability": 79.81033756595542,
        "mean_slope": 4.505682945251465,
        "max_slope": 4.88028621673584,
        "mean_hazard": 0.08996480703353882,
        "shadow_percent": 0.0,
        "decision": "SAFE"
      }
    },
    {
      "type": "Feature",
      "geometry": {
        "type": "Point",
        "coordinates": [
          404.0,
          360.0
        ]
      },
      "properties": {
        "id": "SITE-\u02d7",
        "suitability": 79.80922219474787,
        "mean_slope": 4.467147350311279,
        "max_slope": 4.662900447845459,
        "mean_hazard": 0.08945553749799728,
        "shadow_percent": 0.0,
        "decision": "SAFE"
      }
    },
    {
      "type": "Feature",
      "geometry": {
        "type": "Point",
        "coordinates": [
          32.0,
          336.0
        ]
      },
      "properties": {
        "id": "SITE-\u02d8",
        "suitability": 79.80884690598967,
        "mean_slope": 4.509280681610107,
        "max_slope": 4.7052788734436035,
        "mean_hazard": 0.09003446251153946,
        "shadow_percent": 0.0,
        "decision": "SAFE"
      }
    },
    {
      "type": "Feature",
      "geometry": {
        "type": "Point",
        "coordinates": [
          76.0,
          192.0
        ]
      },
      "properties": {
        "id": "SITE-\u02d9",
        "suitability": 79.7934567958012,
        "mean_slope": 4.523400783538818,
        "max_slope": 4.696938991546631,
        "mean_hazard": 0.08976361155509949,
        "shadow_percent": 0.0,
        "decision": "SAFE"
      }
    },
    {
      "type": "Feature",
      "geometry": {
        "type": "Point",
        "coordinates": [
          44.0,
          312.0
        ]
      },
      "properties": {
        "id": "SITE-\u02da",
        "suitability": 79.78250090627365,
        "mean_slope": 4.504843235015869,
        "max_slope": 4.712519645690918,
        "mean_hazard": 0.09005429595708847,
        "shadow_percent": 0.0,
        "decision": "SAFE"
      }
    },
    {
      "type": "Feature",
      "geometry": {
        "type": "Point",
        "coordinates": [
          288.0,
          456.0
        ]
      },
      "properties": {
        "id": "SITE-\u02db",
        "suitability": 79.77588688740491,
        "mean_slope": 4.739287376403809,
        "max_slope": 4.8246259689331055,
        "mean_hazard": 0.08607465773820877,
        "shadow_percent": 0.0,
        "decision": "SAFE"
      }
    },
    {
      "type": "Feature",
      "geometry": {
        "type": "Point",
        "coordinates": [
          88.0,
          180.0
        ]
      },
      "properties": {
        "id": "SITE-\u02dc",
        "suitability": 79.76809912121065,
        "mean_slope": 4.541675567626953,
        "max_slope": 4.708920478820801,
        "mean_hazard": 0.08979842066764832,
        "shadow_percent": 0.0,
        "decision": "SAFE"
      }
    },
    {
      "type": "Feature",
      "geometry": {
        "type": "Point",
        "coordinates": [
          60.0,
          248.0
        ]
      },
      "properties": {
        "id": "SITE-\u02dd",
        "suitability": 79.76458441858529,
        "mean_slope": 4.593047618865967,
        "max_slope": 4.827937126159668,
        "mean_hazard": 0.08861008286476135,
        "shadow_percent": 0.0,
        "decision": "SAFE"
      }
    },
    {
      "type": "Feature",
      "geometry": {
        "type": "Point",
        "coordinates": [
          36.0,
          272.0
        ]
      },
      "properties": {
        "id": "SITE-\u02de",
        "suitability": 79.75118321323204,
        "mean_slope": 4.578683853149414,
        "max_slope": 4.811740875244141,
        "mean_hazard": 0.08928010612726212,
        "shadow_percent": 0.0,
        "decision": "SAFE"
      }
    },
    {
      "type": "Feature",
      "geometry": {
        "type": "Point",
        "coordinates": [
          400.0,
          68.0
        ]
      },
      "properties": {
        "id": "SITE-\u02df",
        "suitability": 79.724546248304,
        "mean_slope": 4.525247097015381,
        "max_slope": 4.565701484680176,
        "mean_hazard": 0.09045583754777908,
        "shadow_percent": 0.0,
        "decision": "SAFE"
      }
    },
    {
      "type": "Feature",
      "geometry": {
        "type": "Point",
        "coordinates": [
          296.0,
          152.0
        ]
      },
      "properties": {
        "id": "SITE-\u02e0",
        "suitability": 79.72334115407382,
        "mean_slope": 4.5324387550354,
        "max_slope": 4.699752330780029,
        "mean_hazard": 0.09008625149726868,
        "shadow_percent": 0.0,
        "decision": "SAFE"
      }
    },
    {
      "type": "Feature",
      "geometry": {
        "type": "Point",
        "coordinates": [
          72.0,
          232.0
        ]
      },
      "properties": {
        "id": "SITE-\u02e1",
        "suitability": 79.70549514011854,
        "mean_slope": 4.579931735992432,
        "max_slope": 4.789897441864014,
        "mean_hazard": 0.08957051485776901,
        "shadow_percent": 0.0,
        "decision": "SAFE"
      }
    },
    {
      "type": "Feature",
      "geometry": {
        "type": "Point",
        "coordinates": [
          72.0,
          56.0
        ]
      },
      "properties": {
        "id": "SITE-\u02e2",
        "suitability": 79.70098584676548,
        "mean_slope": 4.537161350250244,
        "max_slope": 4.73222541809082,
        "mean_hazard": 0.09044494479894638,
        "shadow_percent": 0.0,
        "decision": "SAFE"
      }
    },
    {
      "type": "Feature",
      "geometry": {
        "type": "Point",
        "coordinates": [
          392.0,
          364.0
        ]
      },
      "properties": {
        "id": "SITE-\u02e3",
        "suitability": 79.6880599682996,
        "mean_slope": 4.598477840423584,
        "max_slope": 4.74981689453125,
        "mean_hazard": 0.08868421614170074,
        "shadow_percent": 0.0,
        "decision": "SAFE"
      }
    },
    {
      "type": "Feature",
      "geometry": {
        "type": "Point",
        "coordinates": [
          208.0,
          256.0
        ]
      },
      "properties": {
        "id": "SITE-\u02e4",
        "suitability": 79.63862229503664,
        "mean_slope": 4.632500171661377,
        "max_slope": 4.8259358406066895,
        "mean_hazard": 0.08872685581445694,
        "shadow_percent": 0.0,
        "decision": "SAFE"
      }
    },
    {
      "type": "Feature",
      "geometry": {
        "type": "Point",
        "coordinates": [
          476.0,
          172.0
        ]
      },
      "properties": {
        "id": "SITE-\u02e5",
        "suitability": 79.63311046124751,
        "mean_slope": 4.617187976837158,
        "max_slope": 8.33825969696045,
        "mean_hazard": 0.08920958638191223,
        "shadow_percent": 0.0,
        "decision": "CONDITIONAL"
      }
    },
    {
      "type": "Feature",
      "geometry": {
        "type": "Point",
        "coordinates": [
          60.0,
          208.0
        ]
      },
      "properties": {
        "id": "SITE-\u02e6",
        "suitability": 79.62836279919173,
        "mean_slope": 4.563806533813477,
        "max_slope": 4.7358503341674805,
        "mean_hazard": 0.09070417284965515,
        "shadow_percent": 0.0,
        "decision": "SAFE"
      }
    },
    {
      "type": "Feature",
      "geometry": {
        "type": "Point",
        "coordinates": [
          96.0,
          356.0
        ]
      },
      "properties": {
        "id": "SITE-\u02e7",
        "suitability": 79.6007312296117,
        "mean_slope": 4.759181499481201,
        "max_slope": 4.9647674560546875,
        "mean_hazard": 0.08737783133983612,
        "shadow_percent": 0.0,
        "decision": "SAFE"
      }
    },
    {
      "type": "Feature",
      "geometry": {
        "type": "Point",
        "coordinates": [
          492.0,
          400.0
        ]
      },
      "properties": {
        "id": "SITE-\u02e8",
        "suitability": 79.58679589101975,
        "mean_slope": 4.641129493713379,
        "max_slope": 4.853987216949463,
        "mean_hazard": 0.08937431126832962,
        "shadow_percent": 0.0,
        "decision": "SAFE"
      }
    },
    {
      "type": "Feature",
      "geometry": {
        "type": "Point",
        "coordinates": [
          16.0,
          248.0
        ]
      },
      "properties": {
        "id": "SITE-\u02e9",
        "suitability": 79.5825022573783,
        "mean_slope": 4.597715854644775,
        "max_slope": 4.819699764251709,
        "mean_hazard": 0.09054187685251236,
        "shadow_percent": 0.0,
        "decision": "SAFE"
      }
    },
    {
      "type": "Feature",
      "geometry": {
        "type": "Point",
        "coordinates": [
          172.0,
          88.0
        ]
      },
      "properties": {
        "id": "SITE-\u02ea",
        "suitability": 79.57608789123985,
        "mean_slope": 4.6455769538879395,
        "max_slope": 4.8682427406311035,
        "mean_hazard": 0.08956912904977798,
        "shadow_percent": 0.0,
        "decision": "SAFE"
      }
    },
    {
      "type": "Feature",
      "geometry": {
        "type": "Point",
        "coordinates": [
          220.0,
          80.0
        ]
      },
      "properties": {
        "id": "SITE-\u02eb",
        "suitability": 79.55138147162798,
        "mean_slope": 4.595974445343018,
        "max_slope": 4.7980475425720215,
        "mean_hazard": 0.09088554233312607,
        "shadow_percent": 0.0,
        "decision": "SAFE"
      }
    },
    {
      "type": "Feature",
      "geometry": {
        "type": "Point",
        "coordinates": [
          420.0,
          212.0
        ]
      },
      "properties": {
        "id": "SITE-\u02ec",
        "suitability": 79.54029439787745,
        "mean_slope": 4.577050685882568,
        "max_slope": 4.956424713134766,
        "mean_hazard": 0.0916605219244957,
        "shadow_percent": 0.0,
        "decision": "SAFE"
      }
    },
    {
      "type": "Feature",
      "geometry": {
        "type": "Point",
        "coordinates": [
          152.0,
          324.0
        ]
      },
      "properties": {
        "id": "SITE-\u02ed",
        "suitability": 79.51589785450523,
        "mean_slope": 4.740394115447998,
        "max_slope": 4.888960838317871,
        "mean_hazard": 0.08831925690174103,
        "shadow_percent": 0.0,
        "decision": "SAFE"
      }
    },
    {
      "type": "Feature",
      "geometry": {
        "type": "Point",
        "coordinates": [
          260.0,
          40.0
        ]
      },
      "properties": {
        "id": "SITE-\u02ee",
        "suitability": 79.49582949633978,
        "mean_slope": 4.6087164878845215,
        "max_slope": 4.829038619995117,
        "mean_hazard": 0.09138350188732147,
        "shadow_percent": 0.0,
        "decision": "SAFE"
      }
    },
    {
      "type": "Feature",
      "geometry": {
        "type": "Point",
        "coordinates": [
          280.0,
          484.0
        ]
      },
      "properties": {
        "id": "SITE-\u02ef",
        "suitability": 79.49220679189992,
        "mean_slope": 4.7308669090271,
        "max_slope": 4.919566631317139,
        "mean_hazard": 0.08896824717521667,
        "shadow_percent": 0.0,
        "decision": "SAFE"
      }
    },
    {
      "type": "Feature",
      "geometry": {
        "type": "Point",
        "coordinates": [
          456.0,
          292.0
        ]
      },
      "properties": {
        "id": "SITE-\u02f0",
        "suitability": 79.46650667002474,
        "mean_slope": 4.592023849487305,
        "max_slope": 4.612046241760254,
        "mean_hazard": 0.09181733429431915,
        "shadow_percent": 0.0,
        "decision": "SAFE"
      }
    },
    {
      "type": "Feature",
      "geometry": {
        "type": "Point",
        "coordinates": [
          308.0,
          172.0
        ]
      },
      "properties": {
        "id": "SITE-\u02f1",
        "suitability": 79.37374049941651,
        "mean_slope": 4.650040626525879,
        "max_slope": 4.822361469268799,
        "mean_hazard": 0.09152020514011383,
        "shadow_percent": 0.0,
        "decision": "SAFE"
      }
    },
    {
      "type": "Feature",
      "geometry": {
        "type": "Point",
        "coordinates": [
          464.0,
          284.0
        ]
      },
      "properties": {
        "id": "SITE-\u02f2",
        "suitability": 79.36201432136238,
        "mean_slope": 4.6160569190979,
        "max_slope": 4.631201267242432,
        "mean_hazard": 0.09244046360254288,
        "shadow_percent": 0.0,
        "decision": "SAFE"
      }
    },
    {
      "type": "Feature",
      "geometry": {
        "type": "Point",
        "coordinates": [
          28.0,
          468.0
        ]
      },
      "properties": {
        "id": "SITE-\u02f3",
        "suitability": 79.3597848669839,
        "mean_slope": 4.693876266479492,
        "max_slope": 5.020589828491211,
        "mean_hazard": 0.09062909334897995,
        "shadow_percent": 0.0,
        "decision": "SAFE"
      }
    },
    {
      "type": "Feature",
      "geometry": {
        "type": "Point",
        "coordinates": [
          28.0,
          240.0
        ]
      },
      "properties": {
        "id": "SITE-\u02f4",
        "suitability": 79.35256877364164,
        "mean_slope": 4.632905960083008,
        "max_slope": 4.813811302185059,
        "mean_hazard": 0.09238380193710327,
        "shadow_percent": 0.0,
        "decision": "SAFE"
      }
    },
    {
      "type": "Feature",
      "geometry": {
        "type": "Point",
        "coordinates": [
          280.0,
          468.0
        ]
      },
      "properties": {
        "id": "SITE-\u02f5",
        "suitability": 79.33544844285683,
        "mean_slope": 4.852006435394287,
        "max_slope": 4.901618957519531,
        "mean_hazard": 0.08799274265766144,
        "shadow_percent": 0.0,
        "decision": "SAFE"
      }
    },
    {
      "type": "Feature",
      "geometry": {
        "type": "Point",
        "coordinates": [
          320.0,
          60.0
        ]
      },
      "properties": {
        "id": "SITE-\u02f6",
        "suitability": 79.33255390458007,
        "mean_slope": 4.711595058441162,
        "max_slope": 4.89882230758667,
        "mean_hazard": 0.09073736518621445,
        "shadow_percent": 0.0,
        "decision": "SAFE"
      }
    },
    {
      "type": "Feature",
      "geometry": {
        "type": "Point",
        "coordinates": [
          124.0,
          368.0
        ]
      },
      "properties": {
        "id": "SITE-\u02f7",
        "suitability": 79.30122993376571,
        "mean_slope": 4.685591697692871,
        "max_slope": 4.978522777557373,
        "mean_hazard": 0.09137463569641113,
        "shadow_percent": 0.0,
        "decision": "SAFE"
      }
    },
    {
      "type": "Feature",
      "geometry": {
        "type": "Point",
        "coordinates": [
          260.0,
          188.0
        ]
      },
      "properties": {
        "id": "SITE-\u02f8",
        "suitability": 79.29567246657713,
        "mean_slope": 4.668674945831299,
        "max_slope": 4.828012943267822,
        "mean_hazard": 0.09201552718877792,
        "shadow_percent": 0.0,
        "decision": "SAFE"
      }
    },
    {
      "type": "Feature",
      "geometry": {
        "type": "Point",
        "coordinates": [
          36.0,
          56.0
        ]
      },
      "properties": {
        "id": "SITE-\u02f9",
        "suitability": 79.26502613008545,
        "mean_slope": 4.668371677398682,
        "max_slope": 4.876387119293213,
        "mean_hazard": 0.09231129288673401,
        "shadow_percent": 0.0,
        "decision": "SAFE"
      }
    },
    {
      "type": "Feature",
      "geometry": {
        "type": "Point",
        "coordinates": [
          176.0,
          196.0
        ]
      },
      "properties": {
        "id": "SITE-\u02fa",
        "suitability": 79.24034325110912,
        "mean_slope": 4.511040210723877,
        "max_slope": 4.7020463943481445,
        "mean_hazard": 0.09344060719013214,
        "shadow_percent": 0.0,
        "decision": "SAFE"
      }
    },
    {
      "type": "Feature",
      "geometry": {
        "type": "Point",
        "coordinates": [
          92.0,
          204.0
        ]
      },
      "properties": {
        "id": "SITE-\u02fb",
        "suitability": 79.23613994011214,
        "mean_slope": 4.661407947540283,
        "max_slope": 4.8082661628723145,
        "mean_hazard": 0.09244238585233688,
        "shadow_percent": 0.0,
        "decision": "SAFE"
      }
    },
    {
      "type": "Feature",
      "geometry": {
        "type": "Point",
        "coordinates": [
          412.0,
          220.0
        ]
      },
      "properties": {
        "id": "SITE-\u02fc",
        "suitability": 79.2282948357269,
        "mean_slope": 4.655510425567627,
        "max_slope": 5.027979373931885,
        "mean_hazard": 0.09300313144922256,
        "shadow_percent": 0.0,
        "decision": "SAFE"
      }
    },
    {
      "type": "Feature",
      "geometry": {
        "type": "Point",
        "coordinates": [
          428.0,
          204.0
        ]
      },
      "properties": {
        "id": "SITE-\u02fd",
        "suitability": 79.22711748254363,
        "mean_slope": 4.676200866699219,
        "max_slope": 5.045328140258789,
        "mean_hazard": 0.09273975342512131,
        "shadow_percent": 0.0,
        "decision": "SAFE"
      }
    },
    {
      "type": "Feature",
      "geometry": {
        "type": "Point",
        "coordinates": [
          284.0,
          444.0
        ]
      },
      "properties": {
        "id": "SITE-\u02fe",
        "suitability": 79.22096944510224,
        "mean_slope": 4.815373420715332,
        "max_slope": 4.964462757110596,
        "mean_hazard": 0.08975819498300552,
        "shadow_percent": 0.0,
        "decision": "SAFE"
      }
    },
    {
      "type": "Feature",
      "geometry": {
        "type": "Point",
        "coordinates": [
          276.0,
          204.0
        ]
      },
      "properties": {
        "id": "SITE-\u02ff",
        "suitability": 79.19657621208056,
        "mean_slope": 4.681398391723633,
        "max_slope": 4.854592323303223,
        "mean_hazard": 0.09227054566144943,
        "shadow_percent": 0.0,
        "decision": "SAFE"
      }
    },
    {
      "type": "Feature",
      "geometry": {
        "type": "Point",
        "coordinates": [
          308.0,
          40.0
        ]
      },
      "properties": {
        "id": "SITE-\u0300",
        "suitability": 79.19174483042907,
        "mean_slope": 4.660721778869629,
        "max_slope": 4.773166656494141,
        "mean_hazard": 0.09316740930080414,
        "shadow_percent": 0.0,
        "decision": "SAFE"
      }
    },
    {
      "type": "Feature",
      "geometry": {
        "type": "Point",
        "coordinates": [
          268.0,
          464.0
        ]
      },
      "properties": {
        "id": "SITE-\u0301",
        "suitability": 79.19165908779618,
        "mean_slope": 4.839023590087891,
        "max_slope": 4.950582504272461,
        "mean_hazard": 0.08896869421005249,
        "shadow_percent": 0.0,
        "decision": "SAFE"
      }
    },
    {
      "type": "Feature",
      "geometry": {
        "type": "Point",
        "coordinates": [
          348.0,
          56.0
        ]
      },
      "properties": {
        "id": "SITE-\u0302",
        "suitability": 79.1896547330212,
        "mean_slope": 4.728713035583496,
        "max_slope": 4.863921165466309,
        "mean_hazard": 0.09190883487462997,
        "shadow_percent": 0.0,
        "decision": "SAFE"
      }
    },
    {
      "type": "Feature",
      "geometry": {
        "type": "Point",
        "coordinates": [
          472.0,
          276.0
        ]
      },
      "properties": {
        "id": "SITE-\u0303",
        "suitability": 79.18731747374392,
        "mean_slope": 4.651144504547119,
        "max_slope": 4.667701244354248,
        "mean_hazard": 0.09317874163389206,
        "shadow_percent": 0.0,
        "decision": "SAFE"
      }
    },
    {
      "type": "Feature",
      "geometry": {
        "type": "Point",
        "coordinates": [
          192.0,
          68.0
        ]
      },
      "properties": {
        "id": "SITE-\u0304",
        "suitability": 79.170687362133,
        "mean_slope": 4.731678009033203,
        "max_slope": 4.952536106109619,
        "mean_hazard": 0.09153849631547928,
        "shadow_percent": 0.0,
        "decision": "SAFE"
      }
    },
    {
      "type": "Feature",
      "geometry": {
        "type": "Point",
        "coordinates": [
          236.0,
          28.0
        ]
      },
      "properties": {
        "id": "SITE-\u0305",
        "suitability": 79.15803708493523,
        "mean_slope": 4.674144744873047,
        "max_slope": 4.858732223510742,
        "mean_hazard": 0.09347786754369736,
        "shadow_percent": 0.0,
        "decision": "SAFE"
      }
    },
    {
      "type": "Feature",
      "geometry": {
        "type": "Point",
        "coordinates": [
          132.0,
          312.0
        ]
      },
      "properties": {
        "id": "SITE-\u0306",
        "suitability": 79.15797137709227,
        "mean_slope": 4.80837869644165,
        "max_slope": 4.949787616729736,
        "mean_hazard": 0.0902467668056488,
        "shadow_percent": 0.0,
        "decision": "SAFE"
      }
    },
    {
      "type": "Feature",
      "geometry": {
        "type": "Point",
        "coordinates": [
          212.0,
          92.0
        ]
      },
      "properties": {
        "id": "SITE-\u0307",
        "suitability": 79.1524391964142,
        "mean_slope": 4.766396522521973,
        "max_slope": 4.992974281311035,
        "mean_hazard": 0.09126269072294235,
        "shadow_percent": 0.0,
        "decision": "SAFE"
      }
    },
    {
      "type": "Feature",
      "geometry": {
        "type": "Point",
        "coordinates": [
          56.0,
          328.0
        ]
      },
      "properties": {
        "id": "SITE-\u0308",
        "suitability": 79.13134738803245,
        "mean_slope": 4.6938395500183105,
        "max_slope": 4.850847244262695,
        "mean_hazard": 0.09335588663816452,
        "shadow_percent": 0.0,
        "decision": "SAFE"
      }
    },
    {
      "type": "Feature",
      "geometry": {
        "type": "Point",
        "coordinates": [
          328.0,
          448.0
        ]
      },
      "properties": {
        "id": "SITE-\u0309",
        "suitability": 79.1188260219447,
        "mean_slope": 4.673717021942139,
        "max_slope": 4.997938632965088,
        "mean_hazard": 0.09356212615966797,
        "shadow_percent": 0.0,
        "decision": "SAFE"
      }
    },
    {
      "type": "Feature",
      "geometry": {
        "type": "Point",
        "coordinates": [
          240.0,
          472.0
        ]
      },
      "properties": {
        "id": "SITE-\u030a",
        "suitability": 79.10344047479177,
        "mean_slope": 4.672266006469727,
        "max_slope": 4.925875186920166,
        "mean_hazard": 0.09352640062570572,
        "shadow_percent": 0.0,
        "decision": "SAFE"
      }
    },
    {
      "type": "Feature",
      "geometry": {
        "type": "Point",
        "coordinates": [
          84.0,
          396.0
        ]
      },
      "properties": {
        "id": "SITE-\u030b",
        "suitability": 79.09875489752069,
        "mean_slope": 4.876665115356445,
        "max_slope": 5.073257923126221,
        "mean_hazard": 0.089555524289608,
        "shadow_percent": 0.0,
        "decision": "SAFE"
      }
    },
    {
      "type": "Feature",
      "geometry": {
        "type": "Point",
        "coordinates": [
          68.0,
          380.0
        ]
      },
      "properties": {
        "id": "SITE-\u030c",
        "suitability": 79.09668985873202,
        "mean_slope": 4.855453014373779,
        "max_slope": 5.061219215393066,
        "mean_hazard": 0.08991969376802444,
        "shadow_percent": 0.0,
        "decision": "SAFE"
      }
    },
    {
      "type": "Feature",
      "geometry": {
        "type": "Point",
        "coordinates": [
          108.0,
          112.0
        ]
      },
      "properties": {
        "id": "SITE-\u030d",
        "suitability": 79.08528566052226,
        "mean_slope": 4.6871418952941895,
        "max_slope": 4.708034992218018,
        "mean_hazard": 0.09371566027402878,
        "shadow_percent": 0.0,
        "decision": "SAFE"
      }
    },
    {
      "type": "Feature",
      "geometry": {
        "type": "Point",
        "coordinates": [
          188.0,
          112.0
        ]
      },
      "properties": {
        "id": "SITE-\u030e",
        "suitability": 79.08479940144923,
        "mean_slope": 4.642210960388184,
        "max_slope": 4.8216705322265625,
        "mean_hazard": 0.09242662787437439,
        "shadow_percent": 0.0,
        "decision": "SAFE"
      }
    },
    {
      "type": "Feature",
      "geometry": {
        "type": "Point",
        "coordinates": [
          224.0,
          40.0
        ]
      },
      "properties": {
        "id": "SITE-\u030f",
        "suitability": 79.0391169247376,
        "mean_slope": 4.693718910217285,
        "max_slope": 4.888561725616455,
        "mean_hazard": 0.09351567924022675,
        "shadow_percent": 0.0,
        "decision": "SAFE"
      }
    },
    {
      "type": "Feature",
      "geometry": {
        "type": "Point",
        "coordinates": [
          276.0,
          188.0
        ]
      },
      "properties": {
        "id": "SITE-\u0310",
        "suitability": 79.02986171185707,
        "mean_slope": 4.788059234619141,
        "max_slope": 4.873170852661133,
        "mean_hazard": 0.09132665395736694,
        "shadow_percent": 0.0,
        "decision": "SAFE"
      }
    },
    {
      "type": "Feature",
      "geometry": {
        "type": "Point",
        "coordinates": [
          140.0,
          352.0
        ]
      },
      "properties": {
        "id": "SITE-\u0311",
        "suitability": 79.0133041757898,
        "mean_slope": 4.7500481605529785,
        "max_slope": 5.064756393432617,
        "mean_hazard": 0.09331158548593521,
        "shadow_percent": 0.0,
        "decision": "SAFE"
      }
    },
    {
      "type": "Feature",
      "geometry": {
        "type": "Point",
        "coordinates": [
          336.0,
          40.0
        ]
      },
      "properties": {
        "id": "SITE-\u0312",
        "suitability": 78.95994448782825,
        "mean_slope": 4.804766654968262,
        "max_slope": 4.981121063232422,
        "mean_hazard": 0.0924973115324974,
        "shadow_percent": 0.0,
        "decision": "SAFE"
      }
    },
    {
      "type": "Feature",
      "geometry": {
        "type": "Point",
        "coordinates": [
          480.0,
          268.0
        ]
      },
      "properties": {
        "id": "SITE-\u0313",
        "suitability": 78.93812164535667,
        "mean_slope": 4.7038373947143555,
        "max_slope": 4.7341413497924805,
        "mean_hazard": 0.09403833746910095,
        "shadow_percent": 0.0,
        "decision": "SAFE"
      }
    },
    {
      "type": "Feature",
      "geometry": {
        "type": "Point",
        "coordinates": [
          296.0,
          416.0
        ]
      },
      "properties": {
        "id": "SITE-\u0314",
        "suitability": 78.91884352116978,
        "mean_slope": 4.729809761047363,
        "max_slope": 4.9875946044921875,
        "mean_hazard": 0.0946243554353714,
        "shadow_percent": 0.0,
        "decision": "SAFE"
      }
    },
    {
      "type": "Feature",
      "geometry": {
        "type": "Point",
        "coordinates": [
          108.0,
          184.0
        ]
      },
      "properties": {
        "id": "SITE-\u0315",
        "suitability": 78.91125013149266,
        "mean_slope": 4.634669303894043,
        "max_slope": 4.718201160430908,
        "mean_hazard": 0.09295816719532013,
        "shadow_percent": 0.0,
        "decision": "SAFE"
      }
    },
    {
      "type": "Feature",
      "geometry": {
        "type": "Point",
        "coordinates": [
          408.0,
          60.0
        ]
      },
      "properties": {
        "id": "SITE-\u0316",
        "suitability": 78.89826518798601,
        "mean_slope": 4.736048698425293,
        "max_slope": 4.857448101043701,
        "mean_hazard": 0.09373931586742401,
        "shadow_percent": 0.0,
        "decision": "SAFE"
      }
    },
    {
      "type": "Feature",
      "geometry": {
        "type": "Point",
        "coordinates": [
          208.0,
          212.0
        ]
      },
      "properties": {
        "id": "SITE-\u0317",
        "suitability": 78.88552646359578,
        "mean_slope": 4.726449489593506,
        "max_slope": 4.798222541809082,
        "mean_hazard": 0.09454166144132614,
        "shadow_percent": 0.0,
        "decision": "SAFE"
      }
    },
    {
      "type": "Feature",
      "geometry": {
        "type": "Point",
        "coordinates": [
          448.0,
          300.0
        ]
      },
      "properties": {
        "id": "SITE-\u0318",
        "suitability": 78.87699573374908,
        "mean_slope": 4.770490646362305,
        "max_slope": 4.854495048522949,
        "mean_hazard": 0.09389957785606384,
        "shadow_percent": 0.0,
        "decision": "SAFE"
      }
    },
    {
      "type": "Feature",
      "geometry": {
        "type": "Point",
        "coordinates": [
          36.0,
          304.0
        ]
      },
      "properties": {
        "id": "SITE-\u0319",
        "suitability": 78.87242270831601,
        "mean_slope": 4.774487495422363,
        "max_slope": 4.971212863922119,
        "mean_hazard": 0.09399297833442688,
        "shadow_percent": 0.0,
        "decision": "SAFE"
      }
    },
    {
      "type": "Feature",
      "geometry": {
        "type": "Point",
        "coordinates": [
          296.0,
          464.0
        ]
      },
      "properties": {
        "id": "SITE-\u031a",
        "suitability": 78.86431055716422,
        "mean_slope": 4.93838357925415,
        "max_slope": 5.076849937438965,
        "mean_hazard": 0.09057372063398361,
        "shadow_percent": 0.0,
        "decision": "SAFE"
      }
    },
    {
      "type": "Feature",
      "geometry": {
        "type": "Point",
        "coordinates": [
          196.0,
          208.0
        ]
      },
      "properties": {
        "id": "SITE-\u031b",
        "suitability": 78.85569531650906,
        "mean_slope": 4.789116382598877,
        "max_slope": 4.870852947235107,
        "mean_hazard": 0.09420541673898697,
        "shadow_percent": 0.0,
        "decision": "SAFE"
      }
    },
    {
      "type": "Feature",
      "geometry": {
        "type": "Point",
        "coordinates": [
          336.0,
          68.0
        ]
      },
      "properties": {
        "id": "SITE-\u031c",
        "suitability": 78.85400663670406,
        "mean_slope": 4.796539783477783,
        "max_slope": 4.908542156219482,
        "mean_hazard": 0.09358955174684525,
        "shadow_percent": 0.0,
        "decision": "SAFE"
      }
    },
    {
      "type": "Feature",
      "geometry": {
        "type": "Point",
        "coordinates": [
          352.0,
          424.0
        ]
      },
      "properties": {
        "id": "SITE-\u031d",
        "suitability": 78.81783659389625,
        "mean_slope": 4.754138946533203,
        "max_slope": 5.071976661682129,
        "mean_hazard": 0.09522240608930588,
        "shadow_percent": 0.0,
        "decision": "SAFE"
      }
    },
    {
      "type": "Feature",
      "geometry": {
        "type": "Point",
        "coordinates": [
          288.0,
          176.0
        ]
      },
      "properties": {
        "id": "SITE-\u031e",
        "suitability": 78.78536731486702,
        "mean_slope": 4.8869476318359375,
        "max_slope": 4.934513568878174,
        "mean_hazard": 0.09257299453020096,
        "shadow_percent": 0.0,
        "decision": "SAFE"
      }
    },
    {
      "type": "Feature",
      "geometry": {
        "type": "Point",
        "coordinates": [
          204.0,
          200.0
        ]
      },
      "properties": {
        "id": "SITE-\u031f",
        "suitability": 78.76821695162126,
        "mean_slope": 4.807989120483398,
        "max_slope": 4.8829498291015625,
        "mean_hazard": 0.094553641974926,
        "shadow_percent": 0.0,
        "decision": "SAFE"
      }
    },
    {
      "type": "Feature",
      "geometry": {
        "type": "Point",
        "coordinates": [
          304.0,
          408.0
        ]
      },
      "properties": {
        "id": "SITE-\u0320",
        "suitability": 78.74538421900607,
        "mean_slope": 4.761923789978027,
        "max_slope": 5.023197650909424,
        "mean_hazard": 0.09522581100463867,
        "shadow_percent": 0.0,
        "decision": "SAFE"
      }
    },
    {
      "type": "Feature",
      "geometry": {
        "type": "Point",
        "coordinates": [
          48.0,
          252.0
        ]
      },
      "properties": {
        "id": "SITE-\u0321",
        "suitability": 78.73639520903505,
        "mean_slope": 4.7987060546875,
        "max_slope": 4.9589385986328125,
        "mean_hazard": 0.09476453065872192,
        "shadow_percent": 0.0,
        "decision": "SAFE"
      }
    },
    {
      "type": "Feature",
      "geometry": {
        "type": "Point",
        "coordinates": [
          392.0,
          60.0
        ]
      },
      "properties": {
        "id": "SITE-\u0322",
        "suitability": 78.71650358493045,
        "mean_slope": 4.780642509460449,
        "max_slope": 4.933903694152832,
        "mean_hazard": 0.09553680568933487,
        "shadow_percent": 0.0,
        "decision": "SAFE"
      }
    },
    {
      "type": "Feature",
      "geometry": {
        "type": "Point",
        "coordinates": [
          52.0,
          216.0
        ]
      },
      "properties": {
        "id": "SITE-\u0323",
        "suitability": 78.70750157681594,
        "mean_slope": 4.827965259552002,
        "max_slope": 5.005059242248535,
        "mean_hazard": 0.09444011002779007,
        "shadow_percent": 0.0,
        "decision": "SAFE"
      }
    },
    {
      "type": "Feature",
      "geometry": {
        "type": "Point",
        "coordinates": [
          56.0,
          40.0
        ]
      },
      "properties": {
        "id": "SITE-\u0324",
        "suitability": 78.70332218961025,
        "mean_slope": 4.812469482421875,
        "max_slope": 4.9954752922058105,
        "mean_hazard": 0.09485789388418198,
        "shadow_percent": 0.0,
        "decision": "SAFE"
      }
    },
    {
      "type": "Feature",
      "geometry": {
        "type": "Point",
        "coordinates": [
          288.0,
          160.0
        ]
      },
      "properties": {
        "id": "SITE-\u0325",
        "suitability": 78.69415150057463,
        "mean_slope": 4.8558573722839355,
        "max_slope": 5.01996374130249,
        "mean_hazard": 0.09444086253643036,
        "shadow_percent": 0.0,
        "decision": "SAFE"
      }
    },
    {
      "type": "Feature",
      "geometry": {
        "type": "Point",
        "coordinates": [
          244.0,
          204.0
        ]
      },
      "properties": {
        "id": "SITE-\u0326",
        "suitability": 78.68712215852327,
        "mean_slope": 4.846856594085693,
        "max_slope": 5.013687610626221,
        "mean_hazard": 0.09440887719392776,
        "shadow_percent": 0.0,
        "decision": "SAFE"
      }
    },
    {
      "type": "Feature",
      "geometry": {
        "type": "Point",
        "coordinates": [
          112.0,
          372.0
        ]
      },
      "properties": {
        "id": "SITE-\u0327",
        "suitability": 78.67036398960468,
        "mean_slope": 5.003302097320557,
        "max_slope": 5.204101085662842,
        "mean_hazard": 0.0915100947022438,
        "shadow_percent": 0.0,
        "decision": "SAFE"
      }
    },
    {
      "type": "Feature",
      "geometry": {
        "type": "Point",
        "coordinates": [
          104.0,
          100.0
        ]
      },
      "properties": {
        "id": "SITE-\u0328",
        "suitability": 78.66972960112649,
        "mean_slope": 4.787502288818359,
        "max_slope": 4.868762493133545,
        "mean_hazard": 0.09497643262147903,
        "shadow_percent": 0.0,
        "decision": "SAFE"
      }
    },
    {
      "type": "Feature",
      "geometry": {
        "type": "Point",
        "coordinates": [
          64.0,
          356.0
        ]
      },
      "properties": {
        "id": "SITE-\u0329",
        "suitability": 78.6501818482733,
        "mean_slope": 4.799788951873779,
        "max_slope": 4.854869842529297,
        "mean_hazard": 0.09581001102924347,
        "shadow_percent": 0.0,
        "decision": "SAFE"
      }
    },
    {
      "type": "Feature",
      "geometry": {
        "type": "Point",
        "coordinates": [
          284.0,
          32.0
        ]
      },
      "properties": {
        "id": "SITE-\u032a",
        "suitability": 78.64773128794707,
        "mean_slope": 4.973225116729736,
        "max_slope": 5.231410026550293,
        "mean_hazard": 0.09213487803936005,
        "shadow_percent": 0.0,
        "decision": "SAFE"
      }
    },
    {
      "type": "Feature",
      "geometry": {
        "type": "Point",
        "coordinates": [
          320.0,
          456.0
        ]
      },
      "properties": {
        "id": "SITE-\u032b",
        "suitability": 78.63041970462326,
        "mean_slope": 4.831084728240967,
        "max_slope": 5.140293121337891,
        "mean_hazard": 0.09560073167085648,
        "shadow_percent": 0.0,
        "decision": "SAFE"
      }
    },
    {
      "type": "Feature",
      "geometry": {
        "type": "Point",
        "coordinates": [
          364.0,
          396.0
        ]
      },
      "properties": {
        "id": "SITE-\u032c",
        "suitability": 78.61650719903844,
        "mean_slope": 4.965573310852051,
        "max_slope": 5.122432708740234,
        "mean_hazard": 0.09266754239797592,
        "shadow_percent": 0.0,
        "decision": "SAFE"
      }
    },
    {
      "type": "Feature",
      "geometry": {
        "type": "Point",
        "coordinates": [
          316.0,
          48.0
        ]
      },
      "properties": {
        "id": "SITE-\u032d",
        "suitability": 78.61491958717718,
        "mean_slope": 4.851594924926758,
        "max_slope": 4.974946022033691,
        "mean_hazard": 0.09535005688667297,
        "shadow_percent": 0.0,
        "decision": "SAFE"
      }
    },
    {
      "type": "Feature",
      "geometry": {
        "type": "Point",
        "coordinates": [
          200.0,
          248.0
        ]
      },
      "properties": {
        "id": "SITE-\u032e",
        "suitability": 78.5949355041032,
        "mean_slope": 4.879781723022461,
        "max_slope": 5.056093215942383,
        "mean_hazard": 0.09406396746635437,
        "shadow_percent": 0.0,
        "decision": "SAFE"
      }
    },
    {
      "type": "Feature",
      "geometry": {
        "type": "Point",
        "coordinates": [
          48.0,
          344.0
        ]
      },
      "properties": {
        "id": "SITE-\u032f",
        "suitability": 78.59027664309022,
        "mean_slope": 4.808325290679932,
        "max_slope": 4.910146713256836,
        "mean_hazard": 0.09585282951593399,
        "shadow_percent": 0.0,
        "decision": "SAFE"
      }
    },
    {
      "type": "Feature",
      "geometry": {
        "type": "Point",
        "coordinates": [
          312.0,
          400.0
        ]
      },
      "properties": {
        "id": "SITE-\u0330",
        "suitability": 78.57914241818337,
        "mean_slope": 4.8010101318359375,
        "max_slope": 5.039071083068848,
        "mean_hazard": 0.0960298478603363,
        "shadow_percent": 0.0,
        "decision": "SAFE"
      }
    },
    {
      "type": "Feature",
      "geometry": {
        "type": "Point",
        "coordinates": [
          80.0,
          208.0
        ]
      },
      "properties": {
        "id": "SITE-\u0331",
        "suitability": 78.57449395194176,
        "mean_slope": 4.809031009674072,
        "max_slope": 4.843801975250244,
        "mean_hazard": 0.09611909091472626,
        "shadow_percent": 0.0,
        "decision": "SAFE"
      }
    },
    {
      "type": "Feature",
      "geometry": {
        "type": "Point",
        "coordinates": [
          84.0,
          412.0
        ]
      },
      "properties": {
        "id": "SITE-\u0332",
        "suitability": 78.56989010700237,
        "mean_slope": 4.905205249786377,
        "max_slope": 5.224649906158447,
        "mean_hazard": 0.09439988434314728,
        "shadow_percent": 0.0,
        "decision": "SAFE"
      }
    },
    {
      "type": "Feature",
      "geometry": {
        "type": "Point",
        "coordinates": [
          180.0,
          80.0
        ]
      },
      "properties": {
        "id": "SITE-\u0333",
        "suitability": 78.55640486862569,
        "mean_slope": 4.933533191680908,
        "max_slope": 5.145490646362305,
        "mean_hazard": 0.09376930445432663,
        "shadow_percent": 0.0,
        "decision": "SAFE"
      }
    },
    {
      "type": "Feature",
      "geometry": {
        "type": "Point",
        "coordinates": [
          260.0,
          220.0
        ]
      },
      "properties": {
        "id": "SITE-\u0334",
        "suitability": 78.53949394247063,
        "mean_slope": 4.872419834136963,
        "max_slope": 5.047636985778809,
        "mean_hazard": 0.09496712684631348,
        "shadow_percent": 0.0,
        "decision": "SAFE"
      }
    },
    {
      "type": "Feature",
      "geometry": {
        "type": "Point",
        "coordinates": [
          204.0,
          100.0
        ]
      },
      "properties": {
        "id": "SITE-\u0335",
        "suitability": 78.51181019805439,
        "mean_slope": 4.94342041015625,
        "max_slope": 5.161986827850342,
        "mean_hazard": 0.09345614165067673,
        "shadow_percent": 0.0,
        "decision": "SAFE"
      }
    },
    {
      "type": "Feature",
      "geometry": {
        "type": "Point",
        "coordinates": [
          60.0,
          340.0
        ]
      },
      "properties": {
        "id": "SITE-\u0336",
        "suitability": 78.49439698589197,
        "mean_slope": 4.8418402671813965,
        "max_slope": 4.9061102867126465,
        "mean_hazard": 0.0966794416308403,
        "shadow_percent": 0.0,
        "decision": "SAFE"
      }
    },
    {
      "type": "Feature",
      "geometry": {
        "type": "Point",
        "coordinates": [
          148.0,
          284.0
        ]
      },
      "properties": {
        "id": "SITE-\u0337",
        "suitability": 78.49282802839629,
        "mean_slope": 4.842236518859863,
        "max_slope": 5.079363822937012,
        "mean_hazard": 0.09635422378778458,
        "shadow_percent": 0.0,
        "decision": "SAFE"
      }
    },
    {
      "type": "Feature",
      "geometry": {
        "type": "Point",
        "coordinates": [
          320.0,
          392.0
        ]
      },
      "properties": {
        "id": "SITE-\u0338",
        "suitability": 78.47058664801172,
        "mean_slope": 4.838132858276367,
        "max_slope": 5.094329833984375,
        "mean_hazard": 0.09678397327661514,
        "shadow_percent": 0.0,
        "decision": "SAFE"
      }
    },
    {
      "type": "Feature",
      "geometry": {
        "type": "Point",
        "coordinates": [
          312.0,
          28.0
        ]
      },
      "properties": {
        "id": "SITE-\u0339",
        "suitability": 78.40079460983769,
        "mean_slope": 4.861131191253662,
        "max_slope": 4.942131042480469,
        "mean_hazard": 0.09705639630556107,
        "shadow_percent": 0.0,
        "decision": "SAFE"
      }
    },
    {
      "type": "Feature",
      "geometry": {
        "type": "Point",
        "coordinates": [
          288.0,
          424.0
        ]
      },
      "properties": {
        "id": "SITE-\u033a",
        "suitability": 78.3928238256343,
        "mean_slope": 4.8886189460754395,
        "max_slope": 5.137723445892334,
        "mean_hazard": 0.09660222381353378,
        "shadow_percent": 0.0,
        "decision": "SAFE"
      }
    },
    {
      "type": "Feature",
      "geometry": {
        "type": "Point",
        "coordinates": [
          96.0,
          192.0
        ]
      },
      "properties": {
        "id": "SITE-\u033b",
        "suitability": 78.37404986480378,
        "mean_slope": 4.885108470916748,
        "max_slope": 4.928369045257568,
        "mean_hazard": 0.09667598456144333,
        "shadow_percent": 0.0,
        "decision": "SAFE"
      }
    },
    {
      "type": "Feature",
      "geometry": {
        "type": "Point",
        "coordinates": [
          276.0,
          456.0
        ]
      },
      "properties": {
        "id": "SITE-\u033c",
        "suitability": 78.36855977834922,
        "mean_slope": 5.080259323120117,
        "max_slope": 5.189879894256592,
        "mean_hazard": 0.09222307801246643,
        "shadow_percent": 0.0,
        "decision": "SAFE"
      }
    },
    {
      "type": "Feature",
      "geometry": {
        "type": "Point",
        "coordinates": [
          392.0,
          76.0
        ]
      },
      "properties": {
        "id": "SITE-\u033d",
        "suitability": 78.36806359925282,
        "mean_slope": 4.956384658813477,
        "max_slope": 5.128411293029785,
        "mean_hazard": 0.09579341113567352,
        "shadow_percent": 0.0,
        "decision": "SAFE"
      }
    },
    {
      "type": "Feature",
      "geometry": {
        "type": "Point",
        "coordinates": [
          164.0,
          484.0
        ]
      },
      "properties": {
        "id": "SITE-\u033e",
        "suitability": 78.3662789024545,
        "mean_slope": 4.99592924118042,
        "max_slope": 6.982964515686035,
        "mean_hazard": 0.0954551249742508,
        "shadow_percent": 0.0,
        "decision": "SAFE"
      }
    },
    {
      "type": "Feature",
      "geometry": {
        "type": "Point",
        "coordinates": [
          308.0,
          132.0
        ]
      },
      "properties": {
        "id": "SITE-\u033f",
        "suitability": 78.33921992443246,
        "mean_slope": 4.882009506225586,
        "max_slope": 5.1053466796875,
        "mean_hazard": 0.09741897881031036,
        "shadow_percent": 0.0,
        "decision": "SAFE"
      }
    },
    {
      "type": "Feature",
      "geometry": {
        "type": "Point",
        "coordinates": [
          300.0,
          32.0
        ]
      },
      "properties": {
        "id": "SITE-\u0340",
        "suitability": 78.33426925080549,
        "mean_slope": 4.913881301879883,
        "max_slope": 5.062406539916992,
        "mean_hazard": 0.0969129353761673,
        "shadow_percent": 0.0,
        "decision": "SAFE"
      }
    },
    {
      "type": "Feature",
      "geometry": {
        "type": "Point",
        "coordinates": [
          68.0,
          76.0
        ]
      },
      "properties": {
        "id": "SITE-\u0341",
        "suitability": 78.33399503693573,
        "mean_slope": 4.864448070526123,
        "max_slope": 4.92548942565918,
        "mean_hazard": 0.09721395373344421,
        "shadow_percent": 0.0,
        "decision": "SAFE"
      }
    },
    {
      "type": "Feature",
      "geometry": {
        "type": "Point",
        "coordinates": [
          28.0,
          324.0
        ]
      },
      "properties": {
        "id": "SITE-\u0342",
        "suitability": 78.33227445588481,
        "mean_slope": 4.8857035636901855,
        "max_slope": 4.9953718185424805,
        "mean_hazard": 0.09756489843130112,
        "shadow_percent": 0.0,
        "decision": "SAFE"
      }
    },
    {
      "type": "Feature",
      "geometry": {
        "type": "Point",
        "coordinates": [
          452.0,
          196.0
        ]
      },
      "properties": {
        "id": "SITE-\u0343",
        "suitability": 78.32640881043893,
        "mean_slope": 4.99697732925415,
        "max_slope": 8.498178482055664,
        "mean_hazard": 0.09519372880458832,
        "shadow_percent": 0.0,
        "decision": "CONDITIONAL"
      }
    },
    {
      "type": "Feature",
      "geometry": {
        "type": "Point",
        "coordinates": [
          72.0,
          216.0
        ]
      },
      "properties": {
        "id": "SITE-\u0344",
        "suitability": 78.32381921466568,
        "mean_slope": 4.882338047027588,
        "max_slope": 4.941410541534424,
        "mean_hazard": 0.0973539799451828,
        "shadow_percent": 0.0,
        "decision": "SAFE"
      }
    },
    {
      "type": "Feature",
      "geometry": {
        "type": "Point",
        "coordinates": [
          40.0,
          28.0
        ]
      },
      "properties": {
        "id": "SITE-\u0345",
        "suitability": 78.28204942935767,
        "mean_slope": 4.8771071434021,
        "max_slope": 5.012323379516602,
        "mean_hazard": 0.0975441187620163,
        "shadow_percent": 0.0,
        "decision": "SAFE"
      }
    },
    {
      "type": "Feature",
      "geometry": {
        "type": "Point",
        "coordinates": [
          232.0,
          60.0
        ]
      },
      "properties": {
        "id": "SITE-\u0346",
        "suitability": 78.28120627076773,
        "mean_slope": 4.88724422454834,
        "max_slope": 5.016898155212402,
        "mean_hazard": 0.09755413234233856,
        "shadow_percent": 0.0,
        "decision": "SAFE"
      }
    },
    {
      "type": "Feature",
      "geometry": {
        "type": "Point",
        "coordinates": [
          380.0,
          364.0
        ]
      },
      "properties": {
        "id": "SITE-\u0347",
        "suitability": 78.24847492861244,
        "mean_slope": 5.041717529296875,
        "max_slope": 5.190336227416992,
        "mean_hazard": 0.0934634581208229,
        "shadow_percent": 0.0,
        "decision": "SAFE"
      }
    },
    {
      "type": "Feature",
      "geometry": {
        "type": "Point",
        "coordinates": [
          448.0,
          284.0
        ]
      },
      "properties": {
        "id": "SITE-\u0348",
        "suitability": 78.22479776207989,
        "mean_slope": 4.900887966156006,
        "max_slope": 5.0631327629089355,
        "mean_hazard": 0.09806952625513077,
        "shadow_percent": 0.0,
        "decision": "SAFE"
      }
    },
    {
      "type": "Feature",
      "geometry": {
        "type": "Point",
        "coordinates": [
          360.0,
          384.0
        ]
      },
      "properties": {
        "id": "SITE-\u0349",
        "suitability": 78.20955077421459,
        "mean_slope": 5.134294509887695,
        "max_slope": 5.252796173095703,
        "mean_hazard": 0.0934966504573822,
        "shadow_percent": 0.0,
        "decision": "SAFE"
      }
    },
    {
      "type": "Feature",
      "geometry": {
        "type": "Point",
        "coordinates": [
          216.0,
          264.0
        ]
      },
      "properties": {
        "id": "SITE-\u034a",
        "suitability": 78.17847755194104,
        "mean_slope": 4.987973213195801,
        "max_slope": 5.1639251708984375,
        "mean_hazard": 0.09605980664491653,
        "shadow_percent": 0.0,
        "decision": "SAFE"
      }
    },
    {
      "type": "Feature",
      "geometry": {
        "type": "Point",
        "coordinates": [
          240.0,
          52.0
        ]
      },
      "properties": {
        "id": "SITE-\u034b",
        "suitability": 78.16915881386758,
        "mean_slope": 4.915238380432129,
        "max_slope": 5.047024250030518,
        "mean_hazard": 0.09804826974868774,
        "shadow_percent": 0.0,
        "decision": "SAFE"
      }
    },
    {
      "type": "Feature",
      "geometry": {
        "type": "Point",
        "coordinates": [
          360.0,
          416.0
        ]
      },
      "properties": {
        "id": "SITE-\u034c",
        "suitability": 78.15238692442563,
        "mean_slope": 4.940300464630127,
        "max_slope": 5.247328281402588,
        "mean_hazard": 0.09800145030021667,
        "shadow_percent": 0.0,
        "decision": "SAFE"
      }
    },
    {
      "type": "Feature",
      "geometry": {
        "type": "Point",
        "coordinates": [
          88.0,
          100.0
        ]
      },
      "properties": {
        "id": "SITE-\u034d",
        "suitability": 78.1377448886582,
        "mean_slope": 4.944261074066162,
        "max_slope": 5.044682502746582,
        "mean_hazard": 0.0967097282409668,
        "shadow_percent": 0.0,
        "decision": "SAFE"
      }
    },
    {
      "type": "Feature",
      "geometry": {
        "type": "Point",
        "coordinates": [
          188.0,
          188.0
        ]
      },
      "properties": {
        "id": "SITE-\u034e",
        "suitability": 78.13337731109941,
        "mean_slope": 4.958217620849609,
        "max_slope": 5.010096073150635,
        "mean_hazard": 0.09758066385984421,
        "shadow_percent": 0.0,
        "decision": "SAFE"
      }
    },
    {
      "type": "Feature",
      "geometry": {
        "type": "Point",
        "coordinates": [
          488.0,
          260.0
        ]
      },
      "properties": {
        "id": "SITE-\u034f",
        "suitability": 78.12586344049396,
        "mean_slope": 4.97374153137207,
        "max_slope": 5.085634231567383,
        "mean_hazard": 0.09772612899541855,
        "shadow_percent": 0.0,
        "decision": "SAFE"
      }
    },
    {
      "type": "Feature",
      "geometry": {
        "type": "Point",
        "coordinates": [
          60.0,
          68.0
        ]
      },
      "properties": {
        "id": "SITE-\u0350",
        "suitability": 78.12355741595127,
        "mean_slope": 4.929932117462158,
        "max_slope": 5.0078253746032715,
        "mean_hazard": 0.09839364886283875,
        "shadow_percent": 0.0,
        "decision": "SAFE"
      }
    },
    {
      "type": "Feature",
      "geometry": {
        "type": "Point",
        "coordinates": [
          300.0,
          180.0
        ]
      },
      "properties": {
        "id": "SITE-\u0351",
        "suitability": 78.12042899273543,
        "mean_slope": 5.0259175300598145,
        "max_slope": 5.195034027099609,
        "mean_hazard": 0.09663215279579163,
        "shadow_percent": 0.0,
        "decision": "SAFE"
      }
    },
    {
      "type": "Feature",
      "geometry": {
        "type": "Point",
        "coordinates": [
          32.0,
          4.0
        ]
      },
      "properties": {
        "id": "SITE-\u0352",
        "suitability": 78.10980022169659,
        "mean_slope": 5.129813194274902,
        "max_slope": 5.382411956787109,
        "mean_hazard": 0.09491919726133347,
        "shadow_percent": 0.0,
        "decision": "SAFE"
      }
    },
    {
      "type": "Feature",
      "geometry": {
        "type": "Point",
        "coordinates": [
          28.0,
          40.0
        ]
      },
      "properties": {
        "id": "SITE-\u0353",
        "suitability": 78.09346044914373,
        "mean_slope": 4.937978744506836,
        "max_slope": 5.051904678344727,
        "mean_hazard": 0.09873390942811966,
        "shadow_percent": 0.0,
        "decision": "SAFE"
      }
    },
    {
      "type": "Feature",
      "geometry": {
        "type": "Point",
        "coordinates": [
          472.0,
          160.0
        ]
      },
      "properties": {
        "id": "SITE-\u0354",
        "suitability": 78.07230307706824,
        "mean_slope": 5.032986164093018,
        "max_slope": 5.3658857345581055,
        "mean_hazard": 0.09702903032302856,
        "shadow_percent": 0.0,
        "decision": "SAFE"
      }
    },
    {
      "type": "Feature",
      "geometry": {
        "type": "Point",
        "coordinates": [
          400.0,
          52.0
        ]
      },
      "properties": {
        "id": "SITE-\u0355",
        "suitability": 78.06059293895579,
        "mean_slope": 4.967413902282715,
        "max_slope": 5.107231616973877,
        "mean_hazard": 0.09853395819664001,
        "shadow_percent": 0.0,
        "decision": "SAFE"
      }
    },
    {
      "type": "Feature",
      "geometry": {
        "type": "Point",
        "coordinates": [
          408.0,
          76.0
        ]
      },
      "properties": {
        "id": "SITE-\u0356",
        "suitability": 78.05881898813044,
        "mean_slope": 4.9432291984558105,
        "max_slope": 5.147159576416016,
        "mean_hazard": 0.09889981895685196,
        "shadow_percent": 0.0,
        "decision": "SAFE"
      }
    },
    {
      "type": "Feature",
      "geometry": {
        "type": "Point",
        "coordinates": [
          220.0,
          52.0
        ]
      },
      "properties": {
        "id": "SITE-\u0357",
        "suitability": 78.03316019321788,
        "mean_slope": 4.94381856918335,
        "max_slope": 5.044524669647217,
        "mean_hazard": 0.09879960119724274,
        "shadow_percent": 0.0,
        "decision": "SAFE"
      }
    },
    {
      "type": "Feature",
      "geometry": {
        "type": "Point",
        "coordinates": [
          456.0,
          276.0
        ]
      },
      "properties": {
        "id": "SITE-\u0358",
        "suitability": 78.02682251461324,
        "mean_slope": 4.938685417175293,
        "max_slope": 5.107406139373779,
        "mean_hazard": 0.09890086948871613,
        "shadow_percent": 0.0,
        "decision": "SAFE"
      }
    },
    {
      "type": "Feature",
      "geometry": {
        "type": "Point",
        "coordinates": [
          220.0,
          68.0
        ]
      },
      "properties": {
        "id": "SITE-\u0359",
        "suitability": 78.02196045587817,
        "mean_slope": 4.9639506340026855,
        "max_slope": 5.032451629638672,
        "mean_hazard": 0.09918124973773956,
        "shadow_percent": 0.0,
        "decision": "SAFE"
      }
    },
    {
      "type": "Feature",
      "geometry": {
        "type": "Point",
        "coordinates": [
          464.0,
          300.0
        ]
      },
      "properties": {
        "id": "SITE-\u035a",
        "suitability": 78.01630572421335,
        "mean_slope": 4.9589924812316895,
        "max_slope": 5.158645153045654,
        "mean_hazard": 0.09913026541471481,
        "shadow_percent": 0.0,
        "decision": "SAFE"
      }
    },
    {
      "type": "Feature",
      "geometry": {
        "type": "Point",
        "coordinates": [
          36.0,
          256.0
        ]
      },
      "properties": {
        "id": "SITE-\u035b",
        "suitability": 78.00406934732155,
        "mean_slope": 4.949123859405518,
        "max_slope": 5.018548011779785,
        "mean_hazard": 0.09896525740623474,
        "shadow_percent": 0.0,
        "decision": "SAFE"
      }
    },
    {
      "type": "Feature",
      "geometry": {
        "type": "Point",
        "coordinates": [
          324.0,
          40.0
        ]
      },
      "properties": {
        "id": "SITE-\u035c",
        "suitability": 77.99370897017009,
        "mean_slope": 5.008244037628174,
        "max_slope": 5.076632976531982,
        "mean_hazard": 0.0983998104929924,
        "shadow_percent": 0.0,
        "decision": "SAFE"
      }
    },
    {
      "type": "Feature",
      "geometry": {
        "type": "Point",
        "coordinates": [
          456.0,
          12.0
        ]
      },
      "properties": {
        "id": "SITE-\u035d",
        "suitability": 77.95270690527536,
        "mean_slope": 4.9556427001953125,
        "max_slope": 4.977807998657227,
        "mean_hazard": 0.09918530285358429,
        "shadow_percent": 0.0,
        "decision": "SAFE"
      }
    },
    {
      "type": "Feature",
      "geometry": {
        "type": "Point",
        "coordinates": [
          288.0,
          188.0
        ]
      },
      "properties": {
        "id": "SITE-\u035e",
        "suitability": 77.9097319785056,
        "mean_slope": 5.109774589538574,
        "max_slope": 5.224769115447998,
        "mean_hazard": 0.09686911851167679,
        "shadow_percent": 0.0,
        "decision": "SAFE"
      }
    },
    {
      "type": "Feature",
      "geometry": {
        "type": "Point",
        "coordinates": [
          288.0,
          476.0
        ]
      },
      "properties": {
        "id": "SITE-\u035f",
        "suitability": 77.90793945701664,
        "mean_slope": 5.182591438293457,
        "max_slope": 5.35031795501709,
        "mean_hazard": 0.09502723067998886,
        "shadow_percent": 0.0,
        "decision": "SAFE"
      }
    },
    {
      "type": "Feature",
      "geometry": {
        "type": "Point",
        "coordinates": [
          472.0,
          292.0
        ]
      },
      "properties": {
        "id": "SITE-\u0360",
        "suitability": 77.88610886923762,
        "mean_slope": 4.970916271209717,
        "max_slope": 5.149867057800293,
        "mean_hazard": 0.09958572685718536,
        "shadow_percent": 0.0,
        "decision": "SAFE"
      }
    },
    {
      "type": "Feature",
      "geometry": {
        "type": "Point",
        "coordinates": [
          276.0,
          176.0
        ]
      },
      "properties": {
        "id": "SITE-\u0361",
        "suitability": 77.88148124089749,
        "mean_slope": 5.113900661468506,
        "max_slope": 5.236023902893066,
        "mean_hazard": 0.0969976931810379,
        "shadow_percent": 0.0,
        "decision": "SAFE"
      }
    },
    {
      "type": "Feature",
      "geometry": {
        "type": "Point",
        "coordinates": [
          464.0,
          268.0
        ]
      },
      "properties": {
        "id": "SITE-\u0362",
        "suitability": 77.8788017550817,
        "mean_slope": 4.9787139892578125,
        "max_slope": 5.136728286743164,
        "mean_hazard": 0.09969916939735413,
        "shadow_percent": 0.0,
        "decision": "SAFE"
      }
    },
    {
      "type": "Feature",
      "geometry": {
        "type": "Point",
        "coordinates": [
          96.0,
          92.0
        ]
      },
      "properties": {
        "id": "SITE-\u0363",
        "suitability": 77.87028399177494,
        "mean_slope": 5.025918006896973,
        "max_slope": 5.094779014587402,
        "mean_hazard": 0.09850278496742249,
        "shadow_percent": 0.0,
        "decision": "SAFE"
      }
    },
    {
      "type": "Feature",
      "geometry": {
        "type": "Point",
        "coordinates": [
          464.0,
          4.0
        ]
      },
      "properties": {
        "id": "SITE-\u0364",
        "suitability": 77.86726878888314,
        "mean_slope": 4.998622894287109,
        "max_slope": 5.027261257171631,
        "mean_hazard": 0.1000782698392868,
        "shadow_percent": 0.0,
        "decision": "SAFE"
      }
    },
    {
      "type": "Feature",
      "geometry": {
        "type": "Point",
        "coordinates": [
          348.0,
          380.0
        ]
      },
      "properties": {
        "id": "SITE-\u0365",
        "suitability": 77.85718573244,
        "mean_slope": 5.1732401847839355,
        "max_slope": 5.345020771026611,
        "mean_hazard": 0.0964846983551979,
        "shadow_percent": 0.0,
        "decision": "SAFE"
      }
    },
    {
      "type": "Feature",
      "geometry": {
        "type": "Point",
        "coordinates": [
          48.0,
          60.0
        ]
      },
      "properties": {
        "id": "SITE-\u0366",
        "suitability": 77.83940148429458,
        "mean_slope": 5.020641326904297,
        "max_slope": 5.13575553894043,
        "mean_hazard": 0.09923205524682999,
        "shadow_percent": 0.0,
        "decision": "SAFE"
      }
    },
    {
      "type": "Feature",
      "geometry": {
        "type": "Point",
        "coordinates": [
          480.0,
          284.0
        ]
      },
      "properties": {
        "id": "SITE-\u0367",
        "suitability": 77.83471651657956,
        "mean_slope": 4.997354507446289,
        "max_slope": 5.180328369140625,
        "mean_hazard": 0.10008379817008972,
        "shadow_percent": 0.0,
        "decision": "SAFE"
      }
    },
    {
      "type": "Feature",
      "geometry": {
        "type": "Point",
        "coordinates": [
          44.0,
          332.0
        ]
      },
      "properties": {
        "id": "SITE-\u0368",
        "suitability": 77.83158447748609,
        "mean_slope": 5.008866786956787,
        "max_slope": 5.0232834815979,
        "mean_hazard": 0.09985191375017166,
        "shadow_percent": 0.0,
        "decision": "SAFE"
      }
    },
    {
      "type": "Feature",
      "geometry": {
        "type": "Point",
        "coordinates": [
          268.0,
          32.0
        ]
      },
      "properties": {
        "id": "SITE-\u0369",
        "suitability": 77.7595109670758,
        "mean_slope": 5.125683784484863,
        "max_slope": 5.322546005249023,
        "mean_hazard": 0.09824884682893753,
        "shadow_percent": 0.0,
        "decision": "SAFE"
      }
    },
    {
      "type": "Feature",
      "geometry": {
        "type": "Point",
        "coordinates": [
          164.0,
          324.0
        ]
      },
      "properties": {
        "id": "SITE-\u036a",
        "suitability": 77.74905655586359,
        "mean_slope": 5.122422695159912,
        "max_slope": 5.388441562652588,
        "mean_hazard": 0.09815475344657898,
        "shadow_percent": 0.0,
        "decision": "SAFE"
      }
    },
    {
      "type": "Feature",
      "geometry": {
        "type": "Point",
        "coordinates": [
          60.0,
          52.0
        ]
      },
      "properties": {
        "id": "SITE-\u036b",
        "suitability": 77.7405105685175,
        "mean_slope": 5.0520195960998535,
        "max_slope": 5.1480584144592285,
        "mean_hazard": 0.09993582963943481,
        "shadow_percent": 0.0,
        "decision": "SAFE"
      }
    },
    {
      "type": "Feature",
      "geometry": {
        "type": "Point",
        "coordinates": [
          436.0,
          196.0
        ]
      },
      "properties": {
        "id": "SITE-\u036c",
        "suitability": 77.73531968201733,
        "mean_slope": 5.118833541870117,
        "max_slope": 5.45765495300293,
        "mean_hazard": 0.09851175546646118,
        "shadow_percent": 0.0,
        "decision": "SAFE"
      }
    },
    {
      "type": "Feature",
      "geometry": {
        "type": "Point",
        "coordinates": [
          80.0,
          88.0
        ]
      },
      "properties": {
        "id": "SITE-\u036d",
        "suitability": 77.72611213479178,
        "mean_slope": 5.046627044677734,
        "max_slope": 5.108774185180664,
        "mean_hazard": 0.09913069009780884,
        "shadow_percent": 0.0,
        "decision": "SAFE"
      }
    },
    {
      "type": "Feature",
      "geometry": {
        "type": "Point",
        "coordinates": [
          40.0,
          232.0
        ]
      },
      "properties": {
        "id": "SITE-\u036e",
        "suitability": 77.72363421962928,
        "mean_slope": 5.089975357055664,
        "max_slope": 5.220696449279785,
        "mean_hazard": 0.09949871152639389,
        "shadow_percent": 0.0,
        "decision": "SAFE"
      }
    },
    {
      "type": "Feature",
      "geometry": {
        "type": "Point",
        "coordinates": [
          4.0,
          32.0
        ]
      },
      "properties": {
        "id": "SITE-\u036f",
        "suitability": 77.71330013232019,
        "mean_slope": 5.2308478355407715,
        "max_slope": 5.4704718589782715,
        "mean_hazard": 0.09674210846424103,
        "shadow_percent": 0.0,
        "decision": "SAFE"
      }
    },
    {
      "type": "Feature",
      "geometry": {
        "type": "Point",
        "coordinates": [
          472.0,
          260.0
        ]
      },
      "properties": {
        "id": "SITE-\u0370",
        "suitability": 77.71138950653587,
        "mean_slope": 5.0352983474731445,
        "max_slope": 5.201413631439209,
        "mean_hazard": 0.10067904740571976,
        "shadow_percent": 0.0,
        "decision": "SAFE"
      }
    },
    {
      "type": "Feature",
      "geometry": {
        "type": "Point",
        "coordinates": [
          176.0,
          100.0
        ]
      },
      "properties": {
        "id": "SITE-\u0371",
        "suitability": 77.70965420211127,
        "mean_slope": 5.069181442260742,
        "max_slope": 5.184691905975342,
        "mean_hazard": 0.09962084144353867,
        "shadow_percent": 0.0,
        "decision": "SAFE"
      }
    },
    {
      "type": "Feature",
      "geometry": {
        "type": "Point",
        "coordinates": [
          308.0,
          4.0
        ]
      },
      "properties": {
        "id": "SITE-\u0372",
        "suitability": 77.68414675852517,
        "mean_slope": 5.237269878387451,
        "max_slope": 5.478952407836914,
        "mean_hazard": 0.09670177102088928,
        "shadow_percent": 0.0,
        "decision": "SAFE"
      }
    },
    {
      "type": "Feature",
      "geometry": {
        "type": "Point",
        "coordinates": [
          488.0,
          276.0
        ]
      },
      "properties": {
        "id": "SITE-\u0373",
        "suitability": 77.66352484055372,
        "mean_slope": 5.047171115875244,
        "max_slope": 5.229602336883545,
        "mean_hazard": 0.10088703781366348,
        "shadow_percent": 0.0,
        "decision": "SAFE"
      }
    },
    {
      "type": "Feature",
      "geometry": {
        "type": "Point",
        "coordinates": [
          448.0,
          20.0
        ]
      },
      "properties": {
        "id": "SITE-\u0374",
        "suitability": 77.65484548548908,
        "mean_slope": 5.064321517944336,
        "max_slope": 5.127823829650879,
        "mean_hazard": 0.10032694041728973,
        "shadow_percent": 0.0,
        "decision": "SAFE"
      }
    },
    {
      "type": "Feature",
      "geometry": {
        "type": "Point",
        "coordinates": [
          328.0,
          384.0
        ]
      },
      "properties": {
        "id": "SITE-\u0375",
        "suitability": 77.57953898548939,
        "mean_slope": 5.079550266265869,
        "max_slope": 5.319952487945557,
        "mean_hazard": 0.100410096347332,
        "shadow_percent": 0.0,
        "decision": "SAFE"
      }
    },
    {
      "type": "Feature",
      "geometry": {
        "type": "Point",
        "coordinates": [
          4.0,
          316.0
        ]
      },
      "properties": {
        "id": "SITE-\u0376",
        "suitability": 77.5629906313557,
        "mean_slope": 5.266468524932861,
        "max_slope": 5.496337413787842,
        "mean_hazard": 0.09727955609560013,
        "shadow_percent": 0.0,
        "decision": "SAFE"
      }
    },
    {
      "type": "Feature",
      "geometry": {
        "type": "Point",
        "coordinates": [
          236.0,
          40.0
        ]
      },
      "properties": {
        "id": "SITE-\u0377",
        "suitability": 77.55795921723413,
        "mean_slope": 5.073642730712891,
        "max_slope": 5.110507965087891,
        "mean_hazard": 0.10138218849897385,
        "shadow_percent": 0.0,
        "decision": "SAFE"
      }
    },
    {
      "type": "Feature",
      "geometry": {
        "type": "Point",
        "coordinates": [
          136.0,
          296.0
        ]
      },
      "properties": {
        "id": "SITE-\u0378",
        "suitability": 77.53370970319594,
        "mean_slope": 5.161220550537109,
        "max_slope": 5.37867546081543,
        "mean_hazard": 0.09981992095708847,
        "shadow_percent": 0.0,
        "decision": "SAFE"
      }
    },
    {
      "type": "Feature",
      "geometry": {
        "type": "Point",
        "coordinates": [
          208.0,
          68.0
        ]
      },
      "properties": {
        "id": "SITE-\u0379",
        "suitability": 77.50728302448852,
        "mean_slope": 5.087501049041748,
        "max_slope": 5.152589321136475,
        "mean_hazard": 0.10092438757419586,
        "shadow_percent": 0.0,
        "decision": "SAFE"
      }
    },
    {
      "type": "Feature",
      "geometry": {
        "type": "Point",
        "coordinates": [
          328.0,
          164.0
        ]
      },
      "properties": {
        "id": "SITE-\u037a",
        "suitability": 77.50402724991564,
        "mean_slope": 5.078292369842529,
        "max_slope": 5.363051891326904,
        "mean_hazard": 0.10167254507541656,
        "shadow_percent": 0.0,
        "decision": "SAFE"
      }
    },
    {
      "type": "Feature",
      "geometry": {
        "type": "Point",
        "coordinates": [
          88.0,
          348.0
        ]
      },
      "properties": {
        "id": "SITE-\u037b",
        "suitability": 77.49401686607509,
        "mean_slope": 5.303335666656494,
        "max_slope": 5.507652282714844,
        "mean_hazard": 0.09708822518587112,
        "shadow_percent": 0.0,
        "decision": "SAFE"
      }
    },
    {
      "type": "Feature",
      "geometry": {
        "type": "Point",
        "coordinates": [
          60.0,
          236.0
        ]
      },
      "properties": {
        "id": "SITE-\u037c",
        "suitability": 77.49046662881058,
        "mean_slope": 5.1643242835998535,
        "max_slope": 5.276706218719482,
        "mean_hazard": 0.10034210234880447,
        "shadow_percent": 0.0,
        "decision": "SAFE"
      }
    },
    {
      "type": "Feature",
      "geometry": {
        "type": "Point",
        "coordinates": [
          64.0,
          224.0
        ]
      },
      "properties": {
        "id": "SITE-\u037d",
        "suitability": 77.46482598890212,
        "mean_slope": 5.13221549987793,
        "max_slope": 5.217130661010742,
        "mean_hazard": 0.10098332166671753,
        "shadow_percent": 0.0,
        "decision": "SAFE"
      }
    },
    {
      "type": "Feature",
      "geometry": {
        "type": "Point",
        "coordinates": [
          248.0,
          36.0
        ]
      },
      "properties": {
        "id": "SITE-\u037e",
        "suitability": 77.45941939938302,
        "mean_slope": 5.095297336578369,
        "max_slope": 5.138987064361572,
        "mean_hazard": 0.10182993859052658,
        "shadow_percent": 0.0,
        "decision": "SAFE"
      }
    },
    {
      "type": "Feature",
      "geometry": {
        "type": "Point",
        "coordinates": [
          336.0,
          52.0
        ]
      },
      "properties": {
        "id": "SITE-\u037f",
        "suitability": 77.44642269142763,
        "mean_slope": 5.1772308349609375,
        "max_slope": 5.22463321685791,
        "mean_hazard": 0.09998424351215363,
        "shadow_percent": 0.0,
        "decision": "SAFE"
      }
    },
    {
      "type": "Feature",
      "geometry": {
        "type": "Point",
        "coordinates": [
          456.0,
          308.0
        ]
      },
      "properties": {
        "id": "SITE-\u0380",
        "suitability": 77.43998748326531,
        "mean_slope": 5.134990692138672,
        "max_slope": 5.3224711418151855,
        "mean_hazard": 0.10126202553510666,
        "shadow_percent": 0.0,
        "decision": "SAFE"
      }
    },
    {
      "type": "Feature",
      "geometry": {
        "type": "Point",
        "coordinates": [
          248.0,
          16.0
        ]
      },
      "properties": {
        "id": "SITE-\u0381",
        "suitability": 77.43558835233428,
        "mean_slope": 5.1548590660095215,
        "max_slope": 5.327752113342285,
        "mean_hazard": 0.10003719478845596,
        "shadow_percent": 0.0,
        "decision": "SAFE"
      }
    },
    {
      "type": "Feature",
      "geometry": {
        "type": "Point",
        "coordinates": [
          228.0,
          492.0
        ]
      },
      "properties": {
        "id": "SITE-\u0382",
        "suitability": 77.41980829623613,
        "mean_slope": 5.290225982666016,
        "max_slope": 5.471667289733887,
        "mean_hazard": 0.09859320521354675,
        "shadow_percent": 0.0,
        "decision": "SAFE"
      }
    },
    {
      "type": "Feature",
      "geometry": {
        "type": "Point",
        "coordinates": [
          384.0,
          68.0
        ]
      },
      "properties": {
        "id": "SITE-\u0383",
        "suitability": 77.34611218320329,
        "mean_slope": 5.205791473388672,
        "max_slope": 5.366639614105225,
        "mean_hazard": 0.10077441483736038,
        "shadow_percent": 0.0,
        "decision": "SAFE"
      }
    },
    {
      "type": "Feature",
      "geometry": {
        "type": "Point",
        "coordinates": [
          152.0,
          336.0
        ]
      },
      "properties": {
        "id": "SITE-\u0384",
        "suitability": 77.32383918760993,
        "mean_slope": 5.280715465545654,
        "max_slope": 5.533733367919922,
        "mean_hazard": 0.0994538888335228,
        "shadow_percent": 0.0,
        "decision": "SAFE"
      }
    },
    {
      "type": "Feature",
      "geometry": {
        "type": "Point",
        "coordinates": [
          44.0,
          40.0
        ]
      },
      "properties": {
        "id": "SITE-\u0385",
        "suitability": 77.32077401558394,
        "mean_slope": 5.146356582641602,
        "max_slope": 5.1915693283081055,
        "mean_hazard": 0.10238702595233917,
        "shadow_percent": 0.0,
        "decision": "SAFE"
      }
    },
    {
      "type": "Feature",
      "geometry": {
        "type": "Point",
        "coordinates": [
          416.0,
          68.0
        ]
      },
      "properties": {
        "id": "SITE-\u0386",
        "suitability": 77.30946051376621,
        "mean_slope": 5.158001899719238,
        "max_slope": 5.363460540771484,
        "mean_hazard": 0.10217870771884918,
        "shadow_percent": 0.0,
        "decision": "SAFE"
      }
    },
    {
      "type": "Feature",
      "geometry": {
        "type": "Point",
        "coordinates": [
          40.0,
          244.0
        ]
      },
      "properties": {
        "id": "SITE-\u0387",
        "suitability": 77.26730911011218,
        "mean_slope": 5.1614203453063965,
        "max_slope": 5.228862762451172,
        "mean_hazard": 0.1022283136844635,
        "shadow_percent": 0.0,
        "decision": "SAFE"
      }
    },
    {
      "type": "Feature",
      "geometry": {
        "type": "Point",
        "coordinates": [
          192.0,
          456.0
        ]
      },
      "properties": {
        "id": "SITE-\u0388",
        "suitability": 77.25600296052784,
        "mean_slope": 5.2737812995910645,
        "max_slope": 7.185035705566406,
        "mean_hazard": 0.10034771263599396,
        "shadow_percent": 0.0,
        "decision": "SAFE"
      }
    },
    {
      "type": "Feature",
      "geometry": {
        "type": "Point",
        "coordinates": [
          464.0,
          180.0
        ]
      },
      "properties": {
        "id": "SITE-\u0389",
        "suitability": 77.18869983975478,
        "mean_slope": 5.3748273849487305,
        "max_slope": 5.572488307952881,
        "mean_hazard": 0.0990210697054863,
        "shadow_percent": 0.0,
        "decision": "SAFE"
      }
    },
    {
      "type": "Feature",
      "geometry": {
        "type": "Point",
        "coordinates": [
          4.0,
          256.0
        ]
      },
      "properties": {
        "id": "SITE-\u038a",
        "suitability": 77.188193647226,
        "mean_slope": 5.367337703704834,
        "max_slope": 5.603677749633789,
        "mean_hazard": 0.09918452054262161,
        "shadow_percent": 0.0,
        "decision": "SAFE"
      }
    },
    {
      "type": "Feature",
      "geometry": {
        "type": "Point",
        "coordinates": [
          312.0,
          464.0
        ]
      },
      "properties": {
        "id": "SITE-\u038b",
        "suitability": 77.18229024457615,
        "mean_slope": 5.252359390258789,
        "max_slope": 5.546785831451416,
        "mean_hazard": 0.10123655945062637,
        "shadow_percent": 0.0,
        "decision": "SAFE"
      }
    },
    {
      "type": "Feature",
      "geometry": {
        "type": "Point",
        "coordinates": [
          416.0,
          356.0
        ]
      },
      "properties": {
        "id": "SITE-\u038c",
        "suitability": 77.12311208144058,
        "mean_slope": 5.194719314575195,
        "max_slope": 5.462599277496338,
        "mean_hazard": 0.10261871665716171,
        "shadow_percent": 0.0,
        "decision": "SAFE"
      }
    },
    {
      "type": "Feature",
      "geometry": {
        "type": "Point",
        "coordinates": [
          24.0,
          256.0
        ]
      },
      "properties": {
        "id": "SITE-\u038d",
        "suitability": 77.12056142324715,
        "mean_slope": 5.204363822937012,
        "max_slope": 5.342152118682861,
        "mean_hazard": 0.10291814804077148,
        "shadow_percent": 0.0,
        "decision": "SAFE"
      }
    },
    {
      "type": "Feature",
      "geometry": {
        "type": "Point",
        "coordinates": [
          96.0,
          372.0
        ]
      },
      "properties": {
        "id": "SITE-\u038e",
        "suitability": 77.11796577781658,
        "mean_slope": 5.325541973114014,
        "max_slope": 5.427791595458984,
        "mean_hazard": 0.10057283192873001,
        "shadow_percent": 0.0,
        "decision": "SAFE"
      }
    },
    {
      "type": "Feature",
      "geometry": {
        "type": "Point",
        "coordinates": [
          20.0,
          316.0
        ]
      },
      "properties": {
        "id": "SITE-\u038f",
        "suitability": 77.10453719417268,
        "mean_slope": 5.241419792175293,
        "max_slope": 5.404910087585449,
        "mean_hazard": 0.10255108028650284,
        "shadow_percent": 0.0,
        "decision": "SAFE"
      }
    },
    {
      "type": "Feature",
      "geometry": {
        "type": "Point",
        "coordinates": [
          400.0,
          372.0
        ]
      },
      "properties": {
        "id": "SITE-\u0390",
        "suitability": 77.1009930964983,
        "mean_slope": 5.252116680145264,
        "max_slope": 5.493338108062744,
        "mean_hazard": 0.10244841873645782,
        "shadow_percent": 0.0,
        "decision": "SAFE"
      }
    },
    {
      "type": "Feature",
      "geometry": {
        "type": "Point",
        "coordinates": [
          84.0,
          380.0
        ]
      },
      "properties": {
        "id": "SITE-\u0391",
        "suitability": 77.07328466389504,
        "mean_slope": 5.325546741485596,
        "max_slope": 5.406543254852295,
        "mean_hazard": 0.10110191255807877,
        "shadow_percent": 0.0,
        "decision": "SAFE"
      }
    },
    {
      "type": "Feature",
      "geometry": {
        "type": "Point",
        "coordinates": [
          244.0,
          220.0
        ]
      },
      "properties": {
        "id": "SITE-\u0392",
        "suitability": 77.0431297657291,
        "mean_slope": 5.398090362548828,
        "max_slope": 5.603163719177246,
        "mean_hazard": 0.09966232627630234,
        "shadow_percent": 0.0,
        "decision": "SAFE"
      }
    },
    {
      "type": "Feature",
      "geometry": {
        "type": "Point",
        "coordinates": [
          208.0,
          80.0
        ]
      },
      "properties": {
        "id": "SITE-\u0393",
        "suitability": 77.04209751237858,
        "mean_slope": 5.260476112365723,
        "max_slope": 5.342031478881836,
        "mean_hazard": 0.10289043188095093,
        "shadow_percent": 0.0,
        "decision": "SAFE"
      }
    },
    {
      "type": "Feature",
      "geometry": {
        "type": "Point",
        "coordinates": [
          16.0,
          484.0
        ]
      },
      "properties": {
        "id": "SITE-\u0394",
        "suitability": 77.04071855572707,
        "mean_slope": 5.325006008148193,
        "max_slope": 5.672251224517822,
        "mean_hazard": 0.1015913262963295,
        "shadow_percent": 0.0,
        "decision": "SAFE"
      }
    },
    {
      "type": "Feature",
      "geometry": {
        "type": "Point",
        "coordinates": [
          280.0,
          432.0
        ]
      },
      "properties": {
        "id": "SITE-\u0395",
        "suitability": 77.003556915684,
        "mean_slope": 5.303150653839111,
        "max_slope": 5.522700786590576,
        "mean_hazard": 0.10211827605962753,
        "shadow_percent": 0.0,
        "decision": "SAFE"
      }
    },
    {
      "type": "Feature",
      "geometry": {
        "type": "Point",
        "coordinates": [
          376.0,
          376.0
        ]
      },
      "properties": {
        "id": "SITE-\u0396",
        "suitability": 76.9778237174864,
        "mean_slope": 5.469643592834473,
        "max_slope": 5.518191814422607,
        "mean_hazard": 0.09920716285705566,
        "shadow_percent": 0.0,
        "decision": "SAFE"
      }
    },
    {
      "type": "Feature",
      "geometry": {
        "type": "Point",
        "coordinates": [
          416.0,
          52.0
        ]
      },
      "properties": {
        "id": "SITE-\u0397",
        "suitability": 76.97259463855214,
        "mean_slope": 5.2995686531066895,
        "max_slope": 5.4305338859558105,
        "mean_hazard": 0.1017538532614708,
        "shadow_percent": 0.0,
        "decision": "SAFE"
      }
    },
    {
      "type": "Feature",
      "geometry": {
        "type": "Point",
        "coordinates": [
          444.0,
          312.0
        ]
      },
      "properties": {
        "id": "SITE-\u0398",
        "suitability": 76.96582663048936,
        "mean_slope": 5.308630466461182,
        "max_slope": 5.427622318267822,
        "mean_hazard": 0.10138203948736191,
        "shadow_percent": 0.0,
        "decision": "SAFE"
      }
    },
    {
      "type": "Feature",
      "geometry": {
        "type": "Point",
        "coordinates": [
          216.0,
          248.0
        ]
      },
      "properties": {
        "id": "SITE-\u0399",
        "suitability": 76.95494176818812,
        "mean_slope": 5.43508768081665,
        "max_slope": 5.621860504150391,
        "mean_hazard": 0.09975586831569672,
        "shadow_percent": 0.0,
        "decision": "SAFE"
      }
    },
    {
      "type": "Feature",
      "geometry": {
        "type": "Point",
        "coordinates": [
          480.0,
          252.0
        ]
      },
      "properties": {
        "id": "SITE-\u039a",
        "suitability": 76.84835950690136,
        "mean_slope": 5.290237903594971,
        "max_slope": 5.451243877410889,
        "mean_hazard": 0.10424891114234924,
        "shadow_percent": 0.0,
        "decision": "SAFE"
      }
    },
    {
      "type": "Feature",
      "geometry": {
        "type": "Point",
        "coordinates": [
          192.0,
          100.0
        ]
      },
      "properties": {
        "id": "SITE-\u039b",
        "suitability": 76.84450804551115,
        "mean_slope": 5.3516459465026855,
        "max_slope": 5.449213981628418,
        "mean_hazard": 0.10288432240486145,
        "shadow_percent": 0.0,
        "decision": "SAFE"
      }
    },
    {
      "type": "Feature",
      "geometry": {
        "type": "Point",
        "coordinates": [
          400.0,
          84.0
        ]
      },
      "properties": {
        "id": "SITE-\u039c",
        "suitability": 76.84063032541466,
        "mean_slope": 5.3213653564453125,
        "max_slope": 5.501859664916992,
        "mean_hazard": 0.1035851538181305,
        "shadow_percent": 0.0,
        "decision": "SAFE"
      }
    },
    {
      "type": "Feature",
      "geometry": {
        "type": "Point",
        "coordinates": [
          476.0,
          4.0
        ]
      },
      "properties": {
        "id": "SITE-\u039d",
        "suitability": 76.82637406211828,
        "mean_slope": 5.235693454742432,
        "max_slope": 5.380476474761963,
        "mean_hazard": 0.10483833402395248,
        "shadow_percent": 0.0,
        "decision": "SAFE"
      }
    },
    {
      "type": "Feature",
      "geometry": {
        "type": "Point",
        "coordinates": [
          184.0,
          312.0
        ]
      },
      "properties": {
        "id": "SITE-\u039e",
        "suitability": 76.82071162240484,
        "mean_slope": 5.245187282562256,
        "max_slope": 5.5907206535339355,
        "mean_hazard": 0.1049073338508606,
        "shadow_percent": 0.0,
        "decision": "SAFE"
      }
    },
    {
      "type": "Feature",
      "geometry": {
        "type": "Point",
        "coordinates": [
          448.0,
          4.0
        ]
      },
      "properties": {
        "id": "SITE-\u039f",
        "suitability": 76.81320507951355,
        "mean_slope": 5.247622489929199,
        "max_slope": 5.405858993530273,
        "mean_hazard": 0.10511872917413712,
        "shadow_percent": 0.0,
        "decision": "SAFE"
      }
    },
    {
      "type": "Feature",
      "geometry": {
        "type": "Point",
        "coordinates": [
          28.0,
          280.0
        ]
      },
      "properties": {
        "id": "SITE-\u03a0",
        "suitability": 76.80641721891179,
        "mean_slope": 5.446378707885742,
        "max_slope": 5.692164897918701,
        "mean_hazard": 0.10115524381399155,
        "shadow_percent": 0.0,
        "decision": "SAFE"
      }
    },
    {
      "type": "Feature",
      "geometry": {
        "type": "Point",
        "coordinates": [
          388.0,
          376.0
        ]
      },
      "properties": {
        "id": "SITE-\u03a1",
        "suitability": 76.79972308989346,
        "mean_slope": 5.443211078643799,
        "max_slope": 5.5955047607421875,
        "mean_hazard": 0.10148076713085175,
        "shadow_percent": 0.0,
        "decision": "SAFE"
      }
    },
    {
      "type": "Feature",
      "geometry": {
        "type": "Point",
        "coordinates": [
          372.0,
          388.0
        ]
      },
      "properties": {
        "id": "SITE-\u03a2",
        "suitability": 76.79098682376649,
        "mean_slope": 5.5029425621032715,
        "max_slope": 5.6115827560424805,
        "mean_hazard": 0.10028490424156189,
        "shadow_percent": 0.0,
        "decision": "SAFE"
      }
    },
    {
      "type": "Feature",
      "geometry": {
        "type": "Point",
        "coordinates": [
          52.0,
          228.0
        ]
      },
      "properties": {
        "id": "SITE-\u03a3",
        "suitability": 76.76271001857165,
        "mean_slope": 5.3304643630981445,
        "max_slope": 5.366237163543701,
        "mean_hazard": 0.10392758250236511,
        "shadow_percent": 0.0,
        "decision": "SAFE"
      }
    },
    {
      "type": "Feature",
      "geometry": {
        "type": "Point",
        "coordinates": [
          492.0,
          388.0
        ]
      },
      "properties": {
        "id": "SITE-\u03a4",
        "suitability": 76.7352263704276,
        "mean_slope": 5.401623725891113,
        "max_slope": 6.071110248565674,
        "mean_hazard": 0.10247185826301575,
        "shadow_percent": 0.0,
        "decision": "SAFE"
      }
    },
    {
      "type": "Feature",
      "geometry": {
        "type": "Point",
        "coordinates": [
          260.0,
          456.0
        ]
      },
      "properties": {
        "id": "SITE-\u03a5",
        "suitability": 76.68588463619886,
        "mean_slope": 5.452035903930664,
        "max_slope": 5.655348300933838,
        "mean_hazard": 0.10235748440027237,
        "shadow_percent": 0.0,
        "decision": "SAFE"
      }
    },
    {
      "type": "Feature",
      "geometry": {
        "type": "Point",
        "coordinates": [
          88.0,
          364.0
        ]
      },
      "properties": {
        "id": "SITE-\u03a6",
        "suitability": 76.68327016501901,
        "mean_slope": 5.446028232574463,
        "max_slope": 5.542383193969727,
        "mean_hazard": 0.10265844315290451,
        "shadow_percent": 0.0,
        "decision": "SAFE"
      }
    },
    {
      "type": "Feature",
      "geometry": {
        "type": "Point",
        "coordinates": [
          192.0,
          304.0
        ]
      },
      "properties": {
        "id": "SITE-\u03a7",
        "suitability": 76.66161981276638,
        "mean_slope": 5.28360652923584,
        "max_slope": 5.627710342407227,
        "mean_hazard": 0.10583420842885971,
        "shadow_percent": 0.0,
        "decision": "SAFE"
      }
    },
    {
      "type": "Feature",
      "geometry": {
        "type": "Point",
        "coordinates": [
          440.0,
          28.0
        ]
      },
      "properties": {
        "id": "SITE-\u03a8",
        "suitability": 76.64343688091893,
        "mean_slope": 5.383887767791748,
        "max_slope": 5.474615097045898,
        "mean_hazard": 0.10421895235776901,
        "shadow_percent": 0.0,
        "decision": "SAFE"
      }
    },
    {
      "type": "Feature",
      "geometry": {
        "type": "Point",
        "coordinates": [
          28.0,
          28.0
        ]
      },
      "properties": {
        "id": "SITE-\u03a9",
        "suitability": 76.58842108011966,
        "mean_slope": 5.3203043937683105,
        "max_slope": 5.437869548797607,
        "mean_hazard": 0.10539887100458145,
        "shadow_percent": 0.0,
        "decision": "SAFE"
      }
    },
    {
      "type": "Feature",
      "geometry": {
        "type": "Point",
        "coordinates": [
          304.0,
          20.0
        ]
      },
      "properties": {
        "id": "SITE-\u03aa",
        "suitability": 76.56651918107303,
        "mean_slope": 5.3733930587768555,
        "max_slope": 5.570006847381592,
        "mean_hazard": 0.10434334725141525,
        "shadow_percent": 0.0,
        "decision": "SAFE"
      }
    },
    {
      "type": "Feature",
      "geometry": {
        "type": "Point",
        "coordinates": [
          192.0,
          80.0
        ]
      },
      "properties": {
        "id": "SITE-\u03ab",
        "suitability": 76.56298330320782,
        "mean_slope": 5.425020694732666,
        "max_slope": 5.530452728271484,
        "mean_hazard": 0.10438714921474457,
        "shadow_percent": 0.0,
        "decision": "SAFE"
      }
    },
    {
      "type": "Feature",
      "geometry": {
        "type": "Point",
        "coordinates": [
          440.0,
          12.0
        ]
      },
      "properties": {
        "id": "SITE-\u03ac",
        "suitability": 76.5598016509285,
        "mean_slope": 5.333486557006836,
        "max_slope": 5.473594665527344,
        "mean_hazard": 0.10585544258356094,
        "shadow_percent": 0.0,
        "decision": "SAFE"
      }
    },
    {
      "type": "Feature",
      "geometry": {
        "type": "Point",
        "coordinates": [
          28.0,
          296.0
        ]
      },
      "properties": {
        "id": "SITE-\u03ad",
        "suitability": 76.54601353010776,
        "mean_slope": 5.462023735046387,
        "max_slope": 5.677022457122803,
        "mean_hazard": 0.10348287224769592,
        "shadow_percent": 0.0,
        "decision": "SAFE"
      }
    },
    {
      "type": "Feature",
      "geometry": {
        "type": "Point",
        "coordinates": [
          256.0,
          28.0
        ]
      },
      "properties": {
        "id": "SITE-\u03ae",
        "suitability": 76.54315835045378,
        "mean_slope": 5.3787431716918945,
        "max_slope": 5.5100250244140625,
        "mean_hazard": 0.10562800616025925,
        "shadow_percent": 0.0,
        "decision": "SAFE"
      }
    },
    {
      "type": "Feature",
      "geometry": {
        "type": "Point",
        "coordinates": [
          464.0,
          20.0
        ]
      },
      "properties": {
        "id": "SITE-\u03af",
        "suitability": 76.53428950393109,
        "mean_slope": 5.328751087188721,
        "max_slope": 5.527673721313477,
        "mean_hazard": 0.10670112818479538,
        "shadow_percent": 0.0,
        "decision": "SAFE"
      }
    },
    {
      "type": "Feature",
      "geometry": {
        "type": "Point",
        "coordinates": [
          264.0,
          176.0
        ]
      },
      "properties": {
        "id": "SITE-\u03b0",
        "suitability": 76.50884880734961,
        "mean_slope": 5.410144805908203,
        "max_slope": 5.615118503570557,
        "mean_hazard": 0.10440200567245483,
        "shadow_percent": 0.0,
        "decision": "SAFE"
      }
    },
    {
      "type": "Feature",
      "geometry": {
        "type": "Point",
        "coordinates": [
          144.0,
          492.0
        ]
      },
      "properties": {
        "id": "SITE-\u03b1",
        "suitability": 76.49627578860719,
        "mean_slope": 5.331818103790283,
        "max_slope": 5.630548477172852,
        "mean_hazard": 0.10666833072900772,
        "shadow_percent": 0.0,
        "decision": "SAFE"
      }
    },
    {
      "type": "Feature",
      "geometry": {
        "type": "Point",
        "coordinates": [
          184.0,
          92.0
        ]
      },
      "properties": {
        "id": "SITE-\u03b2",
        "suitability": 76.4827746645349,
        "mean_slope": 5.440540313720703,
        "max_slope": 5.507249355316162,
        "mean_hazard": 0.10488837212324142,
        "shadow_percent": 0.0,
        "decision": "SAFE"
      }
    },
    {
      "type": "Feature",
      "geometry": {
        "type": "Point",
        "coordinates": [
          368.0,
          408.0
        ]
      },
      "properties": {
        "id": "SITE-\u03b3",
        "suitability": 76.46910081147148,
        "mean_slope": 5.412724494934082,
        "max_slope": 5.685543060302734,
        "mean_hazard": 0.10472746938467026,
        "shadow_percent": 0.0,
        "decision": "SAFE"
      }
    },
    {
      "type": "Feature",
      "geometry": {
        "type": "Point",
        "coordinates": [
          92.0,
          388.0
        ]
      },
      "properties": {
        "id": "SITE-\u03b4",
        "suitability": 76.44726014105547,
        "mean_slope": 5.520727157592773,
        "max_slope": 5.637056350708008,
        "mean_hazard": 0.10334351658821106,
        "shadow_percent": 0.0,
        "decision": "SAFE"
      }
    },
    {
      "type": "Feature",
      "geometry": {
        "type": "Point",
        "coordinates": [
          364.0,
          372.0
        ]
      },
      "properties": {
        "id": "SITE-\u03b5",
        "suitability": 76.42000355641828,
        "mean_slope": 5.61014461517334,
        "max_slope": 5.718378067016602,
        "mean_hazard": 0.1018778383731842,
        "shadow_percent": 0.0,
        "decision": "SAFE"
      }
    },
    {
      "type": "Feature",
      "geometry": {
        "type": "Point",
        "coordinates": [
          176.0,
          320.0
        ]
      },
      "properties": {
        "id": "SITE-\u03b6",
        "suitability": 76.41040878455999,
        "mean_slope": 5.391209602355957,
        "max_slope": 5.731204509735107,
        "mean_hazard": 0.1063942015171051,
        "shadow_percent": 0.0,
        "decision": "SAFE"
      }
    },
    {
      "type": "Feature",
      "geometry": {
        "type": "Point",
        "coordinates": [
          336.0,
          156.0
        ]
      },
      "properties": {
        "id": "SITE-\u03b7",
        "suitability": 76.38212804053234,
        "mean_slope": 5.141562461853027,
        "max_slope": 5.452213764190674,
        "mean_hazard": 0.108795665204525,
        "shadow_percent": 0.0,
        "decision": "SAFE"
      }
    },
    {
      "type": "Feature",
      "geometry": {
        "type": "Point",
        "coordinates": [
          76.0,
          372.0
        ]
      },
      "properties": {
        "id": "SITE-\u03b8",
        "suitability": 76.36741878457197,
        "mean_slope": 5.5290727615356445,
        "max_slope": 5.633139610290527,
        "mean_hazard": 0.104263074696064,
        "shadow_percent": 0.0,
        "decision": "SAFE"
      }
    },
    {
      "type": "Feature",
      "geometry": {
        "type": "Point",
        "coordinates": [
          200.0,
          296.0
        ]
      },
      "properties": {
        "id": "SITE-\u03b9",
        "suitability": 76.35142814685103,
        "mean_slope": 5.353722095489502,
        "max_slope": 5.702834129333496,
        "mean_hazard": 0.10716071724891663,
        "shadow_percent": 0.0,
        "decision": "SAFE"
      }
    },
    {
      "type": "Feature",
      "geometry": {
        "type": "Point",
        "coordinates": [
          288.0,
          200.0
        ]
      },
      "properties": {
        "id": "SITE-\u03ba",
        "suitability": 76.34599848816266,
        "mean_slope": 5.468595027923584,
        "max_slope": 5.711084365844727,
        "mean_hazard": 0.1055973619222641,
        "shadow_percent": 0.0,
        "decision": "SAFE"
      }
    },
    {
      "type": "Feature",
      "geometry": {
        "type": "Point",
        "coordinates": [
          340.0,
          444.0
        ]
      },
      "properties": {
        "id": "SITE-\u03bb",
        "suitability": 76.25424805508277,
        "mean_slope": 5.397984027862549,
        "max_slope": 5.768464088439941,
        "mean_hazard": 0.10795886069536209,
        "shadow_percent": 0.0,
        "decision": "SAFE"
      }
    },
    {
      "type": "Feature",
      "geometry": {
        "type": "Point",
        "coordinates": [
          208.0,
          288.0
        ]
      },
      "properties": {
        "id": "SITE-\u03bc",
        "suitability": 76.24884208068747,
        "mean_slope": 5.384115695953369,
        "max_slope": 5.730268955230713,
        "mean_hazard": 0.1078934371471405,
        "shadow_percent": 0.0,
        "decision": "SAFE"
      }
    },
    {
      "type": "Feature",
      "geometry": {
        "type": "Point",
        "coordinates": [
          276.0,
          164.0
        ]
      },
      "properties": {
        "id": "SITE-\u03bd",
        "suitability": 76.22489750088658,
        "mean_slope": 5.498917102813721,
        "max_slope": 5.699089527130127,
        "mean_hazard": 0.10561751574277878,
        "shadow_percent": 0.0,
        "decision": "SAFE"
      }
    },
    {
      "type": "Feature",
      "geometry": {
        "type": "Point",
        "coordinates": [
          408.0,
          44.0
        ]
      },
      "properties": {
        "id": "SITE-\u03be",
        "suitability": 76.17866892406145,
        "mean_slope": 5.498631000518799,
        "max_slope": 5.628642559051514,
        "mean_hazard": 0.1061786487698555,
        "shadow_percent": 0.0,
        "decision": "SAFE"
      }
    },
    {
      "type": "Feature",
      "geometry": {
        "type": "Point",
        "coordinates": [
          200.0,
          88.0
        ]
      },
      "properties": {
        "id": "SITE-\u03bf",
        "suitability": 76.17465629285402,
        "mean_slope": 5.507402420043945,
        "max_slope": 5.564605236053467,
        "mean_hazard": 0.10597886145114899,
        "shadow_percent": 0.0,
        "decision": "SAFE"
      }
    },
    {
      "type": "Feature",
      "geometry": {
        "type": "Point",
        "coordinates": [
          272.0,
          444.0
        ]
      },
      "properties": {
        "id": "SITE-\u03c0",
        "suitability": 76.1577024600081,
        "mean_slope": 5.602731704711914,
        "max_slope": 5.793003082275391,
        "mean_hazard": 0.10446354001760483,
        "shadow_percent": 0.0,
        "decision": "SAFE"
      }
    },
    {
      "type": "Feature",
      "geometry": {
        "type": "Point",
        "coordinates": [
          104.0,
          380.0
        ]
      },
      "properties": {
        "id": "SITE-\u03c1",
        "suitability": 76.11760760021032,
        "mean_slope": 5.637603282928467,
        "max_slope": 5.798731803894043,
        "mean_hazard": 0.10431581735610962,
        "shadow_percent": 0.0,
        "decision": "SAFE"
      }
    },
    {
      "type": "Feature",
      "geometry": {
        "type": "Point",
        "coordinates": [
          28.0,
          16.0
        ]
      },
      "properties": {
        "id": "SITE-\u03c2",
        "suitability": 76.11665234143715,
        "mean_slope": 5.529778003692627,
        "max_slope": 5.731341361999512,
        "mean_hazard": 0.10669942945241928,
        "shadow_percent": 0.0,
        "decision": "SAFE"
      }
    },
    {
      "type": "Feature",
      "geometry": {
        "type": "Point",
        "coordinates": [
          172.0,
          476.0
        ]
      },
      "properties": {
        "id": "SITE-\u03c3",
        "suitability": 76.10086980188225,
        "mean_slope": 5.629229545593262,
        "max_slope": 7.437953472137451,
        "mean_hazard": 0.10554222017526627,
        "shadow_percent": 0.0,
        "decision": "SAFE"
      }
    },
    {
      "type": "Feature",
      "geometry": {
        "type": "Point",
        "coordinates": [
          92.0,
          404.0
        ]
      },
      "properties": {
        "id": "SITE-\u03c4",
        "suitability": 76.06631038280285,
        "mean_slope": 5.65329122543335,
        "max_slope": 5.93523645401001,
        "mean_hazard": 0.10477028787136078,
        "shadow_percent": 0.0,
        "decision": "SAFE"
      }
    },
    {
      "type": "Feature",
      "geometry": {
        "type": "Point",
        "coordinates": [
          228.0,
          476.0
        ]
      },
      "properties": {
        "id": "SITE-\u03c5",
        "suitability": 76.06163683995001,
        "mean_slope": 5.475820541381836,
        "max_slope": 5.716339588165283,
        "mean_hazard": 0.10767242312431335,
        "shadow_percent": 0.0,
        "decision": "SAFE"
      }
    },
    {
      "type": "Feature",
      "geometry": {
        "type": "Point",
        "coordinates": [
          456.0,
          28.0
        ]
      },
      "properties": {
        "id": "SITE-\u03c6",
        "suitability": 76.04750748636758,
        "mean_slope": 5.449280261993408,
        "max_slope": 5.6381144523620605,
        "mean_hazard": 0.10803931951522827,
        "shadow_percent": 0.0,
        "decision": "SAFE"
      }
    },
    {
      "type": "Feature",
      "geometry": {
        "type": "Point",
        "coordinates": [
          208.0,
          240.0
        ]
      },
      "properties": {
        "id": "SITE-\u03c7",
        "suitability": 76.04735935440182,
        "mean_slope": 5.650401592254639,
        "max_slope": 5.841998100280762,
        "mean_hazard": 0.10470510274171829,
        "shadow_percent": 0.0,
        "decision": "SAFE"
      }
    },
    {
      "type": "Feature",
      "geometry": {
        "type": "Point",
        "coordinates": [
          236.0,
          212.0
        ]
      },
      "properties": {
        "id": "SITE-\u03c8",
        "suitability": 76.0396723016742,
        "mean_slope": 5.643415451049805,
        "max_slope": 5.842728614807129,
        "mean_hazard": 0.1050795465707779,
        "shadow_percent": 0.0,
        "decision": "SAFE"
      }
    },
    {
      "type": "Feature",
      "geometry": {
        "type": "Point",
        "coordinates": [
          320.0,
          176.0
        ]
      },
      "properties": {
        "id": "SITE-\u03c9",
        "suitability": 76.02353067515273,
        "mean_slope": 5.459571361541748,
        "max_slope": 5.778496265411377,
        "mean_hazard": 0.1088414266705513,
        "shadow_percent": 0.0,
        "decision": "SAFE"
      }
    },
    {
      "type": "Feature",
      "geometry": {
        "type": "Point",
        "coordinates": [
          384.0,
          492.0
        ]
      },
      "properties": {
        "id": "SITE-\u03ca",
        "suitability": 75.99346134652349,
        "mean_slope": 5.3243279457092285,
        "max_slope": 9.18717098236084,
        "mean_hazard": 0.11047118157148361,
        "shadow_percent": 0.0,
        "decision": "CONDITIONAL"
      }
    },
    {
      "type": "Feature",
      "geometry": {
        "type": "Point",
        "coordinates": [
          384.0,
          84.0
        ]
      },
      "properties": {
        "id": "SITE-\u03cb",
        "suitability": 75.98762142662031,
        "mean_slope": 5.658463954925537,
        "max_slope": 5.809569835662842,
        "mean_hazard": 0.10482117533683777,
        "shadow_percent": 0.0,
        "decision": "SAFE"
      }
    },
    {
      "type": "Feature",
      "geometry": {
        "type": "Point",
        "coordinates": [
          492.0,
          248.0
        ]
      },
      "properties": {
        "id": "SITE-\u03cc",
        "suitability": 75.97669872261928,
        "mean_slope": 5.591354846954346,
        "max_slope": 5.735419750213623,
        "mean_hazard": 0.10678856819868088,
        "shadow_percent": 0.0,
        "decision": "SAFE"
      }
    },
    {
      "type": "Feature",
      "geometry": {
        "type": "Point",
        "coordinates": [
          16.0,
          28.0
        ]
      },
      "properties": {
        "id": "SITE-\u03cd",
        "suitability": 75.91247903085379,
        "mean_slope": 5.578126907348633,
        "max_slope": 5.783689498901367,
        "mean_hazard": 0.10760613530874252,
        "shadow_percent": 0.0,
        "decision": "SAFE"
      }
    },
    {
      "type": "Feature",
      "geometry": {
        "type": "Point",
        "coordinates": [
          276.0,
          220.0
        ]
      },
      "properties": {
        "id": "SITE-\u03ce",
        "suitability": 75.90484939501286,
        "mean_slope": 5.480493545532227,
        "max_slope": 5.800490379333496,
        "mean_hazard": 0.10980543494224548,
        "shadow_percent": 0.0,
        "decision": "SAFE"
      }
    },
    {
      "type": "Feature",
      "geometry": {
        "type": "Point",
        "coordinates": [
          244.0,
          460.0
        ]
      },
      "properties": {
        "id": "SITE-\u03cf",
        "suitability": 75.90352199960277,
        "mean_slope": 5.4607744216918945,
        "max_slope": 5.699814319610596,
        "mean_hazard": 0.1074824333190918,
        "shadow_percent": 0.0,
        "decision": "SAFE"
      }
    },
    {
      "type": "Feature",
      "geometry": {
        "type": "Point",
        "coordinates": [
          252.0,
          228.0
        ]
      },
      "properties": {
        "id": "SITE-\u03d0",
        "suitability": 75.88117381160895,
        "mean_slope": 5.678649425506592,
        "max_slope": 5.876731872558594,
        "mean_hazard": 0.10584136843681335,
        "shadow_percent": 0.0,
        "decision": "SAFE"
      }
    },
    {
      "type": "Feature",
      "geometry": {
        "type": "Point",
        "coordinates": [
          400.0,
          224.0
        ]
      },
      "properties": {
        "id": "SITE-\u03d1",
        "suitability": 75.84832430462096,
        "mean_slope": 5.487307071685791,
        "max_slope": 5.904786586761475,
        "mean_hazard": 0.10978201776742935,
        "shadow_percent": 0.0,
        "decision": "SAFE"
      }
    },
    {
      "type": "Feature",
      "geometry": {
        "type": "Point",
        "coordinates": [
          336.0,
          376.0
        ]
      },
      "properties": {
        "id": "SITE-\u03d2",
        "suitability": 75.80234131581749,
        "mean_slope": 5.612054824829102,
        "max_slope": 5.834596633911133,
        "mean_hazard": 0.10796499997377396,
        "shadow_percent": 0.0,
        "decision": "SAFE"
      }
    },
    {
      "type": "Feature",
      "geometry": {
        "type": "Point",
        "coordinates": [
          292.0,
          24.0
        ]
      },
      "properties": {
        "id": "SITE-\u03d3",
        "suitability": 75.77654393498304,
        "mean_slope": 5.669804573059082,
        "max_slope": 5.889631271362305,
        "mean_hazard": 0.10740046203136444,
        "shadow_percent": 0.0,
        "decision": "SAFE"
      }
    },
    {
      "type": "Feature",
      "geometry": {
        "type": "Point",
        "coordinates": [
          464.0,
          168.0
        ]
      },
      "properties": {
        "id": "SITE-\u03d4",
        "suitability": 75.73739379389116,
        "mean_slope": 5.7312541007995605,
        "max_slope": 6.0467305183410645,
        "mean_hazard": 0.10640783607959747,
        "shadow_percent": 0.0,
        "decision": "SAFE"
      }
    },
    {
      "type": "Feature",
      "geometry": {
        "type": "Point",
        "coordinates": [
          24.0,
          268.0
        ]
      },
      "properties": {
        "id": "SITE-\u03d5",
        "suitability": 75.7234760612161,
        "mean_slope": 5.635973930358887,
        "max_slope": 5.844095706939697,
        "mean_hazard": 0.10852894932031631,
        "shadow_percent": 0.0,
        "decision": "SAFE"
      }
    },
    {
      "type": "Feature",
      "geometry": {
        "type": "Point",
        "coordinates": [
          304.0,
          472.0
        ]
      },
      "properties": {
        "id": "SITE-\u03d6",
        "suitability": 75.72172791644975,
        "mean_slope": 5.695272922515869,
        "max_slope": 5.9687113761901855,
        "mean_hazard": 0.10716353356838226,
        "shadow_percent": 0.0,
        "decision": "SAFE"
      }
    },
    {
      "type": "Feature",
      "geometry": {
        "type": "Point",
        "coordinates": [
          216.0,
          280.0
        ]
      },
      "properties": {
        "id": "SITE-\u03d7",
        "suitability": 75.71708410140886,
        "mean_slope": 5.520191192626953,
        "max_slope": 5.864187717437744,
        "mean_hazard": 0.10998521000146866,
        "shadow_percent": 0.0,
        "decision": "SAFE"
      }
    },
    {
      "type": "Feature",
      "geometry": {
        "type": "Point",
        "coordinates": [
          444.0,
          188.0
        ]
      },
      "properties": {
        "id": "SITE-\u03d8",
        "suitability": 75.70755926363971,
        "mean_slope": 5.7160868644714355,
        "max_slope": 6.018265247344971,
        "mean_hazard": 0.10641536116600037,
        "shadow_percent": 0.0,
        "decision": "SAFE"
      }
    },
    {
      "type": "Feature",
      "geometry": {
        "type": "Point",
        "coordinates": [
          412.0,
          368.0
        ]
      },
      "properties": {
        "id": "SITE-\u03d9",
        "suitability": 75.69862510885926,
        "mean_slope": 5.517248153686523,
        "max_slope": 5.85178279876709,
        "mean_hazard": 0.11047236621379852,
        "shadow_percent": 0.0,
        "decision": "SAFE"
      }
    },
    {
      "type": "Feature",
      "geometry": {
        "type": "Point",
        "coordinates": [
          424.0,
          44.0
        ]
      },
      "properties": {
        "id": "SITE-\u03da",
        "suitability": 75.68411275078948,
        "mean_slope": 5.694015979766846,
        "max_slope": 5.734200477600098,
        "mean_hazard": 0.10752074420452118,
        "shadow_percent": 0.0,
        "decision": "SAFE"
      }
    },
    {
      "type": "Feature",
      "geometry": {
        "type": "Point",
        "coordinates": [
          224.0,
          256.0
        ]
      },
      "properties": {
        "id": "SITE-\u03db",
        "suitability": 75.67661786821549,
        "mean_slope": 5.7420196533203125,
        "max_slope": 5.923277854919434,
        "mean_hazard": 0.10641857981681824,
        "shadow_percent": 0.0,
        "decision": "SAFE"
      }
    },
    {
      "type": "Feature",
      "geometry": {
        "type": "Point",
        "coordinates": [
          432.0,
          20.0
        ]
      },
      "properties": {
        "id": "SITE-\u03dc",
        "suitability": 75.6254227586768,
        "mean_slope": 5.6123175621032715,
        "max_slope": 5.753182888031006,
        "mean_hazard": 0.10916116088628769,
        "shadow_percent": 0.0,
        "decision": "SAFE"
      }
    },
    {
      "type": "Feature",
      "geometry": {
        "type": "Point",
        "coordinates": [
          432.0,
          36.0
        ]
      },
      "properties": {
        "id": "SITE-\u03dd",
        "suitability": 75.60616863074262,
        "mean_slope": 5.690310478210449,
        "max_slope": 5.73123836517334,
        "mean_hazard": 0.1079322025179863,
        "shadow_percent": 0.0,
        "decision": "SAFE"
      }
    },
    {
      "type": "Feature",
      "geometry": {
        "type": "Point",
        "coordinates": [
          64.0,
          368.0
        ]
      },
      "properties": {
        "id": "SITE-\u03de",
        "suitability": 75.57724685760832,
        "mean_slope": 5.811254501342773,
        "max_slope": 5.994843482971191,
        "mean_hazard": 0.1063033789396286,
        "shadow_percent": 0.0,
        "decision": "SAFE"
      }
    },
    {
      "type": "Feature",
      "geometry": {
        "type": "Point",
        "coordinates": [
          384.0,
          52.0
        ]
      },
      "properties": {
        "id": "SITE-\u03df",
        "suitability": 75.53674078847177,
        "mean_slope": 5.577002048492432,
        "max_slope": 5.826253414154053,
        "mean_hazard": 0.11150661110877991,
        "shadow_percent": 0.0,
        "decision": "SAFE"
      }
    },
    {
      "type": "Feature",
      "geometry": {
        "type": "Point",
        "coordinates": [
          288.0,
          492.0
        ]
      },
      "properties": {
        "id": "SITE-\u03e0",
        "suitability": 75.48767325346915,
        "mean_slope": 5.693874359130859,
        "max_slope": 6.015568256378174,
        "mean_hazard": 0.1094355508685112,
        "shadow_percent": 0.0,
        "decision": "SAFE"
      }
    },
    {
      "type": "Feature",
      "geometry": {
        "type": "Point",
        "coordinates": [
          424.0,
          60.0
        ]
      },
      "properties": {
        "id": "SITE-\u03e1",
        "suitability": 75.41608193822913,
        "mean_slope": 5.6930389404296875,
        "max_slope": 5.882040500640869,
        "mean_hazard": 0.10980712622404099,
        "shadow_percent": 0.0,
        "decision": "SAFE"
      }
    },
    {
      "type": "Feature",
      "geometry": {
        "type": "Point",
        "coordinates": [
          388.0,
          236.0
        ]
      },
      "properties": {
        "id": "SITE-\u03e2",
        "suitability": 75.37139662936652,
        "mean_slope": 5.600085258483887,
        "max_slope": 6.016307830810547,
        "mean_hazard": 0.11191102862358093,
        "shadow_percent": 0.0,
        "decision": "SAFE"
      }
    },
    {
      "type": "Feature",
      "geometry": {
        "type": "Point",
        "coordinates": [
          184.0,
          464.0
        ]
      },
      "properties": {
        "id": "SITE-\u03e3",
        "suitability": 75.3688692903084,
        "mean_slope": 5.812621593475342,
        "max_slope": 7.5767316818237305,
        "mean_hazard": 0.10863557457923889,
        "shadow_percent": 0.0,
        "decision": "SAFE"
      }
    },
    {
      "type": "Feature",
      "geometry": {
        "type": "Point",
        "coordinates": [
          284.0,
          212.0
        ]
      },
      "properties": {
        "id": "SITE-\u03e4",
        "suitability": 75.30778898103519,
        "mean_slope": 5.648947238922119,
        "max_slope": 5.970144748687744,
        "mean_hazard": 0.11195555329322815,
        "shadow_percent": 0.0,
        "decision": "SAFE"
      }
    },
    {
      "type": "Feature",
      "geometry": {
        "type": "Point",
        "coordinates": [
          276.0,
          24.0
        ]
      },
      "properties": {
        "id": "SITE-\u03e5",
        "suitability": 75.20740757159263,
        "mean_slope": 5.895366191864014,
        "max_slope": 6.083596706390381,
        "mean_hazard": 0.10845798254013062,
        "shadow_percent": 0.0,
        "decision": "SAFE"
      }
    },
    {
      "type": "Feature",
      "geometry": {
        "type": "Point",
        "coordinates": [
          300.0,
          340.0
        ]
      },
      "properties": {
        "id": "SITE-\u03e6",
        "suitability": 75.16306957047402,
        "mean_slope": 5.7686357498168945,
        "max_slope": 6.042040824890137,
        "mean_hazard": 0.11033575981855392,
        "shadow_percent": 0.0,
        "decision": "SAFE"
      }
    },
    {
      "type": "Feature",
      "geometry": {
        "type": "Point",
        "coordinates": [
          376.0,
          76.0
        ]
      },
      "properties": {
        "id": "SITE-\u03e7",
        "suitability": 75.126752647246,
        "mean_slope": 5.882968902587891,
        "max_slope": 6.028408527374268,
        "mean_hazard": 0.10943488031625748,
        "shadow_percent": 0.0,
        "decision": "SAFE"
      }
    },
    {
      "type": "Feature",
      "geometry": {
        "type": "Point",
        "coordinates": [
          448.0,
          36.0
        ]
      },
      "properties": {
        "id": "SITE-\u03e8",
        "suitability": 75.07994462671799,
        "mean_slope": 5.760635852813721,
        "max_slope": 5.9341254234313965,
        "mean_hazard": 0.11188089102506638,
        "shadow_percent": 0.0,
        "decision": "SAFE"
      }
    },
    {
      "type": "Feature",
      "geometry": {
        "type": "Point",
        "coordinates": [
          232.0,
          464.0
        ]
      },
      "properties": {
        "id": "SITE-\u03e9",
        "suitability": 75.04961393404919,
        "mean_slope": 5.681141376495361,
        "max_slope": 5.898361682891846,
        "mean_hazard": 0.11378321796655655,
        "shadow_percent": 0.0,
        "decision": "SAFE"
      }
    },
    {
      "type": "Feature",
      "geometry": {
        "type": "Point",
        "coordinates": [
          312.0,
          184.0
        ]
      },
      "properties": {
        "id": "SITE-\u03ea",
        "suitability": 75.03505035758705,
        "mean_slope": 5.7518229484558105,
        "max_slope": 6.05552864074707,
        "mean_hazard": 0.11288462579250336,
        "shadow_percent": 0.0,
        "decision": "SAFE"
      }
    },
    {
      "type": "Feature",
      "geometry": {
        "type": "Point",
        "coordinates": [
          80.0,
          356.0
        ]
      },
      "properties": {
        "id": "SITE-\u03eb",
        "suitability": 75.03437537033433,
        "mean_slope": 5.923745632171631,
        "max_slope": 6.087080001831055,
        "mean_hazard": 0.10958947241306305,
        "shadow_percent": 0.0,
        "decision": "SAFE"
      }
    },
    {
      "type": "Feature",
      "geometry": {
        "type": "Point",
        "coordinates": [
          300.0,
          192.0
        ]
      },
      "properties": {
        "id": "SITE-\u03ec",
        "suitability": 74.9735523649996,
        "mean_slope": 5.818982124328613,
        "max_slope": 6.090965270996094,
        "mean_hazard": 0.11194318532943726,
        "shadow_percent": 0.0,
        "decision": "SAFE"
      }
    },
    {
      "type": "Feature",
      "geometry": {
        "type": "Point",
        "coordinates": [
          392.0,
          44.0
        ]
      },
      "properties": {
        "id": "SITE-\u03ed",
        "suitability": 74.94931710603126,
        "mean_slope": 5.728892803192139,
        "max_slope": 5.972867012023926,
        "mean_hazard": 0.1140768975019455,
        "shadow_percent": 0.0,
        "decision": "SAFE"
      }
    },
    {
      "type": "Feature",
      "geometry": {
        "type": "Point",
        "coordinates": [
          256.0,
          8.0
        ]
      },
      "properties": {
        "id": "SITE-\u03ee",
        "suitability": 74.94757828962534,
        "mean_slope": 5.903882026672363,
        "max_slope": 6.0993475914001465,
        "mean_hazard": 0.11012151837348938,
        "shadow_percent": 0.0,
        "decision": "SAFE"
      }
    },
    {
      "type": "Feature",
      "geometry": {
        "type": "Point",
        "coordinates": [
          416.0,
          36.0
        ]
      },
      "properties": {
        "id": "SITE-\u03ef",
        "suitability": 74.89956464087999,
        "mean_slope": 5.879449844360352,
        "max_slope": 6.005395889282227,
        "mean_hazard": 0.11180417239665985,
        "shadow_percent": 0.0,
        "decision": "SAFE"
      }
    },
    {
      "type": "Feature",
      "geometry": {
        "type": "Point",
        "coordinates": [
          288.0,
          408.0
        ]
      },
      "properties": {
        "id": "SITE-\u03f0",
        "suitability": 74.88525591731667,
        "mean_slope": 5.726958751678467,
        "max_slope": 5.95224666595459,
        "mean_hazard": 0.11468669027090073,
        "shadow_percent": 0.0,
        "decision": "SAFE"
      }
    },
    {
      "type": "Feature",
      "geometry": {
        "type": "Point",
        "coordinates": [
          444.0,
          272.0
        ]
      },
      "properties": {
        "id": "SITE-\u03f1",
        "suitability": 74.82146043898275,
        "mean_slope": 5.735929489135742,
        "max_slope": 5.990348815917969,
        "mean_hazard": 0.11496421694755554,
        "shadow_percent": 0.0,
        "decision": "SAFE"
      }
    },
    {
      "type": "Feature",
      "geometry": {
        "type": "Point",
        "coordinates": [
          296.0,
          400.0
        ]
      },
      "properties": {
        "id": "SITE-\u03f2",
        "suitability": 74.81649515402071,
        "mean_slope": 5.756207466125488,
        "max_slope": 5.984000205993652,
        "mean_hazard": 0.11524404585361481,
        "shadow_percent": 0.0,
        "decision": "SAFE"
      }
    },
    {
      "type": "Feature",
      "geometry": {
        "type": "Point",
        "coordinates": [
          480.0,
          140.0
        ]
      },
      "properties": {
        "id": "SITE-\u03f3",
        "suitability": 74.79997202111807,
        "mean_slope": 5.748340606689453,
        "max_slope": 6.17928409576416,
        "mean_hazard": 0.11485814303159714,
        "shadow_percent": 0.0,
        "decision": "SAFE"
      }
    },
    {
      "type": "Feature",
      "geometry": {
        "type": "Point",
        "coordinates": [
          424.0,
          28.0
        ]
      },
      "properties": {
        "id": "SITE-\u03f4",
        "suitability": 74.79375528309644,
        "mean_slope": 5.888238906860352,
        "max_slope": 6.027943134307861,
        "mean_hazard": 0.1124107614159584,
        "shadow_percent": 0.0,
        "decision": "SAFE"
      }
    },
    {
      "type": "Feature",
      "geometry": {
        "type": "Point",
        "coordinates": [
          20.0,
          304.0
        ]
      },
      "properties": {
        "id": "SITE-\u03f5",
        "suitability": 74.79200481705118,
        "mean_slope": 5.889755725860596,
        "max_slope": 6.083140850067139,
        "mean_hazard": 0.11247481405735016,
        "shadow_percent": 0.0,
        "decision": "SAFE"
      }
    },
    {
      "type": "Feature",
      "geometry": {
        "type": "Point",
        "coordinates": [
          424.0,
          348.0
        ]
      },
      "properties": {
        "id": "SITE-\u03f6",
        "suitability": 74.78689986866713,
        "mean_slope": 5.854032039642334,
        "max_slope": 6.107475280761719,
        "mean_hazard": 0.11219766736030579,
        "shadow_percent": 0.0,
        "decision": "SAFE"
      }
    },
    {
      "type": "Feature",
      "geometry": {
        "type": "Point",
        "coordinates": [
          268.0,
          228.0
        ]
      },
      "properties": {
        "id": "SITE-\u03f7",
        "suitability": 74.75086758511635,
        "mean_slope": 5.817676544189453,
        "max_slope": 6.124921798706055,
        "mean_hazard": 0.11442831158638,
        "shadow_percent": 0.0,
        "decision": "SAFE"
      }
    },
    {
      "type": "Feature",
      "geometry": {
        "type": "Point",
        "coordinates": [
          476.0,
          16.0
        ]
      },
      "properties": {
        "id": "SITE-\u03f8",
        "suitability": 74.71387172820238,
        "mean_slope": 5.7806220054626465,
        "max_slope": 6.040969371795654,
        "mean_hazard": 0.11583076417446136,
        "shadow_percent": 0.0,
        "decision": "SAFE"
      }
    },
    {
      "type": "Feature",
      "geometry": {
        "type": "Point",
        "coordinates": [
          284.0,
          348.0
        ]
      },
      "properties": {
        "id": "SITE-\u03f9",
        "suitability": 74.70924084839558,
        "mean_slope": 5.778113842010498,
        "max_slope": 6.127839088439941,
        "mean_hazard": 0.11520717293024063,
        "shadow_percent": 0.0,
        "decision": "SAFE"
      }
    },
    {
      "type": "Feature",
      "geometry": {
        "type": "Point",
        "coordinates": [
          304.0,
          392.0
        ]
      },
      "properties": {
        "id": "SITE-\u03fa",
        "suitability": 74.70207674258377,
        "mean_slope": 5.789121627807617,
        "max_slope": 6.014957904815674,
        "mean_hazard": 0.11587954312562943,
        "shadow_percent": 0.0,
        "decision": "SAFE"
      }
    },
    {
      "type": "Feature",
      "geometry": {
        "type": "Point",
        "coordinates": [
          120.0,
          380.0
        ]
      },
      "properties": {
        "id": "SITE-\u03fb",
        "suitability": 74.69754536887692,
        "mean_slope": 5.947476863861084,
        "max_slope": 6.26010274887085,
        "mean_hazard": 0.11248540133237839,
        "shadow_percent": 0.0,
        "decision": "SAFE"
      }
    },
    {
      "type": "Feature",
      "geometry": {
        "type": "Point",
        "coordinates": [
          392.0,
          92.0
        ]
      },
      "properties": {
        "id": "SITE-\u03fc",
        "suitability": 74.6966255982456,
        "mean_slope": 5.966236591339111,
        "max_slope": 6.136228084564209,
        "mean_hazard": 0.11188476532697678,
        "shadow_percent": 0.0,
        "decision": "SAFE"
      }
    },
    {
      "type": "Feature",
      "geometry": {
        "type": "Point",
        "coordinates": [
          452.0,
          264.0
        ]
      },
      "properties": {
        "id": "SITE-\u03fd",
        "suitability": 74.65839213447043,
        "mean_slope": 5.794987201690674,
        "max_slope": 6.061070442199707,
        "mean_hazard": 0.11606069654226303,
        "shadow_percent": 0.0,
        "decision": "SAFE"
      }
    },
    {
      "type": "Feature",
      "geometry": {
        "type": "Point",
        "coordinates": [
          492.0,
          132.0
        ]
      },
      "properties": {
        "id": "SITE-\u03fe",
        "suitability": 74.62441611917458,
        "mean_slope": 5.889218807220459,
        "max_slope": 6.277573108673096,
        "mean_hazard": 0.11392582952976227,
        "shadow_percent": 0.0,
        "decision": "SAFE"
      }
    },
    {
      "type": "Feature",
      "geometry": {
        "type": "Point",
        "coordinates": [
          376.0,
          400.0
        ]
      },
      "properties": {
        "id": "SITE-\u03ff",
        "suitability": 74.61591597077009,
        "mean_slope": 5.971533298492432,
        "max_slope": 6.223176002502441,
        "mean_hazard": 0.1126214787364006,
        "shadow_percent": 0.0,
        "decision": "SAFE"
      }
    },
    {
      "type": "Feature",
      "geometry": {
        "type": "Point",
        "coordinates": [
          152.0,
          348.0
        ]
      },
      "properties": {
        "id": "SITE-\u0400",
        "suitability": 74.587217703644,
        "mean_slope": 5.914453029632568,
        "max_slope": 6.268182277679443,
        "mean_hazard": 0.1141216829419136,
        "shadow_percent": 0.0,
        "decision": "SAFE"
      }
    },
    {
      "type": "Feature",
      "geometry": {
        "type": "Point",
        "coordinates": [
          352.0,
          368.0
        ]
      },
      "properties": {
        "id": "SITE-\u0401",
        "suitability": 74.58492932812982,
        "mean_slope": 6.043664932250977,
        "max_slope": 6.230434417724609,
        "mean_hazard": 0.11133565753698349,
        "shadow_percent": 0.0,
        "decision": "SAFE"
      }
    },
    {
      "type": "Feature",
      "geometry": {
        "type": "Point",
        "coordinates": [
          352.0,
          436.0
        ]
      },
      "properties": {
        "id": "SITE-\u0402",
        "suitability": 74.58371943225377,
        "mean_slope": 5.802298545837402,
        "max_slope": 6.191195011138916,
        "mean_hazard": 0.1161772608757019,
        "shadow_percent": 0.0,
        "decision": "SAFE"
      }
    },
    {
      "type": "Feature",
      "geometry": {
        "type": "Point",
        "coordinates": [
          52.0,
          460.0
        ]
      },
      "properties": {
        "id": "SITE-\u0403",
        "suitability": 74.58143607532557,
        "mean_slope": 5.807191848754883,
        "max_slope": 6.242537021636963,
        "mean_hazard": 0.11636842787265778,
        "shadow_percent": 0.0,
        "decision": "SAFE"
      }
    },
    {
      "type": "Feature",
      "geometry": {
        "type": "Point",
        "coordinates": [
          236.0,
          228.0
        ]
      },
      "properties": {
        "id": "SITE-\u0404",
        "suitability": 74.55284555797691,
        "mean_slope": 6.078210353851318,
        "max_slope": 6.17334508895874,
        "mean_hazard": 0.11129221320152283,
        "shadow_percent": 0.0,
        "decision": "SAFE"
      }
    },
    {
      "type": "Feature",
      "geometry": {
        "type": "Point",
        "coordinates": [
          488.0,
          4.0
        ]
      },
      "properties": {
        "id": "SITE-\u0405",
        "suitability": 74.54984466601756,
        "mean_slope": 5.81005859375,
        "max_slope": 6.066560745239258,
        "mean_hazard": 0.11646426469087601,
        "shadow_percent": 0.0,
        "decision": "SAFE"
      }
    },
    {
      "type": "Feature",
      "geometry": {
        "type": "Point",
        "coordinates": [
          224.0,
          240.0
        ]
      },
      "properties": {
        "id": "SITE-\u0406",
        "suitability": 74.53624234801401,
        "mean_slope": 6.083831787109375,
        "max_slope": 6.1754302978515625,
        "mean_hazard": 0.11153039336204529,
        "shadow_percent": 0.0,
        "decision": "SAFE"
      }
    },
    {
      "type": "Feature",
      "geometry": {
        "type": "Point",
        "coordinates": [
          460.0,
          256.0
        ]
      },
      "properties": {
        "id": "SITE-\u0407",
        "suitability": 74.51472598008746,
        "mean_slope": 5.830053329467773,
        "max_slope": 6.074275016784668,
        "mean_hazard": 0.1167910024523735,
        "shadow_percent": 0.0,
        "decision": "SAFE"
      }
    },
    {
      "type": "Feature",
      "geometry": {
        "type": "Point",
        "coordinates": [
          88.0,
          80.0
        ]
      },
      "properties": {
        "id": "SITE-\u0408",
        "suitability": 74.5095507560768,
        "mean_slope": 4.946711540222168,
        "max_slope": 5.042900085449219,
        "mean_hazard": 0.12370070815086365,
        "shadow_percent": 0.0,
        "decision": "SAFE"
      }
    },
    {
      "type": "Feature",
      "geometry": {
        "type": "Point",
        "coordinates": [
          452.0,
          180.0
        ]
      },
      "properties": {
        "id": "SITE-\u0409",
        "suitability": 74.48820121931679,
        "mean_slope": 6.089366436004639,
        "max_slope": 6.375559329986572,
        "mean_hazard": 0.11141163110733032,
        "shadow_percent": 0.0,
        "decision": "SAFE"
      }
    },
    {
      "type": "Feature",
      "geometry": {
        "type": "Point",
        "coordinates": [
          312.0,
          384.0
        ]
      },
      "properties": {
        "id": "SITE-\u040a",
        "suitability": 74.47449387354462,
        "mean_slope": 5.832693576812744,
        "max_slope": 6.059936046600342,
        "mean_hazard": 0.11675479263067245,
        "shadow_percent": 0.0,
        "decision": "SAFE"
      }
    },
    {
      "type": "Feature",
      "geometry": {
        "type": "Point",
        "coordinates": [
          12.0,
          264.0
        ]
      },
      "properties": {
        "id": "SITE-\u040b",
        "suitability": 74.45337006821867,
        "mean_slope": 6.025496959686279,
        "max_slope": 6.237892150878906,
        "mean_hazard": 0.1135517805814743,
        "shadow_percent": 0.0,
        "decision": "SAFE"
      }
    },
    {
      "type": "Feature",
      "geometry": {
        "type": "Point",
        "coordinates": [
          384.0,
          388.0
        ]
      },
      "properties": {
        "id": "SITE-\u040c",
        "suitability": 74.44378980268921,
        "mean_slope": 6.061591148376465,
        "max_slope": 6.271964073181152,
        "mean_hazard": 0.11238361150026321,
        "shadow_percent": 0.0,
        "decision": "SAFE"
      }
    },
    {
      "type": "Feature",
      "geometry": {
        "type": "Point",
        "coordinates": [
          280.0,
          416.0
        ]
      },
      "properties": {
        "id": "SITE-\u040d",
        "suitability": 74.42370843749077,
        "mean_slope": 5.85828971862793,
        "max_slope": 6.084221839904785,
        "mean_hazard": 0.11629771441221237,
        "shadow_percent": 0.0,
        "decision": "SAFE"
      }
    },
    {
      "type": "Feature",
      "geometry": {
        "type": "Point",
        "coordinates": [
          452.0,
          320.0
        ]
      },
      "properties": {
        "id": "SITE-\u040e",
        "suitability": 74.41400655275145,
        "mean_slope": 5.959744453430176,
        "max_slope": 6.206655502319336,
        "mean_hazard": 0.11492715030908585,
        "shadow_percent": 0.0,
        "decision": "SAFE"
      }
    },
    {
      "type": "Feature",
      "geometry": {
        "type": "Point",
        "coordinates": [
          264.0,
          20.0
        ]
      },
      "properties": {
        "id": "SITE-\u040f",
        "suitability": 74.37154914031173,
        "mean_slope": 6.011012077331543,
        "max_slope": 6.206389427185059,
        "mean_hazard": 0.11409690976142883,
        "shadow_percent": 0.0,
        "decision": "SAFE"
      }
    },
    {
      "type": "Feature",
      "geometry": {
        "type": "Point",
        "coordinates": [
          76.0,
          436.0
        ]
      },
      "properties": {
        "id": "SITE-\u0410",
        "suitability": 74.37063472433128,
        "mean_slope": 5.8559770584106445,
        "max_slope": 6.292244911193848,
        "mean_hazard": 0.1173517256975174,
        "shadow_percent": 0.0,
        "decision": "SAFE"
      }
    },
    {
      "type": "Feature",
      "geometry": {
        "type": "Point",
        "coordinates": [
          440.0,
          324.0
        ]
      },
      "properties": {
        "id": "SITE-\u0411",
        "suitability": 74.36875099057983,
        "mean_slope": 6.002618312835693,
        "max_slope": 6.170620441436768,
        "mean_hazard": 0.11203977465629578,
        "shadow_percent": 0.0,
        "decision": "SAFE"
      }
    },
    {
      "type": "Feature",
      "geometry": {
        "type": "Point",
        "coordinates": [
          60.0,
          452.0
        ]
      },
      "properties": {
        "id": "SITE-\u0412",
        "suitability": 74.36405588497367,
        "mean_slope": 5.851797103881836,
        "max_slope": 6.283824443817139,
        "mean_hazard": 0.11704172194004059,
        "shadow_percent": 0.0,
        "decision": "SAFE"
      }
    },
    {
      "type": "Feature",
      "geometry": {
        "type": "Point",
        "coordinates": [
          320.0,
          328.0
        ]
      },
      "properties": {
        "id": "SITE-\u0413",
        "suitability": 74.35776109451909,
        "mean_slope": 6.014411449432373,
        "max_slope": 7.968316078186035,
        "mean_hazard": 0.11165688186883926,
        "shadow_percent": 0.0,
        "decision": "SAFE"
      }
    },
    {
      "type": "Feature",
      "geometry": {
        "type": "Point",
        "coordinates": [
          376.0,
          60.0
        ]
      },
      "properties": {
        "id": "SITE-\u0414",
        "suitability": 74.34826122879268,
        "mean_slope": 5.951591968536377,
        "max_slope": 6.190003871917725,
        "mean_hazard": 0.11603628098964691,
        "shadow_percent": 0.0,
        "decision": "SAFE"
      }
    },
    {
      "type": "Feature",
      "geometry": {
        "type": "Point",
        "coordinates": [
          68.0,
          444.0
        ]
      },
      "properties": {
        "id": "SITE-\u0415",
        "suitability": 74.33560982840115,
        "mean_slope": 5.880051136016846,
        "max_slope": 6.313780307769775,
        "mean_hazard": 0.11750028282403946,
        "shadow_percent": 0.0,
        "decision": "SAFE"
      }
    },
    {
      "type": "Feature",
      "geometry": {
        "type": "Point",
        "coordinates": [
          28.0,
          480.0
        ]
      },
      "properties": {
        "id": "SITE-\u0416",
        "suitability": 74.28951037402526,
        "mean_slope": 5.980119705200195,
        "max_slope": 6.364641189575195,
        "mean_hazard": 0.1158187985420227,
        "shadow_percent": 0.0,
        "decision": "SAFE"
      }
    },
    {
      "type": "Feature",
      "geometry": {
        "type": "Point",
        "coordinates": [
          140.0,
          368.0
        ]
      },
      "properties": {
        "id": "SITE-\u0417",
        "suitability": 74.27194789365197,
        "mean_slope": 5.8826985359191895,
        "max_slope": 6.288435935974121,
        "mean_hazard": 0.11787505447864532,
        "shadow_percent": 0.0,
        "decision": "SAFE"
      }
    },
    {
      "type": "Feature",
      "geometry": {
        "type": "Point",
        "coordinates": [
          224.0,
          272.0
        ]
      },
      "properties": {
        "id": "SITE-\u0418",
        "suitability": 74.25924715410417,
        "mean_slope": 5.948338031768799,
        "max_slope": 6.278829574584961,
        "mean_hazard": 0.11596740037202835,
        "shadow_percent": 0.0,
        "decision": "SAFE"
      }
    },
    {
      "type": "Feature",
      "geometry": {
        "type": "Point",
        "coordinates": [
          296.0,
          484.0
        ]
      },
      "properties": {
        "id": "SITE-\u0419",
        "suitability": 74.24010355095565,
        "mean_slope": 6.070109844207764,
        "max_slope": 6.367249488830566,
        "mean_hazard": 0.11445339024066925,
        "shadow_percent": 0.0,
        "decision": "SAFE"
      }
    },
    {
      "type": "Feature",
      "geometry": {
        "type": "Point",
        "coordinates": [
          44.0,
          468.0
        ]
      },
      "properties": {
        "id": "SITE-\u041a",
        "suitability": 74.23086984757556,
        "mean_slope": 5.907075881958008,
        "max_slope": 6.339138984680176,
        "mean_hazard": 0.11770088970661163,
        "shadow_percent": 0.0,
        "decision": "SAFE"
      }
    },
    {
      "type": "Feature",
      "geometry": {
        "type": "Point",
        "coordinates": [
          440.0,
          44.0
        ]
      },
      "properties": {
        "id": "SITE-\u041b",
        "suitability": 74.18177448903504,
        "mean_slope": 6.059012413024902,
        "max_slope": 6.229395389556885,
        "mean_hazard": 0.11551748216152191,
        "shadow_percent": 0.0,
        "decision": "SAFE"
      }
    },
    {
      "type": "Feature",
      "geometry": {
        "type": "Point",
        "coordinates": [
          432.0,
          52.0
        ]
      },
      "properties": {
        "id": "SITE-\u041c",
        "suitability": 74.17460993018813,
        "mean_slope": 6.063827991485596,
        "max_slope": 6.251221656799316,
        "mean_hazard": 0.11519644409418106,
        "shadow_percent": 0.0,
        "decision": "SAFE"
      }
    },
    {
      "type": "Feature",
      "geometry": {
        "type": "Point",
        "coordinates": [
          100.0,
          396.0
        ]
      },
      "properties": {
        "id": "SITE-\u041d",
        "suitability": 74.12595918887268,
        "mean_slope": 6.210545539855957,
        "max_slope": 6.460240840911865,
        "mean_hazard": 0.11327597498893738,
        "shadow_percent": 0.0,
        "decision": "SAFE"
      }
    },
    {
      "type": "Feature",
      "geometry": {
        "type": "Point",
        "coordinates": [
          468.0,
          248.0
        ]
      },
      "properties": {
        "id": "SITE-\u041e",
        "suitability": 74.09481662928778,
        "mean_slope": 5.9484734535217285,
        "max_slope": 6.198282241821289,
        "mean_hazard": 0.11864901334047318,
        "shadow_percent": 0.0,
        "decision": "SAFE"
      }
    },
    {
      "type": "Feature",
      "geometry": {
        "type": "Point",
        "coordinates": [
          152.0,
          480.0
        ]
      },
      "properties": {
        "id": "SITE-\u041f",
        "suitability": 74.08916333441559,
        "mean_slope": 5.995596408843994,
        "max_slope": 6.305301666259766,
        "mean_hazard": 0.11757267266511917,
        "shadow_percent": 0.0,
        "decision": "SAFE"
      }
    },
    {
      "type": "Feature",
      "geometry": {
        "type": "Point",
        "coordinates": [
          220.0,
          484.0
        ]
      },
      "properties": {
        "id": "SITE-\u0420",
        "suitability": 74.03281210971141,
        "mean_slope": 6.102501392364502,
        "max_slope": 6.323541164398193,
        "mean_hazard": 0.11613640934228897,
        "shadow_percent": 0.0,
        "decision": "SAFE"
      }
    },
    {
      "type": "Feature",
      "geometry": {
        "type": "Point",
        "coordinates": [
          84.0,
          428.0
        ]
      },
      "properties": {
        "id": "SITE-\u0421",
        "suitability": 74.0167357721556,
        "mean_slope": 5.951008319854736,
        "max_slope": 6.373284816741943,
        "mean_hazard": 0.11882753670215607,
        "shadow_percent": 0.0,
        "decision": "SAFE"
      }
    },
    {
      "type": "Feature",
      "geometry": {
        "type": "Point",
        "coordinates": [
          476.0,
          304.0
        ]
      },
      "properties": {
        "id": "SITE-\u0422",
        "suitability": 74.01565670418206,
        "mean_slope": 5.952493190765381,
        "max_slope": 6.266863822937012,
        "mean_hazard": 0.11930768191814423,
        "shadow_percent": 0.0,
        "decision": "SAFE"
      }
    },
    {
      "type": "Feature",
      "geometry": {
        "type": "Point",
        "coordinates": [
          416.0,
          84.0
        ]
      },
      "properties": {
        "id": "SITE-\u0423",
        "suitability": 73.85961989176397,
        "mean_slope": 5.972590446472168,
        "max_slope": 6.2895402908325195,
        "mean_hazard": 0.1196068599820137,
        "shadow_percent": 0.0,
        "decision": "SAFE"
      }
    },
    {
      "type": "Feature",
      "geometry": {
        "type": "Point",
        "coordinates": [
          484.0,
          296.0
        ]
      },
      "properties": {
        "id": "SITE-\u0424",
        "suitability": 73.8434825904771,
        "mean_slope": 5.978338241577148,
        "max_slope": 6.306030750274658,
        "mean_hazard": 0.1198115274310112,
        "shadow_percent": 0.0,
        "decision": "SAFE"
      }
    },
    {
      "type": "Feature",
      "geometry": {
        "type": "Point",
        "coordinates": [
          216.0,
          232.0
        ]
      },
      "properties": {
        "id": "SITE-\u0425",
        "suitability": 73.84231571602398,
        "mean_slope": 6.277279853820801,
        "max_slope": 6.393966197967529,
        "mean_hazard": 0.1142665296792984,
        "shadow_percent": 0.0,
        "decision": "SAFE"
      }
    },
    {
      "type": "Feature",
      "geometry": {
        "type": "Point",
        "coordinates": [
          228.0,
          220.0
        ]
      },
      "properties": {
        "id": "SITE-\u0426",
        "suitability": 73.84043251075619,
        "mean_slope": 6.289559364318848,
        "max_slope": 6.415744304656982,
        "mean_hazard": 0.11424726247787476,
        "shadow_percent": 0.0,
        "decision": "SAFE"
      }
    },
    {
      "type": "Feature",
      "geometry": {
        "type": "Point",
        "coordinates": [
          468.0,
          312.0
        ]
      },
      "properties": {
        "id": "SITE-\u0427",
        "suitability": 73.8353799912355,
        "mean_slope": 6.010118007659912,
        "max_slope": 6.323681831359863,
        "mean_hazard": 0.11986827850341797,
        "shadow_percent": 0.0,
        "decision": "SAFE"
      }
    },
    {
      "type": "Feature",
      "geometry": {
        "type": "Point",
        "coordinates": [
          296.0,
          12.0
        ]
      },
      "properties": {
        "id": "SITE-\u0428",
        "suitability": 73.79982091215929,
        "mean_slope": 6.215801239013672,
        "max_slope": 6.427923679351807,
        "mean_hazard": 0.11601685732603073,
        "shadow_percent": 0.0,
        "decision": "SAFE"
      }
    },
    {
      "type": "Feature",
      "geometry": {
        "type": "Point",
        "coordinates": [
          492.0,
          288.0
        ]
      },
      "properties": {
        "id": "SITE-\u0429",
        "suitability": 73.78253266702967,
        "mean_slope": 5.994340419769287,
        "max_slope": 6.305047512054443,
        "mean_hazard": 0.1201353520154953,
        "shadow_percent": 0.0,
        "decision": "SAFE"
      }
    },
    {
      "type": "Feature",
      "geometry": {
        "type": "Point",
        "coordinates": [
          20.0,
          288.0
        ]
      },
      "properties": {
        "id": "SITE-\u042a",
        "suitability": 73.7560840907694,
        "mean_slope": 6.2773942947387695,
        "max_slope": 6.448023319244385,
        "mean_hazard": 0.11464176326990128,
        "shadow_percent": 0.0,
        "decision": "SAFE"
      }
    },
    {
      "type": "Feature",
      "geometry": {
        "type": "Point",
        "coordinates": [
          132.0,
          376.0
        ]
      },
      "properties": {
        "id": "SITE-\u042b",
        "suitability": 73.7328508760973,
        "mean_slope": 6.060418128967285,
        "max_slope": 6.451998710632324,
        "mean_hazard": 0.1197797954082489,
        "shadow_percent": 0.0,
        "decision": "SAFE"
      }
    },
    {
      "type": "Feature",
      "geometry": {
        "type": "Point",
        "coordinates": [
          368.0,
          84.0
        ]
      },
      "properties": {
        "id": "SITE-\u042c",
        "suitability": 73.70849362355183,
        "mean_slope": 6.290688991546631,
        "max_slope": 6.424410343170166,
        "mean_hazard": 0.11465884000062943,
        "shadow_percent": 0.0,
        "decision": "SAFE"
      }
    },
    {
      "type": "Feature",
      "geometry": {
        "type": "Point",
        "coordinates": [
          484.0,
          240.0
        ]
      },
      "properties": {
        "id": "SITE-\u042d",
        "suitability": 73.6959318405989,
        "mean_slope": 6.136487007141113,
        "max_slope": 6.3227105140686035,
        "mean_hazard": 0.11830832809209824,
        "shadow_percent": 0.0,
        "decision": "SAFE"
      }
    },
    {
      "type": "Feature",
      "geometry": {
        "type": "Point",
        "coordinates": [
          320.0,
          376.0
        ]
      },
      "properties": {
        "id": "SITE-\u042e",
        "suitability": 73.69324963206707,
        "mean_slope": 6.050565719604492,
        "max_slope": 6.2836384773254395,
        "mean_hazard": 0.12006675451993942,
        "shadow_percent": 0.0,
        "decision": "SAFE"
      }
    },
    {
      "type": "Feature",
      "geometry": {
        "type": "Point",
        "coordinates": [
          164.0,
          336.0
        ]
      },
      "properties": {
        "id": "SITE-\u042f",
        "suitability": 73.64834913814464,
        "mean_slope": 6.1629862785339355,
        "max_slope": 6.505753993988037,
        "mean_hazard": 0.1182602196931839,
        "shadow_percent": 0.0,
        "decision": "SAFE"
      }
    },
    {
      "type": "Feature",
      "geometry": {
        "type": "Point",
        "coordinates": [
          244.0,
          236.0
        ]
      },
      "properties": {
        "id": "SITE-\u0430",
        "suitability": 73.63544172879614,
        "mean_slope": 6.338076114654541,
        "max_slope": 6.464864730834961,
        "mean_hazard": 0.11531540751457214,
        "shadow_percent": 0.0,
        "decision": "SAFE"
      }
    },
    {
      "type": "Feature",
      "geometry": {
        "type": "Point",
        "coordinates": [
          232.0,
          248.0
        ]
      },
      "properties": {
        "id": "SITE-\u0431",
        "suitability": 73.53540119493519,
        "mean_slope": 6.354499340057373,
        "max_slope": 6.507503986358643,
        "mean_hazard": 0.11550547927618027,
        "shadow_percent": 0.0,
        "decision": "SAFE"
      }
    },
    {
      "type": "Feature",
      "geometry": {
        "type": "Point",
        "coordinates": [
          260.0,
          444.0
        ]
      },
      "properties": {
        "id": "SITE-\u0432",
        "suitability": 73.46339103044403,
        "mean_slope": 6.266885280609131,
        "max_slope": 6.470993995666504,
        "mean_hazard": 0.11834792047739029,
        "shadow_percent": 0.0,
        "decision": "SAFE"
      }
    },
    {
      "type": "Feature",
      "geometry": {
        "type": "Point",
        "coordinates": [
          432.0,
          4.0
        ]
      },
      "properties": {
        "id": "SITE-\u0433",
        "suitability": 73.42083344086635,
        "mean_slope": 6.126529693603516,
        "max_slope": 6.365001201629639,
        "mean_hazard": 0.1220182403922081,
        "shadow_percent": 0.0,
        "decision": "SAFE"
      }
    },
    {
      "type": "Feature",
      "geometry": {
        "type": "Point",
        "coordinates": [
          200.0,
          232.0
        ]
      },
      "properties": {
        "id": "SITE-\u0434",
        "suitability": 73.4180954521821,
        "mean_slope": 6.281254291534424,
        "max_slope": 6.477363109588623,
        "mean_hazard": 0.11849679797887802,
        "shadow_percent": 0.0,
        "decision": "SAFE"
      }
    },
    {
      "type": "Feature",
      "geometry": {
        "type": "Point",
        "coordinates": [
          8.0,
          304.0
        ]
      },
      "properties": {
        "id": "SITE-\u0435",
        "suitability": 73.39459981772566,
        "mean_slope": 6.338470458984375,
        "max_slope": 6.520779609680176,
        "mean_hazard": 0.117471843957901,
        "shadow_percent": 0.0,
        "decision": "SAFE"
      }
    },
    {
      "type": "Feature",
      "geometry": {
        "type": "Point",
        "coordinates": [
          188.0,
          444.0
        ]
      },
      "properties": {
        "id": "SITE-\u0436",
        "suitability": 73.38035484651583,
        "mean_slope": 6.195146560668945,
        "max_slope": 6.50562047958374,
        "mean_hazard": 0.12044091522693634,
        "shadow_percent": 0.0,
        "decision": "SAFE"
      }
    },
    {
      "type": "Feature",
      "geometry": {
        "type": "Point",
        "coordinates": [
          400.0,
          36.0
        ]
      },
      "properties": {
        "id": "SITE-\u0437",
        "suitability": 73.34888808931521,
        "mean_slope": 6.191431045532227,
        "max_slope": 6.424674034118652,
        "mean_hazard": 0.12084215134382248,
        "shadow_percent": 0.0,
        "decision": "SAFE"
      }
    },
    {
      "type": "Feature",
      "geometry": {
        "type": "Point",
        "coordinates": [
          20.0,
          8.0
        ]
      },
      "properties": {
        "id": "SITE-\u0438",
        "suitability": 73.31083827442588,
        "mean_slope": 6.357098579406738,
        "max_slope": 6.561043739318848,
        "mean_hazard": 0.11802496761083603,
        "shadow_percent": 0.0,
        "decision": "SAFE"
      }
    },
    {
      "type": "Feature",
      "geometry": {
        "type": "Point",
        "coordinates": [
          396.0,
          384.0
        ]
      },
      "properties": {
        "id": "SITE-\u0439",
        "suitability": 73.27570819193075,
        "mean_slope": 6.282788276672363,
        "max_slope": 6.572242736816406,
        "mean_hazard": 0.11988233774900436,
        "shadow_percent": 0.0,
        "decision": "SAFE"
      }
    },
    {
      "type": "Feature",
      "geometry": {
        "type": "Point",
        "coordinates": [
          336.0,
          456.0
        ]
      },
      "properties": {
        "id": "SITE-\u043a",
        "suitability": 73.23507961943683,
        "mean_slope": 6.133335590362549,
        "max_slope": 6.541976451873779,
        "mean_hazard": 0.12291207164525986,
        "shadow_percent": 0.0,
        "decision": "SAFE"
      }
    },
    {
      "type": "Feature",
      "geometry": {
        "type": "Point",
        "coordinates": [
          268.0,
          432.0
        ]
      },
      "properties": {
        "id": "SITE-\u043b",
        "suitability": 73.21110633996491,
        "mean_slope": 6.2851433753967285,
        "max_slope": 6.496644973754883,
        "mean_hazard": 0.12031044811010361,
        "shadow_percent": 0.0,
        "decision": "SAFE"
      }
    },
    {
      "type": "Feature",
      "geometry": {
        "type": "Point",
        "coordinates": [
          148.0,
          360.0
        ]
      },
      "properties": {
        "id": "SITE-\u043c",
        "suitability": 73.1943146121597,
        "mean_slope": 6.185128211975098,
        "max_slope": 6.5838623046875,
        "mean_hazard": 0.12245975434780121,
        "shadow_percent": 0.0,
        "decision": "SAFE"
      }
    },
    {
      "type": "Feature",
      "geometry": {
        "type": "Point",
        "coordinates": [
          8.0,
          20.0
        ]
      },
      "properties": {
        "id": "SITE-\u043d",
        "suitability": 73.17889693346588,
        "mean_slope": 6.3885111808776855,
        "max_slope": 6.587522506713867,
        "mean_hazard": 0.118599072098732,
        "shadow_percent": 0.0,
        "decision": "SAFE"
      }
    },
    {
      "type": "Feature",
      "geometry": {
        "type": "Point",
        "coordinates": [
          424.0,
          76.0
        ]
      },
      "properties": {
        "id": "SITE-\u043e",
        "suitability": 73.16825180097426,
        "mean_slope": 6.169477462768555,
        "max_slope": 6.494663238525391,
        "mean_hazard": 0.12262596189975739,
        "shadow_percent": 0.0,
        "decision": "SAFE"
      }
    },
    {
      "type": "Feature",
      "geometry": {
        "type": "Point",
        "coordinates": [
          432.0,
          340.0
        ]
      },
      "properties": {
        "id": "SITE-\u043f",
        "suitability": 73.07672975942337,
        "mean_slope": 6.384604454040527,
        "max_slope": 6.613543510437012,
        "mean_hazard": 0.11960066109895706,
        "shadow_percent": 0.0,
        "decision": "SAFE"
      }
    },
    {
      "type": "Feature",
      "geometry": {
        "type": "Point",
        "coordinates": [
          112.0,
          388.0
        ]
      },
      "properties": {
        "id": "SITE-\u0440",
        "suitability": 72.99162344668625,
        "mean_slope": 6.4686994552612305,
        "max_slope": 6.758399486541748,
        "mean_hazard": 0.11905129253864288,
        "shadow_percent": 0.0,
        "decision": "SAFE"
      }
    },
    {
      "type": "Feature",
      "geometry": {
        "type": "Point",
        "coordinates": [
          284.0,
          16.0
        ]
      },
      "properties": {
        "id": "SITE-\u0441",
        "suitability": 72.96367505911061,
        "mean_slope": 6.499969959259033,
        "max_slope": 6.675103187561035,
        "mean_hazard": 0.11882980167865753,
        "shadow_percent": 0.0,
        "decision": "SAFE"
      }
    },
    {
      "type": "Feature",
      "geometry": {
        "type": "Point",
        "coordinates": [
          16.0,
          276.0
        ]
      },
      "properties": {
        "id": "SITE-\u0442",
        "suitability": 72.95627016740953,
        "mean_slope": 6.458700180053711,
        "max_slope": 6.645700931549072,
        "mean_hazard": 0.11973189562559128,
        "shadow_percent": 0.0,
        "decision": "SAFE"
      }
    },
    {
      "type": "Feature",
      "geometry": {
        "type": "Point",
        "coordinates": [
          384.0,
          100.0
        ]
      },
      "properties": {
        "id": "SITE-\u0443",
        "suitability": 72.9388171044373,
        "mean_slope": 6.371222019195557,
        "max_slope": 6.526102066040039,
        "mean_hazard": 0.12034055590629578,
        "shadow_percent": 0.0,
        "decision": "SAFE"
      }
    },
    {
      "type": "Feature",
      "geometry": {
        "type": "Point",
        "coordinates": [
          412.0,
          204.0
        ]
      },
      "properties": {
        "id": "SITE-\u0444",
        "suitability": 72.9277707718408,
        "mean_slope": 6.225415229797363,
        "max_slope": 6.654372692108154,
        "mean_hazard": 0.12475636601448059,
        "shadow_percent": 0.0,
        "decision": "SAFE"
      }
    },
    {
      "type": "Feature",
      "geometry": {
        "type": "Point",
        "coordinates": [
          408.0,
          92.0
        ]
      },
      "properties": {
        "id": "SITE-\u0445",
        "suitability": 72.90768276038328,
        "mean_slope": 6.268731117248535,
        "max_slope": 6.566620349884033,
        "mean_hazard": 0.12323440611362457,
        "shadow_percent": 0.0,
        "decision": "SAFE"
      }
    },
    {
      "type": "Feature",
      "geometry": {
        "type": "Point",
        "coordinates": [
          364.0,
          428.0
        ]
      },
      "properties": {
        "id": "SITE-\u0446",
        "suitability": 72.85283920126919,
        "mean_slope": 6.241283416748047,
        "max_slope": 6.6302666664123535,
        "mean_hazard": 0.12491775304079056,
        "shadow_percent": 0.0,
        "decision": "SAFE"
      }
    },
    {
      "type": "Feature",
      "geometry": {
        "type": "Point",
        "coordinates": [
          328.0,
          464.0
        ]
      },
      "properties": {
        "id": "SITE-\u0447",
        "suitability": 72.83198823064514,
        "mean_slope": 6.252910137176514,
        "max_slope": 6.645864486694336,
        "mean_hazard": 0.12445671856403351,
        "shadow_percent": 0.0,
        "decision": "SAFE"
      }
    },
    {
      "type": "Feature",
      "geometry": {
        "type": "Point",
        "coordinates": [
          92.0,
          420.0
        ]
      },
      "properties": {
        "id": "SITE-\u0448",
        "suitability": 72.74530466327712,
        "mean_slope": 6.340662002563477,
        "max_slope": 6.736772537231445,
        "mean_hazard": 0.12431679666042328,
        "shadow_percent": 0.0,
        "decision": "SAFE"
      }
    },
    {
      "type": "Feature",
      "geometry": {
        "type": "Point",
        "coordinates": [
          420.0,
          196.0
        ]
      },
      "properties": {
        "id": "SITE-\u0449",
        "suitability": 72.69121034745929,
        "mean_slope": 6.2855119705200195,
        "max_slope": 6.715178966522217,
        "mean_hazard": 0.12536020576953888,
        "shadow_percent": 0.0,
        "decision": "SAFE"
      }
    },
    {
      "type": "Feature",
      "geometry": {
        "type": "Point",
        "coordinates": [
          468.0,
          148.0
        ]
      },
      "properties": {
        "id": "SITE-\u044a",
        "suitability": 72.67347929256508,
        "mean_slope": 6.313628673553467,
        "max_slope": 6.74714469909668,
        "mean_hazard": 0.1253482550382614,
        "shadow_percent": 0.0,
        "decision": "SAFE"
      }
    },
    {
      "type": "Feature",
      "geometry": {
        "type": "Point",
        "coordinates": [
          404.0,
          212.0
        ]
      },
      "properties": {
        "id": "SITE-\u044b",
        "suitability": 72.63646662540019,
        "mean_slope": 6.293546199798584,
        "max_slope": 6.728760242462158,
        "mean_hazard": 0.12594717741012573,
        "shadow_percent": 0.0,
        "decision": "SAFE"
      }
    },
    {
      "type": "Feature",
      "geometry": {
        "type": "Point",
        "coordinates": [
          248.0,
          448.0
        ]
      },
      "properties": {
        "id": "SITE-\u044c",
        "suitability": 72.60957498743399,
        "mean_slope": 6.40799617767334,
        "max_slope": 6.599154472351074,
        "mean_hazard": 0.12353239208459854,
        "shadow_percent": 0.0,
        "decision": "SAFE"
      }
    },
    {
      "type": "Feature",
      "geometry": {
        "type": "Point",
        "coordinates": [
          424.0,
          12.0
        ]
      },
      "properties": {
        "id": "SITE-\u044d",
        "suitability": 72.60955135150594,
        "mean_slope": 6.344966888427734,
        "max_slope": 6.580400466918945,
        "mean_hazard": 0.12445053458213806,
        "shadow_percent": 0.0,
        "decision": "SAFE"
      }
    },
    {
      "type": "Feature",
      "geometry": {
        "type": "Point",
        "coordinates": [
          472.0,
          28.0
        ]
      },
      "properties": {
        "id": "SITE-\u044e",
        "suitability": 72.57751587146603,
        "mean_slope": 6.305692672729492,
        "max_slope": 6.6124773025512695,
        "mean_hazard": 0.12636114656925201,
        "shadow_percent": 0.0,
        "decision": "SAFE"
      }
    },
    {
      "type": "Feature",
      "geometry": {
        "type": "Point",
        "coordinates": [
          236.0,
          452.0
        ]
      },
      "properties": {
        "id": "SITE-\u044f",
        "suitability": 72.55510863673507,
        "mean_slope": 6.3480119705200195,
        "max_slope": 6.529661655426025,
        "mean_hazard": 0.12562021613121033,
        "shadow_percent": 0.0,
        "decision": "SAFE"
      }
    },
    {
      "type": "Feature",
      "geometry": {
        "type": "Point",
        "coordinates": [
          132.0,
          492.0
        ]
      },
      "properties": {
        "id": "SITE-\u0450",
        "suitability": 72.54909389400385,
        "mean_slope": 6.317794322967529,
        "max_slope": 6.682434558868408,
        "mean_hazard": 0.126649871468544,
        "shadow_percent": 0.0,
        "decision": "SAFE"
      }
    },
    {
      "type": "Feature",
      "geometry": {
        "type": "Point",
        "coordinates": [
          220.0,
          468.0
        ]
      },
      "properties": {
        "id": "SITE-\u0451",
        "suitability": 72.51112293419527,
        "mean_slope": 6.366928577423096,
        "max_slope": 6.543138027191162,
        "mean_hazard": 0.1259130835533142,
        "shadow_percent": 0.0,
        "decision": "SAFE"
      }
    },
    {
      "type": "Feature",
      "geometry": {
        "type": "Point",
        "coordinates": [
          212.0,
          492.0
        ]
      },
      "properties": {
        "id": "SITE-\u0452",
        "suitability": 72.44489651450817,
        "mean_slope": 6.567448616027832,
        "max_slope": 6.768657684326172,
        "mean_hazard": 0.12236012518405914,
        "shadow_percent": 0.0,
        "decision": "SAFE"
      }
    },
    {
      "type": "Feature",
      "geometry": {
        "type": "Point",
        "coordinates": [
          260.0,
          236.0
        ]
      },
      "properties": {
        "id": "SITE-\u0453",
        "suitability": 72.41433894893063,
        "mean_slope": 6.510436534881592,
        "max_slope": 6.7957682609558105,
        "mean_hazard": 0.12383836507797241,
        "shadow_percent": 0.0,
        "decision": "SAFE"
      }
    },
    {
      "type": "Feature",
      "geometry": {
        "type": "Point",
        "coordinates": [
          368.0,
          68.0
        ]
      },
      "properties": {
        "id": "SITE-\u0454",
        "suitability": 72.3573446087278,
        "mean_slope": 6.553526401519775,
        "max_slope": 6.766738414764404,
        "mean_hazard": 0.12367996573448181,
        "shadow_percent": 0.0,
        "decision": "SAFE"
      }
    },
    {
      "type": "Feature",
      "geometry": {
        "type": "Point",
        "coordinates": [
          160.0,
          472.0
        ]
      },
      "properties": {
        "id": "SITE-\u0455",
        "suitability": 72.33464906018874,
        "mean_slope": 6.5148515701293945,
        "max_slope": 6.798211097717285,
        "mean_hazard": 0.1245289146900177,
        "shadow_percent": 0.0,
        "decision": "SAFE"
      }
    },
    {
      "type": "Feature",
      "geometry": {
        "type": "Point",
        "coordinates": [
          464.0,
          36.0
        ]
      },
      "properties": {
        "id": "SITE-\u0456",
        "suitability": 72.25463885490129,
        "mean_slope": 6.415004730224609,
        "max_slope": 6.712364673614502,
        "mean_hazard": 0.12760794162750244,
        "shadow_percent": 0.0,
        "decision": "SAFE"
      }
    },
    {
      "type": "Feature",
      "geometry": {
        "type": "Point",
        "coordinates": [
          476.0,
          400.0
        ]
      },
      "properties": {
        "id": "SITE-\u0457",
        "suitability": 72.23942088267876,
        "mean_slope": 6.43179178237915,
        "max_slope": 9.860361099243164,
        "mean_hazard": 0.1259651929140091,
        "shadow_percent": 0.0,
        "decision": "CONDITIONAL"
      }
    },
    {
      "type": "Feature",
      "geometry": {
        "type": "Point",
        "coordinates": [
          336.0,
          172.0
        ]
      },
      "properties": {
        "id": "SITE-\u0458",
        "suitability": 72.20237837537407,
        "mean_slope": 6.3987884521484375,
        "max_slope": 6.774229526519775,
        "mean_hazard": 0.1282418817281723,
        "shadow_percent": 0.0,
        "decision": "SAFE"
      }
    },
    {
      "type": "Feature",
      "geometry": {
        "type": "Point",
        "coordinates": [
          408.0,
          380.0
        ]
      },
      "properties": {
        "id": "SITE-\u0459",
        "suitability": 72.18335999514268,
        "mean_slope": 6.455495834350586,
        "max_slope": 6.812798976898193,
        "mean_hazard": 0.12736356258392334,
        "shadow_percent": 0.0,
        "decision": "SAFE"
      }
    },
    {
      "type": "Feature",
      "geometry": {
        "type": "Point",
        "coordinates": [
          232.0,
          264.0
        ]
      },
      "properties": {
        "id": "SITE-\u045a",
        "suitability": 72.16780770454713,
        "mean_slope": 6.592825412750244,
        "max_slope": 6.882711887359619,
        "mean_hazard": 0.12481050193309784,
        "shadow_percent": 0.0,
        "decision": "SAFE"
      }
    },
    {
      "type": "Feature",
      "geometry": {
        "type": "Point",
        "coordinates": [
          408.0,
          28.0
        ]
      },
      "properties": {
        "id": "SITE-\u045b",
        "suitability": 72.14720844155104,
        "mean_slope": 6.540444374084473,
        "max_slope": 6.755929470062256,
        "mean_hazard": 0.12607888877391815,
        "shadow_percent": 0.0,
        "decision": "SAFE"
      }
    },
    {
      "type": "Feature",
      "geometry": {
        "type": "Point",
        "coordinates": [
          348.0,
          160.0
        ]
      },
      "properties": {
        "id": "SITE-\u045c",
        "suitability": 72.11479025269921,
        "mean_slope": 6.4343719482421875,
        "max_slope": 6.79627799987793,
        "mean_hazard": 0.12865102291107178,
        "shadow_percent": 0.0,
        "decision": "SAFE"
      }
    },
    {
      "type": "Feature",
      "geometry": {
        "type": "Point",
        "coordinates": [
          272.0,
          12.0
        ]
      },
      "properties": {
        "id": "SITE-\u045d",
        "suitability": 72.09094039799412,
        "mean_slope": 6.705707550048828,
        "max_slope": 6.84109354019165,
        "mean_hazard": 0.12334490567445755,
        "shadow_percent": 0.0,
        "decision": "SAFE"
      }
    },
    {
      "type": "Feature",
      "geometry": {
        "type": "Point",
        "coordinates": [
          328.0,
          368.0
        ]
      },
      "properties": {
        "id": "SITE-\u045e",
        "suitability": 72.0758619209049,
        "mean_slope": 6.528043270111084,
        "max_slope": 6.735244274139404,
        "mean_hazard": 0.12691237032413483,
        "shadow_percent": 0.0,
        "decision": "SAFE"
      }
    },
    {
      "type": "Feature",
      "geometry": {
        "type": "Point",
        "coordinates": [
          424.0,
          364.0
        ]
      },
      "properties": {
        "id": "SITE-\u045f",
        "suitability": 72.04908442667107,
        "mean_slope": 6.464538097381592,
        "max_slope": 6.833415508270264,
        "mean_hazard": 0.1283559948205948,
        "shadow_percent": 0.0,
        "decision": "SAFE"
      }
    },
    {
      "type": "Feature",
      "geometry": {
        "type": "Point",
        "coordinates": [
          224.0,
          456.0
        ]
      },
      "properties": {
        "id": "SITE-\u0460",
        "suitability": 72.03124463984666,
        "mean_slope": 6.446218967437744,
        "max_slope": 6.56281852722168,
        "mean_hazard": 0.12918733060359955,
        "shadow_percent": 0.0,
        "decision": "SAFE"
      }
    },
    {
      "type": "Feature",
      "geometry": {
        "type": "Point",
        "coordinates": [
          416.0,
          20.0
        ]
      },
      "properties": {
        "id": "SITE-\u0461",
        "suitability": 72.00479521696168,
        "mean_slope": 6.5625834465026855,
        "max_slope": 6.777091979980469,
        "mean_hazard": 0.12690749764442444,
        "shadow_percent": 0.0,
        "decision": "SAFE"
      }
    },
    {
      "type": "Feature",
      "geometry": {
        "type": "Point",
        "coordinates": [
          308.0,
          328.0
        ]
      },
      "properties": {
        "id": "SITE-\u0462",
        "suitability": 71.96909264414509,
        "mean_slope": 6.681703567504883,
        "max_slope": 6.965192794799805,
        "mean_hazard": 0.12425722181797028,
        "shadow_percent": 0.0,
        "decision": "SAFE"
      }
    },
    {
      "type": "Feature",
      "geometry": {
        "type": "Point",
        "coordinates": [
          492.0,
          232.0
        ]
      },
      "properties": {
        "id": "SITE-\u0463",
        "suitability": 71.95498770705565,
        "mean_slope": 6.658530235290527,
        "max_slope": 6.843099117279053,
        "mean_hazard": 0.12540577352046967,
        "shadow_percent": 0.0,
        "decision": "SAFE"
      }
    },
    {
      "type": "Feature",
      "geometry": {
        "type": "Point",
        "coordinates": [
          340.0,
          364.0
        ]
      },
      "properties": {
        "id": "SITE-\u0464",
        "suitability": 71.94915236962481,
        "mean_slope": 6.647043228149414,
        "max_slope": 6.856026649475098,
        "mean_hazard": 0.12576419115066528,
        "shadow_percent": 0.0,
        "decision": "SAFE"
      }
    },
    {
      "type": "Feature",
      "geometry": {
        "type": "Point",
        "coordinates": [
          372.0,
          420.0
        ]
      },
      "properties": {
        "id": "SITE-\u0465",
        "suitability": 71.94708110963381,
        "mean_slope": 6.496535778045654,
        "max_slope": 6.877381324768066,
        "mean_hazard": 0.12867259979248047,
        "shadow_percent": 0.0,
        "decision": "SAFE"
      }
    },
    {
      "type": "Feature",
      "geometry": {
        "type": "Point",
        "coordinates": [
          172.0,
          464.0
        ]
      },
      "properties": {
        "id": "SITE-\u0466",
        "suitability": 71.9256873480276,
        "mean_slope": 6.7046217918396,
        "max_slope": 6.948531150817871,
        "mean_hazard": 0.12501245737075806,
        "shadow_percent": 0.0,
        "decision": "SAFE"
      }
    },
    {
      "type": "Feature",
      "geometry": {
        "type": "Point",
        "coordinates": [
          4.0,
          272.0
        ]
      },
      "properties": {
        "id": "SITE-\u0467",
        "suitability": 71.9249185712418,
        "mean_slope": 6.770261287689209,
        "max_slope": 6.911940097808838,
        "mean_hazard": 0.1236596554517746,
        "shadow_percent": 0.0,
        "decision": "SAFE"
      }
    },
    {
      "type": "Feature",
      "geometry": {
        "type": "Point",
        "coordinates": [
          288.0,
          392.0
        ]
      },
      "properties": {
        "id": "SITE-\u0468",
        "suitability": 71.80473652042802,
        "mean_slope": 6.495962142944336,
        "max_slope": 6.600401401519775,
        "mean_hazard": 0.1301257163286209,
        "shadow_percent": 0.0,
        "decision": "SAFE"
      }
    },
    {
      "type": "Feature",
      "geometry": {
        "type": "Point",
        "coordinates": [
          320.0,
          472.0
        ]
      },
      "properties": {
        "id": "SITE-\u0469",
        "suitability": 71.72820798578222,
        "mean_slope": 6.58671760559082,
        "max_slope": 6.966818332672119,
        "mean_hazard": 0.12894557416439056,
        "shadow_percent": 0.0,
        "decision": "SAFE"
      }
    },
    {
      "type": "Feature",
      "geometry": {
        "type": "Point",
        "coordinates": [
          296.0,
          384.0
        ]
      },
      "properties": {
        "id": "SITE-\u046a",
        "suitability": 71.7155858112823,
        "mean_slope": 6.528606414794922,
        "max_slope": 6.645734786987305,
        "mean_hazard": 0.13077124953269958,
        "shadow_percent": 0.0,
        "decision": "SAFE"
      }
    },
    {
      "type": "Feature",
      "geometry": {
        "type": "Point",
        "coordinates": [
          428.0,
          188.0
        ]
      },
      "properties": {
        "id": "SITE-\u046b",
        "suitability": 71.65617332098986,
        "mean_slope": 6.612917423248291,
        "max_slope": 7.014490604400635,
        "mean_hazard": 0.12961573898792267,
        "shadow_percent": 0.0,
        "decision": "SAFE"
      }
    },
    {
      "type": "Feature",
      "geometry": {
        "type": "Point",
        "coordinates": [
          216.0,
          220.0
        ]
      },
      "properties": {
        "id": "SITE-\u046c",
        "suitability": 71.64512276871852,
        "mean_slope": 6.847020149230957,
        "max_slope": 7.018213748931885,
        "mean_hazard": 0.1250450760126114,
        "shadow_percent": 0.0,
        "decision": "SAFE"
      }
    },
    {
      "type": "Feature",
      "geometry": {
        "type": "Point",
        "coordinates": [
          296.0,
          208.0
        ]
      },
      "properties": {
        "id": "SITE-\u046d",
        "suitability": 71.62483783162351,
        "mean_slope": 6.615289211273193,
        "max_slope": 6.962839126586914,
        "mean_hazard": 0.12937189638614655,
        "shadow_percent": 0.0,
        "decision": "SAFE"
      }
    },
    {
      "type": "Feature",
      "geometry": {
        "type": "Point",
        "coordinates": [
          432.0,
          68.0
        ]
      },
      "properties": {
        "id": "SITE-\u046e",
        "suitability": 71.62406919415044,
        "mean_slope": 6.634244441986084,
        "max_slope": 6.935752868652344,
        "mean_hazard": 0.12922193109989166,
        "shadow_percent": 0.0,
        "decision": "SAFE"
      }
    },
    {
      "type": "Feature",
      "geometry": {
        "type": "Point",
        "coordinates": [
          180.0,
          452.0
        ]
      },
      "properties": {
        "id": "SITE-\u046f",
        "suitability": 71.58836433415195,
        "mean_slope": 6.743609428405762,
        "max_slope": 7.0391926765441895,
        "mean_hazard": 0.12770582735538483,
        "shadow_percent": 0.0,
        "decision": "SAFE"
      }
    },
    {
      "type": "Feature",
      "geometry": {
        "type": "Point",
        "coordinates": [
          304.0,
          376.0
        ]
      },
      "properties": {
        "id": "SITE-\u0470",
        "suitability": 71.52612167056293,
        "mean_slope": 6.572088718414307,
        "max_slope": 6.679666042327881,
        "mean_hazard": 0.13163380324840546,
        "shadow_percent": 0.0,
        "decision": "SAFE"
      }
    },
    {
      "type": "Feature",
      "geometry": {
        "type": "Point",
        "coordinates": [
          288.0,
          4.0
        ]
      },
      "properties": {
        "id": "SITE-\u0471",
        "suitability": 71.50203574360592,
        "mean_slope": 6.892203330993652,
        "max_slope": 7.008447647094727,
        "mean_hazard": 0.1254223734140396,
        "shadow_percent": 0.0,
        "decision": "SAFE"
      }
    },
    {
      "type": "Feature",
      "geometry": {
        "type": "Point",
        "coordinates": [
          456.0,
          44.0
        ]
      },
      "properties": {
        "id": "SITE-\u0472",
        "suitability": 71.30904893408166,
        "mean_slope": 6.690364837646484,
        "max_slope": 6.9972310066223145,
        "mean_hazard": 0.1310252994298935,
        "shadow_percent": 0.0,
        "decision": "SAFE"
      }
    },
    {
      "type": "Feature",
      "geometry": {
        "type": "Point",
        "coordinates": [
          8.0,
          292.0
        ]
      },
      "properties": {
        "id": "SITE-\u0473",
        "suitability": 71.25664598624525,
        "mean_slope": 6.946550369262695,
        "max_slope": 7.068634033203125,
        "mean_hazard": 0.12687677145004272,
        "shadow_percent": 0.0,
        "decision": "SAFE"
      }
    },
    {
      "type": "Feature",
      "geometry": {
        "type": "Point",
        "coordinates": [
          212.0,
          448.0
        ]
      },
      "properties": {
        "id": "SITE-\u0474",
        "suitability": 71.23543414373556,
        "mean_slope": 6.639904022216797,
        "max_slope": 6.694238185882568,
        "mean_hazard": 0.13295148313045502,
        "shadow_percent": 0.0,
        "decision": "SAFE"
      }
    },
    {
      "type": "Feature",
      "geometry": {
        "type": "Point",
        "coordinates": [
          488.0,
          16.0
        ]
      },
      "properties": {
        "id": "SITE-\u0475",
        "suitability": 71.21020737507214,
        "mean_slope": 6.653390407562256,
        "max_slope": 6.980307102203369,
        "mean_hazard": 0.13338309526443481,
        "shadow_percent": 0.0,
        "decision": "SAFE"
      }
    },
    {
      "type": "Feature",
      "geometry": {
        "type": "Point",
        "coordinates": [
          400.0,
          100.0
        ]
      },
      "properties": {
        "id": "SITE-\u0476",
        "suitability": 71.16630529632249,
        "mean_slope": 6.810245513916016,
        "max_slope": 7.091130256652832,
        "mean_hazard": 0.1302359253168106,
        "shadow_percent": 0.0,
        "decision": "SAFE"
      }
    },
    {
      "type": "Feature",
      "geometry": {
        "type": "Point",
        "coordinates": [
          288.0,
          372.0
        ]
      },
      "properties": {
        "id": "SITE-\u0477",
        "suitability": 71.15442417113223,
        "mean_slope": 6.6577348709106445,
        "max_slope": 6.7247138023376465,
        "mean_hazard": 0.13337595760822296,
        "shadow_percent": 0.0,
        "decision": "SAFE"
      }
    },
    {
      "type": "Feature",
      "geometry": {
        "type": "Point",
        "coordinates": [
          360.0,
          76.0
        ]
      },
      "properties": {
        "id": "SITE-\u0478",
        "suitability": 71.13432200532955,
        "mean_slope": 6.911937713623047,
        "max_slope": 7.110281467437744,
        "mean_hazard": 0.1280507594347,
        "shadow_percent": 0.0,
        "decision": "SAFE"
      }
    },
    {
      "type": "Feature",
      "geometry": {
        "type": "Point",
        "coordinates": [
          448.0,
          332.0
        ]
      },
      "properties": {
        "id": "SITE-\u0479",
        "suitability": 71.02856394995604,
        "mean_slope": 6.875570297241211,
        "max_slope": 7.161435604095459,
        "mean_hazard": 0.13073964416980743,
        "shadow_percent": 0.0,
        "decision": "SAFE"
      }
    },
    {
      "type": "Feature",
      "geometry": {
        "type": "Point",
        "coordinates": [
          472.0,
          236.0
        ]
      },
      "properties": {
        "id": "SITE-\u047a",
        "suitability": 70.96892931632188,
        "mean_slope": 6.778416633605957,
        "max_slope": 7.009944915771484,
        "mean_hazard": 0.13343971967697144,
        "shadow_percent": 0.0,
        "decision": "SAFE"
      }
    },
    {
      "type": "Feature",
      "geometry": {
        "type": "Point",
        "coordinates": [
          460.0,
          156.0
        ]
      },
      "properties": {
        "id": "SITE-\u047b",
        "suitability": 70.93258559129974,
        "mean_slope": 6.836424350738525,
        "max_slope": 7.235637187957764,
        "mean_hazard": 0.13237151503562927,
        "shadow_percent": 0.0,
        "decision": "SAFE"
      }
    },
    {
      "type": "Feature",
      "geometry": {
        "type": "Point",
        "coordinates": [
          244.0,
          248.0
        ]
      },
      "properties": {
        "id": "SITE-\u047c",
        "suitability": 70.92067942966311,
        "mean_slope": 7.023167610168457,
        "max_slope": 7.252414703369141,
        "mean_hazard": 0.12867118418216705,
        "shadow_percent": 0.0,
        "decision": "SAFE"
      }
    },
    {
      "type": "Feature",
      "geometry": {
        "type": "Point",
        "coordinates": [
          24.0,
          492.0
        ]
      },
      "properties": {
        "id": "SITE-\u047d",
        "suitability": 70.84051922716553,
        "mean_slope": 6.8245744705200195,
        "max_slope": 7.231250762939453,
        "mean_hazard": 0.13301381468772888,
        "shadow_percent": 0.0,
        "decision": "SAFE"
      }
    },
    {
      "type": "Feature",
      "geometry": {
        "type": "Point",
        "coordinates": [
          312.0,
          368.0
        ]
      },
      "properties": {
        "id": "SITE-\u047e",
        "suitability": 70.83746403063601,
        "mean_slope": 6.777714729309082,
        "max_slope": 6.895626544952393,
        "mean_hazard": 0.13474470376968384,
        "shadow_percent": 0.0,
        "decision": "SAFE"
      }
    },
    {
      "type": "Feature",
      "geometry": {
        "type": "Point",
        "coordinates": [
          8.0,
          8.0
        ]
      },
      "properties": {
        "id": "SITE-\u047f",
        "suitability": 70.80535893910857,
        "mean_slope": 7.064155101776123,
        "max_slope": 7.198428153991699,
        "mean_hazard": 0.12923848628997803,
        "shadow_percent": 0.0,
        "decision": "SAFE"
      }
    },
    {
      "type": "Feature",
      "geometry": {
        "type": "Point",
        "coordinates": [
          288.0,
          336.0
        ]
      },
      "properties": {
        "id": "SITE-\u0480",
        "suitability": 70.79580855913063,
        "mean_slope": 6.80557107925415,
        "max_slope": 7.176332473754883,
        "mean_hazard": 0.133791983127594,
        "shadow_percent": 0.0,
        "decision": "SAFE"
      }
    },
    {
      "type": "Feature",
      "geometry": {
        "type": "Point",
        "coordinates": [
          140.0,
          480.0
        ]
      },
      "properties": {
        "id": "SITE-\u0481",
        "suitability": 70.76569577961642,
        "mean_slope": 6.756344795227051,
        "max_slope": 7.123346328735352,
        "mean_hazard": 0.13485659658908844,
        "shadow_percent": 0.0,
        "decision": "SAFE"
      }
    },
    {
      "type": "Feature",
      "geometry": {
        "type": "Point",
        "coordinates": [
          100.0,
          412.0
        ]
      },
      "properties": {
        "id": "SITE-\u0482",
        "suitability": 70.75461103845753,
        "mean_slope": 6.924771308898926,
        "max_slope": 7.2927727699279785,
        "mean_hazard": 0.13249343633651733,
        "shadow_percent": 0.0,
        "decision": "SAFE"
      }
    },
    {
      "type": "Feature",
      "geometry": {
        "type": "Point",
        "coordinates": [
          212.0,
          476.0
        ]
      },
      "properties": {
        "id": "SITE-\u0483",
        "suitability": 70.70934163423934,
        "mean_slope": 6.910407543182373,
        "max_slope": 7.079885959625244,
        "mean_hazard": 0.1332419514656067,
        "shadow_percent": 0.0,
        "decision": "SAFE"
      }
    },
    {
      "type": "Feature",
      "geometry": {
        "type": "Point",
        "coordinates": [
          388.0,
          224.0
        ]
      },
      "properties": {
        "id": "SITE-\u0484",
        "suitability": 70.64880876910935,
        "mean_slope": 6.783876895904541,
        "max_slope": 7.195119857788086,
        "mean_hazard": 0.13601599633693695,
        "shadow_percent": 0.0,
        "decision": "SAFE"
      }
    },
    {
      "type": "Feature",
      "geometry": {
        "type": "Point",
        "coordinates": [
          452.0,
          168.0
        ]
      },
      "properties": {
        "id": "SITE-\u0485",
        "suitability": 70.63866451343307,
        "mean_slope": 7.0030622482299805,
        "max_slope": 7.364111423492432,
        "mean_hazard": 0.131769597530365,
        "shadow_percent": 0.0,
        "decision": "SAFE"
      }
    },
    {
      "type": "Feature",
      "geometry": {
        "type": "Point",
        "coordinates": [
          440.0,
          260.0
        ]
      },
      "properties": {
        "id": "SITE-\u0486",
        "suitability": 70.63120265863498,
        "mean_slope": 6.7881622314453125,
        "max_slope": 7.034782409667969,
        "mean_hazard": 0.13609308004379272,
        "shadow_percent": 0.0,
        "decision": "SAFE"
      }
    },
    {
      "type": "Feature",
      "geometry": {
        "type": "Point",
        "coordinates": [
          196.0,
          316.0
        ]
      },
      "properties": {
        "id": "SITE-\u0487",
        "suitability": 70.6103372406813,
        "mean_slope": 6.779211521148682,
        "max_slope": 7.189461708068848,
        "mean_hazard": 0.1359524130821228,
        "shadow_percent": 0.0,
        "decision": "SAFE"
      }
    },
    {
      "type": "Feature",
      "geometry": {
        "type": "Point",
        "coordinates": [
          312.0,
          480.0
        ]
      },
      "properties": {
        "id": "SITE-\u0488",
        "suitability": 70.54216291249702,
        "mean_slope": 6.9483747482299805,
        "max_slope": 7.314211845397949,
        "mean_hazard": 0.1338689923286438,
        "shadow_percent": 0.0,
        "decision": "SAFE"
      }
    },
    {
      "type": "Feature",
      "geometry": {
        "type": "Point",
        "coordinates": [
          316.0,
          316.0
        ]
      },
      "properties": {
        "id": "SITE-\u0489",
        "suitability": 70.536754012576,
        "mean_slope": 7.052516460418701,
        "max_slope": 7.361207008361816,
        "mean_hazard": 0.13102395832538605,
        "shadow_percent": 0.0,
        "decision": "SAFE"
      }
    },
    {
      "type": "Feature",
      "geometry": {
        "type": "Point",
        "coordinates": [
          440.0,
          60.0
        ]
      },
      "properties": {
        "id": "SITE-\u048a",
        "suitability": 70.51181879925177,
        "mean_slope": 6.96126651763916,
        "max_slope": 7.247188091278076,
        "mean_hazard": 0.1340065598487854,
        "shadow_percent": 0.0,
        "decision": "SAFE"
      }
    },
    {
      "type": "Feature",
      "geometry": {
        "type": "Point",
        "coordinates": [
          212.0,
          460.0
        ]
      },
      "properties": {
        "id": "SITE-\u048b",
        "suitability": 70.45998014632502,
        "mean_slope": 6.876266956329346,
        "max_slope": 6.993044853210449,
        "mean_hazard": 0.13629817962646484,
        "shadow_percent": 0.0,
        "decision": "SAFE"
      }
    },
    {
      "type": "Feature",
      "geometry": {
        "type": "Point",
        "coordinates": [
          204.0,
          308.0
        ]
      },
      "properties": {
        "id": "SITE-\u048c",
        "suitability": 70.45935952875232,
        "mean_slope": 6.840758800506592,
        "max_slope": 7.242755889892578,
        "mean_hazard": 0.1371309906244278,
        "shadow_percent": 0.0,
        "decision": "SAFE"
      }
    },
    {
      "type": "Feature",
      "geometry": {
        "type": "Point",
        "coordinates": [
          448.0,
          52.0
        ]
      },
      "properties": {
        "id": "SITE-\u048d",
        "suitability": 70.45184211457322,
        "mean_slope": 6.954694747924805,
        "max_slope": 7.249542713165283,
        "mean_hazard": 0.1342686414718628,
        "shadow_percent": 0.0,
        "decision": "SAFE"
      }
    },
    {
      "type": "Feature",
      "geometry": {
        "type": "Point",
        "coordinates": [
          380.0,
          412.0
        ]
      },
      "properties": {
        "id": "SITE-\u048e",
        "suitability": 70.44033537359945,
        "mean_slope": 6.938561916351318,
        "max_slope": 7.287539958953857,
        "mean_hazard": 0.13496802747249603,
        "shadow_percent": 0.0,
        "decision": "SAFE"
      }
    },
    {
      "type": "Feature",
      "geometry": {
        "type": "Point",
        "coordinates": [
          328.0,
          184.0
        ]
      },
      "properties": {
        "id": "SITE-\u048f",
        "suitability": 70.433556939394,
        "mean_slope": 6.8574981689453125,
        "max_slope": 7.229962348937988,
        "mean_hazard": 0.13707251846790314,
        "shadow_percent": 0.0,
        "decision": "SAFE"
      }
    },
    {
      "type": "Feature",
      "geometry": {
        "type": "Point",
        "coordinates": [
          448.0,
          252.0
        ]
      },
      "properties": {
        "id": "SITE-\u0490",
        "suitability": 70.42305762297856,
        "mean_slope": 6.838878154754639,
        "max_slope": 7.079113960266113,
        "mean_hazard": 0.13709284365177155,
        "shadow_percent": 0.0,
        "decision": "SAFE"
      }
    },
    {
      "type": "Feature",
      "geometry": {
        "type": "Point",
        "coordinates": [
          300.0,
          364.0
        ]
      },
      "properties": {
        "id": "SITE-\u0491",
        "suitability": 70.41762581253599,
        "mean_slope": 6.829442977905273,
        "max_slope": 6.9022722244262695,
        "mean_hazard": 0.1364562064409256,
        "shadow_percent": 0.0,
        "decision": "SAFE"
      }
    },
    {
      "type": "Feature",
      "geometry": {
        "type": "Point",
        "coordinates": [
          312.0,
          196.0
        ]
      },
      "properties": {
        "id": "SITE-\u0492",
        "suitability": 70.32879648705541,
        "mean_slope": 6.948065280914307,
        "max_slope": 7.305230140686035,
        "mean_hazard": 0.13603541254997253,
        "shadow_percent": 0.0,
        "decision": "SAFE"
      }
    },
    {
      "type": "Feature",
      "geometry": {
        "type": "Point",
        "coordinates": [
          212.0,
          300.0
        ]
      },
      "properties": {
        "id": "SITE-\u0493",
        "suitability": 70.29038338519965,
        "mean_slope": 6.88300895690918,
        "max_slope": 7.291738986968994,
        "mean_hazard": 0.13800132274627686,
        "shadow_percent": 0.0,
        "decision": "SAFE"
      }
    },
    {
      "type": "Feature",
      "geometry": {
        "type": "Point",
        "coordinates": [
          464.0,
          324.0
        ]
      },
      "properties": {
        "id": "SITE-\u0494",
        "suitability": 70.27856353456616,
        "mean_slope": 6.929265975952148,
        "max_slope": 7.279475212097168,
        "mean_hazard": 0.13650071620941162,
        "shadow_percent": 0.0,
        "decision": "SAFE"
      }
    },
    {
      "type": "Feature",
      "geometry": {
        "type": "Point",
        "coordinates": [
          388.0,
          400.0
        ]
      },
      "properties": {
        "id": "SITE-\u0495",
        "suitability": 70.24966518811112,
        "mean_slope": 7.059909820556641,
        "max_slope": 7.385897159576416,
        "mean_hazard": 0.1344747245311737,
        "shadow_percent": 0.0,
        "decision": "SAFE"
      }
    },
    {
      "type": "Feature",
      "geometry": {
        "type": "Point",
        "coordinates": [
          456.0,
          244.0
        ]
      },
      "properties": {
        "id": "SITE-\u0496",
        "suitability": 70.21553668740371,
        "mean_slope": 6.888522148132324,
        "max_slope": 7.137933731079102,
        "mean_hazard": 0.1380370855331421,
        "shadow_percent": 0.0,
        "decision": "SAFE"
      }
    },
    {
      "type": "Feature",
      "geometry": {
        "type": "Point",
        "coordinates": [
          432.0,
          356.0
        ]
      },
      "properties": {
        "id": "SITE-\u0497",
        "suitability": 70.16926847323319,
        "mean_slope": 7.021511077880859,
        "max_slope": 7.36005163192749,
        "mean_hazard": 0.1363295018672943,
        "shadow_percent": 0.0,
        "decision": "SAFE"
      }
    },
    {
      "type": "Feature",
      "geometry": {
        "type": "Point",
        "coordinates": [
          284.0,
          228.0
        ]
      },
      "properties": {
        "id": "SITE-\u0498",
        "suitability": 70.10693048833788,
        "mean_slope": 6.9286651611328125,
        "max_slope": 7.317201614379883,
        "mean_hazard": 0.13896897435188293,
        "shadow_percent": 0.0,
        "decision": "SAFE"
      }
    },
    {
      "type": "Feature",
      "geometry": {
        "type": "Point",
        "coordinates": [
          436.0,
          180.0
        ]
      },
      "properties": {
        "id": "SITE-\u0499",
        "suitability": 70.09902082134774,
        "mean_slope": 7.078678607940674,
        "max_slope": 7.456667423248291,
        "mean_hazard": 0.13577374815940857,
        "shadow_percent": 0.0,
        "decision": "SAFE"
      }
    },
    {
      "type": "Feature",
      "geometry": {
        "type": "Point",
        "coordinates": [
          220.0,
          292.0
        ]
      },
      "properties": {
        "id": "SITE-\u049a",
        "suitability": 70.04127035306398,
        "mean_slope": 6.930868148803711,
        "max_slope": 7.339088439941406,
        "mean_hazard": 0.1389104723930359,
        "shadow_percent": 0.0,
        "decision": "SAFE"
      }
    },
    {
      "type": "Feature",
      "geometry": {
        "type": "Point",
        "coordinates": [
          392.0,
          108.0
        ]
      },
      "properties": {
        "id": "SITE-\u049b",
        "suitability": 69.99544851827098,
        "mean_slope": 7.164478778839111,
        "max_slope": 7.428016662597656,
        "mean_hazard": 0.13471683859825134,
        "shadow_percent": 0.0,
        "decision": "SAFE"
      }
    },
    {
      "type": "Feature",
      "geometry": {
        "type": "Point",
        "coordinates": [
          40.0,
          480.0
        ]
      },
      "properties": {
        "id": "SITE-\u049c",
        "suitability": 69.96443638109984,
        "mean_slope": 7.0070719718933105,
        "max_slope": 7.410445690155029,
        "mean_hazard": 0.138358473777771,
        "shadow_percent": 0.0,
        "decision": "SAFE"
      }
    },
    {
      "type": "Feature",
      "geometry": {
        "type": "Point",
        "coordinates": [
          420.0,
          376.0
        ]
      },
      "properties": {
        "id": "SITE-\u049d",
        "suitability": 69.8875107857943,
        "mean_slope": 6.985074996948242,
        "max_slope": 7.372976303100586,
        "mean_hazard": 0.14003917574882507,
        "shadow_percent": 0.0,
        "decision": "SAFE"
      }
    },
    {
      "type": "Feature",
      "geometry": {
        "type": "Point",
        "coordinates": [
          200.0,
          492.0
        ]
      },
      "properties": {
        "id": "SITE-\u049e",
        "suitability": 69.87681259668291,
        "mean_slope": 7.200136661529541,
        "max_slope": 7.385500431060791,
        "mean_hazard": 0.13569022715091705,
        "shadow_percent": 0.0,
        "decision": "SAFE"
      }
    },
    {
      "type": "Feature",
      "geometry": {
        "type": "Point",
        "coordinates": [
          348.0,
          452.0
        ]
      },
      "properties": {
        "id": "SITE-\u049f",
        "suitability": 69.86984412963238,
        "mean_slope": 6.9764723777771,
        "max_slope": 7.372949123382568,
        "mean_hazard": 0.13978809118270874,
        "shadow_percent": 0.0,
        "decision": "SAFE"
      }
    },
    {
      "type": "Feature",
      "geometry": {
        "type": "Point",
        "coordinates": [
          376.0,
          236.0
        ]
      },
      "properties": {
        "id": "SITE-\u04a0",
        "suitability": 69.71581479950451,
        "mean_slope": 7.037291049957275,
        "max_slope": 7.460938930511475,
        "mean_hazard": 0.14005506038665771,
        "shadow_percent": 0.0,
        "decision": "SAFE"
      }
    },
    {
      "type": "Feature",
      "geometry": {
        "type": "Point",
        "coordinates": [
          292.0,
          220.0
        ]
      },
      "properties": {
        "id": "SITE-\u04a1",
        "suitability": 69.70274953330876,
        "mean_slope": 7.054140090942383,
        "max_slope": 7.441489219665527,
        "mean_hazard": 0.1404956728219986,
        "shadow_percent": 0.0,
        "decision": "SAFE"
      }
    },
    {
      "type": "Feature",
      "geometry": {
        "type": "Point",
        "coordinates": [
          228.0,
          284.0
        ]
      },
      "properties": {
        "id": "SITE-\u04a2",
        "suitability": 69.33268817942167,
        "mean_slope": 7.146121025085449,
        "max_slope": 7.538596153259277,
        "mean_hazard": 0.14199811220169067,
        "shadow_percent": 0.0,
        "decision": "SAFE"
      }
    },
    {
      "type": "Feature",
      "geometry": {
        "type": "Point",
        "coordinates": [
          308.0,
          356.0
        ]
      },
      "properties": {
        "id": "SITE-\u04a3",
        "suitability": 69.32349928357127,
        "mean_slope": 7.160931587219238,
        "max_slope": 7.275960445404053,
        "mean_hazard": 0.14128734171390533,
        "shadow_percent": 0.0,
        "decision": "SAFE"
      }
    },
    {
      "type": "Feature",
      "geometry": {
        "type": "Point",
        "coordinates": [
          172.0,
          492.0
        ]
      },
      "properties": {
        "id": "SITE-\u04a4",
        "suitability": 69.29120429954824,
        "mean_slope": 7.225019931793213,
        "max_slope": 7.354471683502197,
        "mean_hazard": 0.14113087952136993,
        "shadow_percent": 0.0,
        "decision": "SAFE"
      }
    },
    {
      "type": "Feature",
      "geometry": {
        "type": "Point",
        "coordinates": [
          296.0,
          328.0
        ]
      },
      "properties": {
        "id": "SITE-\u04a5",
        "suitability": 69.27853873153089,
        "mean_slope": 7.275597095489502,
        "max_slope": 7.6321306228637695,
        "mean_hazard": 0.13985413312911987,
        "shadow_percent": 0.0,
        "decision": "SAFE"
      }
    },
    {
      "type": "Feature",
      "geometry": {
        "type": "Point",
        "coordinates": [
          320.0,
          360.0
        ]
      },
      "properties": {
        "id": "SITE-\u04a6",
        "suitability": 69.26983296535676,
        "mean_slope": 7.221275806427002,
        "max_slope": 7.3582658767700195,
        "mean_hazard": 0.14111799001693726,
        "shadow_percent": 0.0,
        "decision": "SAFE"
      }
    },
    {
      "type": "Feature",
      "geometry": {
        "type": "Point",
        "coordinates": [
          480.0,
          228.0
        ]
      },
      "properties": {
        "id": "SITE-\u04a7",
        "suitability": 69.2598823894769,
        "mean_slope": 7.261396884918213,
        "max_slope": 7.4876389503479,
        "mean_hazard": 0.14011627435684204,
        "shadow_percent": 0.0,
        "decision": "SAFE"
      }
    },
    {
      "type": "Feature",
      "geometry": {
        "type": "Point",
        "coordinates": [
          276.0,
          236.0
        ]
      },
      "properties": {
        "id": "SITE-\u04a8",
        "suitability": 69.13572436462998,
        "mean_slope": 7.203190803527832,
        "max_slope": 7.563511848449707,
        "mean_hazard": 0.14281389117240906,
        "shadow_percent": 0.0,
        "decision": "SAFE"
      }
    },
    {
      "type": "Feature",
      "geometry": {
        "type": "Point",
        "coordinates": [
          108.0,
          404.0
        ]
      },
      "properties": {
        "id": "SITE-\u04a9",
        "suitability": 69.08746376307812,
        "mean_slope": 7.386364936828613,
        "max_slope": 7.734835147857666,
        "mean_hazard": 0.13904109597206116,
        "shadow_percent": 0.0,
        "decision": "SAFE"
      }
    },
    {
      "type": "Feature",
      "geometry": {
        "type": "Point",
        "coordinates": [
          128.0,
          388.0
        ]
      },
      "properties": {
        "id": "SITE-\u04aa",
        "suitability": 68.96592324661486,
        "mean_slope": 7.332963943481445,
        "max_slope": 7.7083024978637695,
        "mean_hazard": 0.1420707404613495,
        "shadow_percent": 0.0,
        "decision": "SAFE"
      }
    },
    {
      "type": "Feature",
      "geometry": {
        "type": "Point",
        "coordinates": [
          360.0,
          156.0
        ]
      },
      "properties": {
        "id": "SITE-\u04ab",
        "suitability": 68.8388875395149,
        "mean_slope": 6.9723663330078125,
        "max_slope": 11.386298179626465,
        "mean_hazard": 0.14656756818294525,
        "shadow_percent": 0.0,
        "decision": "CONDITIONAL"
      }
    },
    {
      "type": "Feature",
      "geometry": {
        "type": "Point",
        "coordinates": [
          480.0,
          128.0
        ]
      },
      "properties": {
        "id": "SITE-\u04ac",
        "suitability": 68.8250995323982,
        "mean_slope": 7.284481048583984,
        "max_slope": 7.689049243927002,
        "mean_hazard": 0.14437681436538696,
        "shadow_percent": 0.0,
        "decision": "SAFE"
      }
    },
    {
      "type": "Feature",
      "geometry": {
        "type": "Point",
        "coordinates": [
          492.0,
          220.0
        ]
      },
      "properties": {
        "id": "SITE-\u04ad",
        "suitability": 68.80622641385277,
        "mean_slope": 7.459589958190918,
        "max_slope": 7.676351070404053,
        "mean_hazard": 0.14111913740634918,
        "shadow_percent": 0.0,
        "decision": "SAFE"
      }
    },
    {
      "type": "Feature",
      "geometry": {
        "type": "Point",
        "coordinates": [
          304.0,
          492.0
        ]
      },
      "properties": {
        "id": "SITE-\u04ae",
        "suitability": 68.75539297041259,
        "mean_slope": 7.400568962097168,
        "max_slope": 7.762508869171143,
        "mean_hazard": 0.142755389213562,
        "shadow_percent": 0.0,
        "decision": "SAFE"
      }
    },
    {
      "type": "Feature",
      "geometry": {
        "type": "Point",
        "coordinates": [
          204.0,
          468.0
        ]
      },
      "properties": {
        "id": "SITE-\u04af",
        "suitability": 68.73002407891136,
        "mean_slope": 7.382983207702637,
        "max_slope": 7.506235122680664,
        "mean_hazard": 0.14315453171730042,
        "shadow_percent": 0.0,
        "decision": "SAFE"
      }
    },
    {
      "type": "Feature",
      "geometry": {
        "type": "Point",
        "coordinates": [
          492.0,
          120.0
        ]
      },
      "properties": {
        "id": "SITE-\u04b0",
        "suitability": 68.72867149132925,
        "mean_slope": 7.362203598022461,
        "max_slope": 7.757938385009766,
        "mean_hazard": 0.14254143834114075,
        "shadow_percent": 0.0,
        "decision": "SAFE"
      }
    },
    {
      "type": "Feature",
      "geometry": {
        "type": "Point",
        "coordinates": [
          332.0,
          356.0
        ]
      },
      "properties": {
        "id": "SITE-\u04b1",
        "suitability": 68.65285407585293,
        "mean_slope": 7.446552276611328,
        "max_slope": 7.6057209968566895,
        "mean_hazard": 0.1425355225801468,
        "shadow_percent": 0.0,
        "decision": "SAFE"
      }
    },
    {
      "type": "Feature",
      "geometry": {
        "type": "Point",
        "coordinates": [
          188.0,
          492.0
        ]
      },
      "properties": {
        "id": "SITE-\u04b2",
        "suitability": 68.61461036438355,
        "mean_slope": 7.4660444259643555,
        "max_slope": 7.573287010192871,
        "mean_hazard": 0.14283697307109833,
        "shadow_percent": 0.0,
        "decision": "SAFE"
      }
    },
    {
      "type": "Feature",
      "geometry": {
        "type": "Point",
        "coordinates": [
          440.0,
          348.0
        ]
      },
      "properties": {
        "id": "SITE-\u04b3",
        "suitability": 68.59097631134463,
        "mean_slope": 7.476896286010742,
        "max_slope": 7.803454875946045,
        "mean_hazard": 0.14288192987442017,
        "shadow_percent": 0.0,
        "decision": "SAFE"
      }
    },
    {
      "type": "Feature",
      "geometry": {
        "type": "Point",
        "coordinates": [
          484.0,
          28.0
        ]
      },
      "properties": {
        "id": "SITE-\u04b4",
        "suitability": 68.56116455642002,
        "mean_slope": 7.292207717895508,
        "max_slope": 7.629025459289551,
        "mean_hazard": 0.14631786942481995,
        "shadow_percent": 0.0,
        "decision": "SAFE"
      }
    },
    {
      "type": "Feature",
      "geometry": {
        "type": "Point",
        "coordinates": [
          424.0,
          92.0
        ]
      },
      "properties": {
        "id": "SITE-\u04b5",
        "suitability": 68.37820153879512,
        "mean_slope": 7.349115371704102,
        "max_slope": 7.701923847198486,
        "mean_hazard": 0.14742203056812286,
        "shadow_percent": 0.0,
        "decision": "SAFE"
      }
    },
    {
      "type": "Feature",
      "geometry": {
        "type": "Point",
        "coordinates": [
          484.0,
          312.0
        ]
      },
      "properties": {
        "id": "SITE-\u04b6",
        "suitability": 68.35022887448918,
        "mean_slope": 7.360735893249512,
        "max_slope": 7.728597640991211,
        "mean_hazard": 0.14767660200595856,
        "shadow_percent": 0.0,
        "decision": "SAFE"
      }
    },
    {
      "type": "Feature",
      "geometry": {
        "type": "Point",
        "coordinates": [
          492.0,
          304.0
        ]
      },
      "properties": {
        "id": "SITE-\u04b7",
        "suitability": 68.26650016003603,
        "mean_slope": 7.375084400177002,
        "max_slope": 7.744114875793457,
        "mean_hazard": 0.14799337089061737,
        "shadow_percent": 0.0,
        "decision": "SAFE"
      }
    },
    {
      "type": "Feature",
      "geometry": {
        "type": "Point",
        "coordinates": [
          276.0,
          340.0
        ]
      },
      "properties": {
        "id": "SITE-\u04b8",
        "suitability": 68.25434625371784,
        "mean_slope": 7.311182022094727,
        "max_slope": 7.713600158691406,
        "mean_hazard": 0.14616870880126953,
        "shadow_percent": 0.0,
        "decision": "SAFE"
      }
    },
    {
      "type": "Feature",
      "geometry": {
        "type": "Point",
        "coordinates": [
          360.0,
          444.0
        ]
      },
      "properties": {
        "id": "SITE-\u04b9",
        "suitability": 68.19376070285577,
        "mean_slope": 7.3998613357543945,
        "max_slope": 7.80381441116333,
        "mean_hazard": 0.14835791289806366,
        "shadow_percent": 0.0,
        "decision": "SAFE"
      }
    },
    {
      "type": "Feature",
      "geometry": {
        "type": "Point",
        "coordinates": [
          476.0,
          320.0
        ]
      },
      "properties": {
        "id": "SITE-\u04ba",
        "suitability": 68.17321796591115,
        "mean_slope": 7.410923957824707,
        "max_slope": 7.786293029785156,
        "mean_hazard": 0.14821262657642365,
        "shadow_percent": 0.0,
        "decision": "SAFE"
      }
    },
    {
      "type": "Feature",
      "geometry": {
        "type": "Point",
        "coordinates": [
          200.0,
          480.0
        ]
      },
      "properties": {
        "id": "SITE-\u04bb",
        "suitability": 68.16801550123384,
        "mean_slope": 7.599872589111328,
        "max_slope": 7.703914165496826,
        "mean_hazard": 0.14476478099822998,
        "shadow_percent": 0.0,
        "decision": "SAFE"
      }
    },
    {
      "type": "Feature",
      "geometry": {
        "type": "Point",
        "coordinates": [
          256.0,
          248.0
        ]
      },
      "properties": {
        "id": "SITE-\u04bc",
        "suitability": 68.1256821530336,
        "mean_slope": 7.648599147796631,
        "max_slope": 7.9688801765441895,
        "mean_hazard": 0.14387257397174835,
        "shadow_percent": 0.0,
        "decision": "SAFE"
      }
    },
    {
      "type": "Feature",
      "geometry": {
        "type": "Point",
        "coordinates": [
          404.0,
          392.0
        ]
      },
      "properties": {
        "id": "SITE-\u04bd",
        "suitability": 68.0300407221211,
        "mean_slope": 7.559990882873535,
        "max_slope": 7.900104522705078,
        "mean_hazard": 0.1469814032316208,
        "shadow_percent": 0.0,
        "decision": "SAFE"
      }
    },
    {
      "type": "Feature",
      "geometry": {
        "type": "Point",
        "coordinates": [
          468.0,
          136.0
        ]
      },
      "properties": {
        "id": "SITE-\u04be",
        "suitability": 67.99590169496103,
        "mean_slope": 7.439158916473389,
        "max_slope": 7.84991979598999,
        "mean_hazard": 0.1492689996957779,
        "shadow_percent": 0.0,
        "decision": "SAFE"
      }
    },
    {
      "type": "Feature",
      "geometry": {
        "type": "Point",
        "coordinates": [
          244.0,
          260.0
        ]
      },
      "properties": {
        "id": "SITE-\u04bf",
        "suitability": 67.98780896168975,
        "mean_slope": 7.681283473968506,
        "max_slope": 7.990363597869873,
        "mean_hazard": 0.14428552985191345,
        "shadow_percent": 0.0,
        "decision": "SAFE"
      }
    },
    {
      "type": "Feature",
      "geometry": {
        "type": "Point",
        "coordinates": [
          120.0,
          492.0
        ]
      },
      "properties": {
        "id": "SITE-\u04c0",
        "suitability": 67.97033061507483,
        "mean_slope": 7.461345672607422,
        "max_slope": 7.820466995239258,
        "mean_hazard": 0.14950907230377197,
        "shadow_percent": 0.0,
        "decision": "SAFE"
      }
    },
    {
      "type": "Feature",
      "geometry": {
        "type": "Point",
        "coordinates": [
          360.0,
          360.0
        ]
      },
      "properties": {
        "id": "SITE-\u04c1",
        "suitability": 67.94178308523803,
        "mean_slope": 6.057559013366699,
        "max_slope": 6.343801498413086,
        "mean_hazard": 0.134287029504776,
        "shadow_percent": 0.0,
        "decision": "CONDITIONAL"
      }
    },
    {
      "type": "Feature",
      "geometry": {
        "type": "Point",
        "coordinates": [
          148.0,
          468.0
        ]
      },
      "properties": {
        "id": "SITE-\u04c2",
        "suitability": 67.92094573227433,
        "mean_slope": 7.554980278015137,
        "max_slope": 7.904059410095215,
        "mean_hazard": 0.14810538291931152,
        "shadow_percent": 0.0,
        "decision": "SAFE"
      }
    },
    {
      "type": "Feature",
      "geometry": {
        "type": "Point",
        "coordinates": [
          236.0,
          276.0
        ]
      },
      "properties": {
        "id": "SITE-\u04c3",
        "suitability": 67.79471637254433,
        "mean_slope": 7.603559970855713,
        "max_slope": 7.977611064910889,
        "mean_hazard": 0.1483110934495926,
        "shadow_percent": 0.0,
        "decision": "SAFE"
      }
    },
    {
      "type": "Feature",
      "geometry": {
        "type": "Point",
        "coordinates": [
          180.0,
          484.0
        ]
      },
      "properties": {
        "id": "SITE-\u04c4",
        "suitability": 67.76587491836086,
        "mean_slope": 7.668410778045654,
        "max_slope": 7.754288673400879,
        "mean_hazard": 0.14721111953258514,
        "shadow_percent": 0.0,
        "decision": "SAFE"
      }
    },
    {
      "type": "Feature",
      "geometry": {
        "type": "Point",
        "coordinates": [
          460.0,
          232.0
        ]
      },
      "properties": {
        "id": "SITE-\u04c5",
        "suitability": 67.7578908687577,
        "mean_slope": 7.534482002258301,
        "max_slope": 7.721496105194092,
        "mean_hazard": 0.15007032454013824,
        "shadow_percent": 0.0,
        "decision": "CONDITIONAL"
      }
    },
    {
      "type": "Feature",
      "geometry": {
        "type": "Point",
        "coordinates": [
          432.0,
          84.0
        ]
      },
      "properties": {
        "id": "SITE-\u04c6",
        "suitability": 67.75294393097629,
        "mean_slope": 7.525839328765869,
        "max_slope": 7.881227016448975,
        "mean_hazard": 0.1500944048166275,
        "shadow_percent": 0.0,
        "decision": "CONDITIONAL"
      }
    },
    {
      "type": "Feature",
      "geometry": {
        "type": "Point",
        "coordinates": [
          180.0,
          436.0
        ]
      },
      "properties": {
        "id": "SITE-\u04c7",
        "suitability": 67.65461021445375,
        "mean_slope": 7.550621509552002,
        "max_slope": 7.926121711730957,
        "mean_hazard": 0.14846500754356384,
        "shadow_percent": 0.0,
        "decision": "SAFE"
      }
    },
    {
      "type": "Feature",
      "geometry": {
        "type": "Point",
        "coordinates": [
          416.0,
          100.0
        ]
      },
      "properties": {
        "id": "SITE-\u04c8",
        "suitability": 67.65354716526643,
        "mean_slope": 7.579668045043945,
        "max_slope": 7.923028469085693,
        "mean_hazard": 0.15023376047611237,
        "shadow_percent": 0.0,
        "decision": "CONDITIONAL"
      }
    },
    {
      "type": "Feature",
      "geometry": {
        "type": "Point",
        "coordinates": [
          348.0,
          172.0
        ]
      },
      "properties": {
        "id": "SITE-\u04c9",
        "suitability": 67.61342786351321,
        "mean_slope": 7.543670177459717,
        "max_slope": 7.9254631996154785,
        "mean_hazard": 0.151161327958107,
        "shadow_percent": 0.0,
        "decision": "CONDITIONAL"
      }
    },
    {
      "type": "Feature",
      "geometry": {
        "type": "Point",
        "coordinates": [
          120.0,
          396.0
        ]
      },
      "properties": {
        "id": "SITE-\u04ca",
        "suitability": 67.6109282836238,
        "mean_slope": 7.740604400634766,
        "max_slope": 8.092309951782227,
        "mean_hazard": 0.14716796576976776,
        "shadow_percent": 0.0,
        "decision": "CONDITIONAL"
      }
    },
    {
      "type": "Feature",
      "geometry": {
        "type": "Point",
        "coordinates": [
          64.0,
          464.0
        ]
      },
      "properties": {
        "id": "SITE-\u04cb",
        "suitability": 67.60737953381522,
        "mean_slope": 7.539003849029541,
        "max_slope": 7.947197914123535,
        "mean_hazard": 0.15120306611061096,
        "shadow_percent": 0.0,
        "decision": "CONDITIONAL"
      }
    },
    {
      "type": "Feature",
      "geometry": {
        "type": "Point",
        "coordinates": [
          316.0,
          304.0
        ]
      },
      "properties": {
        "id": "SITE-\u04cc",
        "suitability": 67.60036015269748,
        "mean_slope": 7.736021041870117,
        "max_slope": 8.109946250915527,
        "mean_hazard": 0.1476895809173584,
        "shadow_percent": 0.0,
        "decision": "CONDITIONAL"
      }
    },
    {
      "type": "Feature",
      "geometry": {
        "type": "Point",
        "coordinates": [
          160.0,
          460.0
        ]
      },
      "properties": {
        "id": "SITE-\u04cd",
        "suitability": 67.57271820015211,
        "mean_slope": 7.735602855682373,
        "max_slope": 8.05278205871582,
        "mean_hazard": 0.14807674288749695,
        "shadow_percent": 0.0,
        "decision": "CONDITIONAL"
      }
    },
    {
      "type": "Feature",
      "geometry": {
        "type": "Point",
        "coordinates": [
          144.0,
          380.0
        ]
      },
      "properties": {
        "id": "SITE-\u04ce",
        "suitability": 67.56293336563455,
        "mean_slope": 7.566761493682861,
        "max_slope": 7.960573196411133,
        "mean_hazard": 0.15155726671218872,
        "shadow_percent": 0.0,
        "decision": "CONDITIONAL"
      }
    },
    {
      "type": "Feature",
      "geometry": {
        "type": "Point",
        "coordinates": [
          84.0,
          444.0
        ]
      },
      "properties": {
        "id": "SITE-\u04cf",
        "suitability": 67.53465873778484,
        "mean_slope": 7.566098213195801,
        "max_slope": 7.958037376403809,
        "mean_hazard": 0.15179410576820374,
        "shadow_percent": 0.0,
        "decision": "CONDITIONAL"
      }
    },
    {
      "type": "Feature",
      "geometry": {
        "type": "Point",
        "coordinates": [
          56.0,
          472.0
        ]
      },
      "properties": {
        "id": "SITE-\u04d0",
        "suitability": 67.5241054074464,
        "mean_slope": 7.5506768226623535,
        "max_slope": 7.951611042022705,
        "mean_hazard": 0.15135282278060913,
        "shadow_percent": 0.0,
        "decision": "CONDITIONAL"
      }
    },
    {
      "type": "Feature",
      "geometry": {
        "type": "Point",
        "coordinates": [
          72.0,
          456.0
        ]
      },
      "properties": {
        "id": "SITE-\u04d1",
        "suitability": 67.47356880006991,
        "mean_slope": 7.579870700836182,
        "max_slope": 7.980994701385498,
        "mean_hazard": 0.1518171727657318,
        "shadow_percent": 0.0,
        "decision": "CONDITIONAL"
      }
    },
    {
      "type": "Feature",
      "geometry": {
        "type": "Point",
        "coordinates": [
          392.0,
          212.0
        ]
      },
      "properties": {
        "id": "SITE-\u04d2",
        "suitability": 67.39898694469773,
        "mean_slope": 7.59764289855957,
        "max_slope": 7.988161087036133,
        "mean_hazard": 0.15230140089988708,
        "shadow_percent": 0.0,
        "decision": "CONDITIONAL"
      }
    },
    {
      "type": "Feature",
      "geometry": {
        "type": "Point",
        "coordinates": [
          192.0,
          472.0
        ]
      },
      "properties": {
        "id": "SITE-\u04d3",
        "suitability": 67.31784642627153,
        "mean_slope": 7.801044464111328,
        "max_slope": 7.855140686035156,
        "mean_hazard": 0.14905403554439545,
        "shadow_percent": 0.0,
        "decision": "SAFE"
      }
    },
    {
      "type": "Feature",
      "geometry": {
        "type": "Point",
        "coordinates": [
          432.0,
          252.0
        ]
      },
      "properties": {
        "id": "SITE-\u04d4",
        "suitability": 67.29326652379974,
        "mean_slope": 7.620760917663574,
        "max_slope": 7.766564846038818,
        "mean_hazard": 0.1528533399105072,
        "shadow_percent": 0.0,
        "decision": "CONDITIONAL"
      }
    },
    {
      "type": "Feature",
      "geometry": {
        "type": "Point",
        "coordinates": [
          92.0,
          436.0
        ]
      },
      "properties": {
        "id": "SITE-\u04d5",
        "suitability": 67.23544634086436,
        "mean_slope": 7.636857509613037,
        "max_slope": 8.030137062072754,
        "mean_hazard": 0.1529150754213333,
        "shadow_percent": 0.0,
        "decision": "CONDITIONAL"
      }
    },
    {
      "type": "Feature",
      "geometry": {
        "type": "Point",
        "coordinates": [
          268.0,
          244.0
        ]
      },
      "properties": {
        "id": "SITE-\u04d6",
        "suitability": 67.16651465055871,
        "mean_slope": 7.77692985534668,
        "max_slope": 8.137084007263184,
        "mean_hazard": 0.15067395567893982,
        "shadow_percent": 0.0,
        "decision": "CONDITIONAL"
      }
    },
    {
      "type": "Feature",
      "geometry": {
        "type": "Point",
        "coordinates": [
          168.0,
          452.0
        ]
      },
      "properties": {
        "id": "SITE-\u04d7",
        "suitability": 67.16281185722514,
        "mean_slope": 7.842763900756836,
        "max_slope": 8.174310684204102,
        "mean_hazard": 0.1496296525001526,
        "shadow_percent": 0.0,
        "decision": "CONDITIONAL"
      }
    },
    {
      "type": "Feature",
      "geometry": {
        "type": "Point",
        "coordinates": [
          152.0,
          372.0
        ]
      },
      "properties": {
        "id": "SITE-\u04d8",
        "suitability": 67.09419999810078,
        "mean_slope": 7.657642364501953,
        "max_slope": 8.066629409790039,
        "mean_hazard": 0.15325184166431427,
        "shadow_percent": 0.0,
        "decision": "CONDITIONAL"
      }
    },
    {
      "type": "Feature",
      "geometry": {
        "type": "Point",
        "coordinates": [
          320.0,
          348.0
        ]
      },
      "properties": {
        "id": "SITE-\u04d9",
        "suitability": 67.0918189882968,
        "mean_slope": 7.80496072769165,
        "max_slope": 7.9371113777160645,
        "mean_hazard": 0.15062262117862701,
        "shadow_percent": 0.0,
        "decision": "CONDITIONAL"
      }
    },
    {
      "type": "Feature",
      "geometry": {
        "type": "Point",
        "coordinates": [
          476.0,
          40.0
        ]
      },
      "properties": {
        "id": "SITE-\u04da",
        "suitability": 67.07463072059274,
        "mean_slope": 7.661629676818848,
        "max_slope": 8.005936622619629,
        "mean_hazard": 0.15340332686901093,
        "shadow_percent": 0.0,
        "decision": "CONDITIONAL"
      }
    },
    {
      "type": "Feature",
      "geometry": {
        "type": "Point",
        "coordinates": [
          376.0,
          148.0
        ]
      },
      "properties": {
        "id": "SITE-\u04db",
        "suitability": 67.06115296921612,
        "mean_slope": 7.616264820098877,
        "max_slope": 8.323238372802734,
        "mean_hazard": 0.15372198820114136,
        "shadow_percent": 0.0,
        "decision": "CONDITIONAL"
      }
    },
    {
      "type": "Feature",
      "geometry": {
        "type": "Point",
        "coordinates": [
          440.0,
          244.0
        ]
      },
      "properties": {
        "id": "SITE-\u04dc",
        "suitability": 67.06103962562862,
        "mean_slope": 7.669261455535889,
        "max_slope": 7.80955696105957,
        "mean_hazard": 0.1538744866847992,
        "shadow_percent": 0.0,
        "decision": "CONDITIONAL"
      }
    },
    {
      "type": "Feature",
      "geometry": {
        "type": "Point",
        "coordinates": [
          308.0,
          208.0
        ]
      },
      "properties": {
        "id": "SITE-\u04dd",
        "suitability": 67.0361420085087,
        "mean_slope": 7.769150257110596,
        "max_slope": 8.143526077270508,
        "mean_hazard": 0.15241116285324097,
        "shadow_percent": 0.0,
        "decision": "CONDITIONAL"
      }
    },
    {
      "type": "Feature",
      "geometry": {
        "type": "Point",
        "coordinates": [
          448.0,
          236.0
        ]
      },
      "properties": {
        "id": "SITE-\u04de",
        "suitability": 66.88626168630141,
        "mean_slope": 7.718623638153076,
        "max_slope": 7.857044696807861,
        "mean_hazard": 0.15482556819915771,
        "shadow_percent": 0.0,
        "decision": "CONDITIONAL"
      }
    },
    {
      "type": "Feature",
      "geometry": {
        "type": "Point",
        "coordinates": [
          388.0,
          120.0
        ]
      },
      "properties": {
        "id": "SITE-\u04df",
        "suitability": 66.8649732262914,
        "mean_slope": 7.6396803855896,
        "max_slope": 7.947988510131836,
        "mean_hazard": 0.15424296259880066,
        "shadow_percent": 0.0,
        "decision": "CONDITIONAL"
      }
    },
    {
      "type": "Feature",
      "geometry": {
        "type": "Point",
        "coordinates": [
          344.0,
          464.0
        ]
      },
      "properties": {
        "id": "SITE-\u04e0",
        "suitability": 66.79855728444922,
        "mean_slope": 7.748384952545166,
        "max_slope": 8.130151748657227,
        "mean_hazard": 0.15548823773860931,
        "shadow_percent": 0.0,
        "decision": "CONDITIONAL"
      }
    },
    {
      "type": "Feature",
      "geometry": {
        "type": "Point",
        "coordinates": [
          468.0,
          48.0
        ]
      },
      "properties": {
        "id": "SITE-\u04e1",
        "suitability": 66.64199440336637,
        "mean_slope": 7.834274768829346,
        "max_slope": 8.173897743225098,
        "mean_hazard": 0.15555284917354584,
        "shadow_percent": 0.0,
        "decision": "CONDITIONAL"
      }
    },
    {
      "type": "Feature",
      "geometry": {
        "type": "Point",
        "coordinates": [
          324.0,
          196.0
        ]
      },
      "properties": {
        "id": "SITE-\u04e2",
        "suitability": 66.6284669550081,
        "mean_slope": 7.838173866271973,
        "max_slope": 8.210726737976074,
        "mean_hazard": 0.1555851250886917,
        "shadow_percent": 0.0,
        "decision": "CONDITIONAL"
      }
    },
    {
      "type": "Feature",
      "geometry": {
        "type": "Point",
        "coordinates": [
          128.0,
          480.0
        ]
      },
      "properties": {
        "id": "SITE-\u04e3",
        "suitability": 66.5795899060182,
        "mean_slope": 7.7804365158081055,
        "max_slope": 8.13838005065918,
        "mean_hazard": 0.15612654387950897,
        "shadow_percent": 0.0,
        "decision": "CONDITIONAL"
      }
    },
    {
      "type": "Feature",
      "geometry": {
        "type": "Point",
        "coordinates": [
          304.0,
          316.0
        ]
      },
      "properties": {
        "id": "SITE-\u04e4",
        "suitability": 66.51634914402386,
        "mean_slope": 8.042153358459473,
        "max_slope": 8.388195037841797,
        "mean_hazard": 0.1524580419063568,
        "shadow_percent": 0.0,
        "decision": "CONDITIONAL"
      }
    },
    {
      "type": "Feature",
      "geometry": {
        "type": "Point",
        "coordinates": [
          372.0,
          436.0
        ]
      },
      "properties": {
        "id": "SITE-\u04e5",
        "suitability": 66.47280596235093,
        "mean_slope": 7.826412200927734,
        "max_slope": 8.196966171264648,
        "mean_hazard": 0.15699051320552826,
        "shadow_percent": 0.0,
        "decision": "CONDITIONAL"
      }
    },
    {
      "type": "Feature",
      "geometry": {
        "type": "Point",
        "coordinates": [
          468.0,
          224.0
        ]
      },
      "properties": {
        "id": "SITE-\u04e6",
        "suitability": 66.46431688132552,
        "mean_slope": 7.913303852081299,
        "max_slope": 8.111666679382324,
        "mean_hazard": 0.15537922084331512,
        "shadow_percent": 0.0,
        "decision": "CONDITIONAL"
      }
    },
    {
      "type": "Feature",
      "geometry": {
        "type": "Point",
        "coordinates": [
          336.0,
          472.0
        ]
      },
      "properties": {
        "id": "SITE-\u04e7",
        "suitability": 66.44627656688014,
        "mean_slope": 7.847144603729248,
        "max_slope": 8.226400375366211,
        "mean_hazard": 0.15680216252803802,
        "shadow_percent": 0.0,
        "decision": "CONDITIONAL"
      }
    },
    {
      "type": "Feature",
      "geometry": {
        "type": "Point",
        "coordinates": [
          440.0,
          76.0
        ]
      },
      "properties": {
        "id": "SITE-\u04e8",
        "suitability": 66.42000054463499,
        "mean_slope": 7.918176651000977,
        "max_slope": 8.264444351196289,
        "mean_hazard": 0.15569967031478882,
        "shadow_percent": 0.0,
        "decision": "CONDITIONAL"
      }
    },
    {
      "type": "Feature",
      "geometry": {
        "type": "Point",
        "coordinates": [
          100.0,
          428.0
        ]
      },
      "properties": {
        "id": "SITE-\u04e9",
        "suitability": 66.22993488284636,
        "mean_slope": 7.936865329742432,
        "max_slope": 8.306893348693848,
        "mean_hazard": 0.15719400346279144,
        "shadow_percent": 0.0,
        "decision": "CONDITIONAL"
      }
    },
    {
      "type": "Feature",
      "geometry": {
        "type": "Point",
        "coordinates": [
          460.0,
          336.0
        ]
      },
      "properties": {
        "id": "SITE-\u04ea",
        "suitability": 66.20880944575997,
        "mean_slope": 7.990750312805176,
        "max_slope": 8.347504615783691,
        "mean_hazard": 0.15557530522346497,
        "shadow_percent": 0.0,
        "decision": "CONDITIONAL"
      }
    },
    {
      "type": "Feature",
      "geometry": {
        "type": "Point",
        "coordinates": [
          408.0,
          192.0
        ]
      },
      "properties": {
        "id": "SITE-\u04eb",
        "suitability": 66.20318437189653,
        "mean_slope": 7.900036811828613,
        "max_slope": 8.268674850463867,
        "mean_hazard": 0.15847782790660858,
        "shadow_percent": 0.0,
        "decision": "CONDITIONAL"
      }
    },
    {
      "type": "Feature",
      "geometry": {
        "type": "Point",
        "coordinates": [
          416.0,
          388.0
        ]
      },
      "properties": {
        "id": "SITE-\u04ec",
        "suitability": 66.1967106791658,
        "mean_slope": 7.931699275970459,
        "max_slope": 8.293760299682617,
        "mean_hazard": 0.1576477438211441,
        "shadow_percent": 0.0,
        "decision": "CONDITIONAL"
      }
    },
    {
      "type": "Feature",
      "geometry": {
        "type": "Point",
        "coordinates": [
          408.0,
          108.0
        ]
      },
      "properties": {
        "id": "SITE-\u04ed",
        "suitability": 66.19612502877884,
        "mean_slope": 8.02186107635498,
        "max_slope": 8.351644515991211,
        "mean_hazard": 0.15591877698898315,
        "shadow_percent": 0.0,
        "decision": "CONDITIONAL"
      }
    },
    {
      "type": "Feature",
      "geometry": {
        "type": "Point",
        "coordinates": [
          492.0,
          208.0
        ]
      },
      "properties": {
        "id": "SITE-\u04ee",
        "suitability": 66.17852325623574,
        "mean_slope": 8.084007263183594,
        "max_slope": 8.29757308959961,
        "mean_hazard": 0.15482358634471893,
        "shadow_percent": 0.0,
        "decision": "CONDITIONAL"
      }
    },
    {
      "type": "Feature",
      "geometry": {
        "type": "Point",
        "coordinates": [
          420.0,
          244.0
        ]
      },
      "properties": {
        "id": "SITE-\u04ef",
        "suitability": 66.1536673898279,
        "mean_slope": 7.892336845397949,
        "max_slope": 7.926274299621582,
        "mean_hazard": 0.15830904245376587,
        "shadow_percent": 0.0,
        "decision": "CONDITIONAL"
      }
    },
    {
      "type": "Feature",
      "geometry": {
        "type": "Point",
        "coordinates": [
          340.0,
          184.0
        ]
      },
      "properties": {
        "id": "SITE-\u04f0",
        "suitability": 66.15027054020564,
        "mean_slope": 7.9038825035095215,
        "max_slope": 8.266825675964355,
        "mean_hazard": 0.15864859521389008,
        "shadow_percent": 0.0,
        "decision": "CONDITIONAL"
      }
    },
    {
      "type": "Feature",
      "geometry": {
        "type": "Point",
        "coordinates": [
          400.0,
          200.0
        ]
      },
      "properties": {
        "id": "SITE-\u04f1",
        "suitability": 66.08556944635846,
        "mean_slope": 7.929693222045898,
        "max_slope": 8.314431190490723,
        "mean_hazard": 0.1590944081544876,
        "shadow_percent": 0.0,
        "decision": "CONDITIONAL"
      }
    },
    {
      "type": "Feature",
      "geometry": {
        "type": "Point",
        "coordinates": [
          440.0,
          168.0
        ]
      },
      "properties": {
        "id": "SITE-\u04f2",
        "suitability": 66.04777728630845,
        "mean_slope": 8.111671447753906,
        "max_slope": 8.478326797485352,
        "mean_hazard": 0.15544335544109344,
        "shadow_percent": 0.0,
        "decision": "CONDITIONAL"
      }
    },
    {
      "type": "Feature",
      "geometry": {
        "type": "Point",
        "coordinates": [
          36.0,
          492.0
        ]
      },
      "properties": {
        "id": "SITE-\u04f3",
        "suitability": 66.04088905224411,
        "mean_slope": 8.01577377319336,
        "max_slope": 8.406968116760254,
        "mean_hazard": 0.1577417254447937,
        "shadow_percent": 0.0,
        "decision": "CONDITIONAL"
      }
    },
    {
      "type": "Feature",
      "geometry": {
        "type": "Point",
        "coordinates": [
          432.0,
          372.0
        ]
      },
      "properties": {
        "id": "SITE-\u04f4",
        "suitability": 65.96560125386632,
        "mean_slope": 7.9756622314453125,
        "max_slope": 8.346875190734863,
        "mean_hazard": 0.15903858840465546,
        "shadow_percent": 0.0,
        "decision": "CONDITIONAL"
      }
    },
    {
      "type": "Feature",
      "geometry": {
        "type": "Point",
        "coordinates": [
          428.0,
          236.0
        ]
      },
      "properties": {
        "id": "SITE-\u04f5",
        "suitability": 65.95449250894697,
        "mean_slope": 7.952176570892334,
        "max_slope": 7.988335132598877,
        "mean_hazard": 0.15950027108192444,
        "shadow_percent": 0.0,
        "decision": "CONDITIONAL"
      }
    },
    {
      "type": "Feature",
      "geometry": {
        "type": "Point",
        "coordinates": [
          436.0,
          228.0
        ]
      },
      "properties": {
        "id": "SITE-\u04f6",
        "suitability": 65.81158232950106,
        "mean_slope": 7.988965034484863,
        "max_slope": 8.024048805236816,
        "mean_hazard": 0.1603347212076187,
        "shadow_percent": 0.0,
        "decision": "CONDITIONAL"
      }
    },
    {
      "type": "Feature",
      "geometry": {
        "type": "Point",
        "coordinates": [
          380.0,
          428.0
        ]
      },
      "properties": {
        "id": "SITE-\u04f7",
        "suitability": 65.78728761426768,
        "mean_slope": 8.026183128356934,
        "max_slope": 8.388614654541016,
        "mean_hazard": 0.15992382168769836,
        "shadow_percent": 0.0,
        "decision": "CONDITIONAL"
      }
    },
    {
      "type": "Feature",
      "geometry": {
        "type": "Point",
        "coordinates": [
          460.0,
          56.0
        ]
      },
      "properties": {
        "id": "SITE-\u04f8",
        "suitability": 65.78084067887089,
        "mean_slope": 8.090213775634766,
        "max_slope": 8.417208671569824,
        "mean_hazard": 0.15876464545726776,
        "shadow_percent": 0.0,
        "decision": "CONDITIONAL"
      }
    },
    {
      "type": "Feature",
      "geometry": {
        "type": "Point",
        "coordinates": [
          416.0,
          184.0
        ]
      },
      "properties": {
        "id": "SITE-\u04f9",
        "suitability": 65.72177667015461,
        "mean_slope": 8.043235778808594,
        "max_slope": 8.419777870178223,
        "mean_hazard": 0.16026298701763153,
        "shadow_percent": 0.0,
        "decision": "CONDITIONAL"
      }
    },
    {
      "type": "Feature",
      "geometry": {
        "type": "Point",
        "coordinates": [
          328.0,
          480.0
        ]
      },
      "properties": {
        "id": "SITE-\u04fa",
        "suitability": 65.57010405047795,
        "mean_slope": 8.115448951721191,
        "max_slope": 8.484127044677734,
        "mean_hazard": 0.16046558320522308,
        "shadow_percent": 0.0,
        "decision": "CONDITIONAL"
      }
    },
    {
      "type": "Feature",
      "geometry": {
        "type": "Point",
        "coordinates": [
          480.0,
          216.0
        ]
      },
      "properties": {
        "id": "SITE-\u04fb",
        "suitability": 65.54939057194338,
        "mean_slope": 8.215887069702148,
        "max_slope": 8.409489631652832,
        "mean_hazard": 0.15815511345863342,
        "shadow_percent": 0.0,
        "decision": "CONDITIONAL"
      }
    },
    {
      "type": "Feature",
      "geometry": {
        "type": "Point",
        "coordinates": [
          452.0,
          344.0
        ]
      },
      "properties": {
        "id": "SITE-\u04fc",
        "suitability": 65.50372656677152,
        "mean_slope": 8.228962898254395,
        "max_slope": 8.580686569213867,
        "mean_hazard": 0.1584394872188568,
        "shadow_percent": 0.0,
        "decision": "CONDITIONAL"
      }
    },
    {
      "type": "Feature",
      "geometry": {
        "type": "Point",
        "coordinates": [
          448.0,
          68.0
        ]
      },
      "properties": {
        "id": "SITE-\u04fd",
        "suitability": 65.44659694268366,
        "mean_slope": 8.199845314025879,
        "max_slope": 8.519997596740723,
        "mean_hazard": 0.1598353236913681,
        "shadow_percent": 0.0,
        "decision": "CONDITIONAL"
      }
    },
    {
      "type": "Feature",
      "geometry": {
        "type": "Point",
        "coordinates": [
          384.0,
          136.0
        ]
      },
      "properties": {
        "id": "SITE-\u04fe",
        "suitability": 65.37344005439529,
        "mean_slope": 7.964963436126709,
        "max_slope": 12.001708030700684,
        "mean_hazard": 0.16348198056221008,
        "shadow_percent": 0.0,
        "decision": "CONDITIONAL"
      }
    },
    {
      "type": "Feature",
      "geometry": {
        "type": "Point",
        "coordinates": [
          444.0,
          220.0
        ]
      },
      "properties": {
        "id": "SITE-\u04ff",
        "suitability": 65.36846596410358,
        "mean_slope": 8.114189147949219,
        "max_slope": 8.181471824645996,
        "mean_hazard": 0.1622878462076187,
        "shadow_percent": 0.0,
        "decision": "CONDITIONAL"
      }
    },
    {
      "type": "Feature",
      "geometry": {
        "type": "Point",
        "coordinates": [
          456.0,
          144.0
        ]
      },
      "properties": {
        "id": "SITE-\u0500",
        "suitability": 65.32610200274412,
        "mean_slope": 8.169172286987305,
        "max_slope": 8.544584274291992,
        "mean_hazard": 0.16178923845291138,
        "shadow_percent": 0.0,
        "decision": "CONDITIONAL"
      }
    },
    {
      "type": "Feature",
      "geometry": {
        "type": "Point",
        "coordinates": [
          400.0,
          116.0
        ]
      },
      "properties": {
        "id": "SITE-\u0501",
        "suitability": 65.23043439676128,
        "mean_slope": 8.31827163696289,
        "max_slope": 8.63847827911377,
        "mean_hazard": 0.15969574451446533,
        "shadow_percent": 0.0,
        "decision": "CONDITIONAL"
      }
    },
    {
      "type": "Feature",
      "geometry": {
        "type": "Point",
        "coordinates": [
          392.0,
          412.0
        ]
      },
      "properties": {
        "id": "SITE-\u0502",
        "suitability": 65.09018974401629,
        "mean_slope": 8.290441513061523,
        "max_slope": 8.64006233215332,
        "mean_hazard": 0.16140694916248322,
        "shadow_percent": 0.0,
        "decision": "CONDITIONAL"
      }
    },
    {
      "type": "Feature",
      "geometry": {
        "type": "Point",
        "coordinates": [
          448.0,
          156.0
        ]
      },
      "properties": {
        "id": "SITE-\u0503",
        "suitability": 65.04729498718494,
        "mean_slope": 8.327940940856934,
        "max_slope": 8.690410614013672,
        "mean_hazard": 0.1611684262752533,
        "shadow_percent": 0.0,
        "decision": "CONDITIONAL"
      }
    },
    {
      "type": "Feature",
      "geometry": {
        "type": "Point",
        "coordinates": [
          492.0,
          172.0
        ]
      },
      "properties": {
        "id": "SITE-\u0504",
        "suitability": 64.81170617164192,
        "mean_slope": 8.259446144104004,
        "max_slope": 8.350653648376465,
        "mean_hazard": 0.16489729285240173,
        "shadow_percent": 0.0,
        "decision": "CONDITIONAL"
      }
    },
    {
      "type": "Feature",
      "geometry": {
        "type": "Point",
        "coordinates": [
          456.0,
          220.0
        ]
      },
      "properties": {
        "id": "SITE-\u0505",
        "suitability": 64.80774124872116,
        "mean_slope": 8.283452987670898,
        "max_slope": 8.38679027557373,
        "mean_hazard": 0.16441106796264648,
        "shadow_percent": 0.0,
        "decision": "CONDITIONAL"
      }
    },
    {
      "type": "Feature",
      "geometry": {
        "type": "Point",
        "coordinates": [
          360.0,
          168.0
        ]
      },
      "properties": {
        "id": "SITE-\u0506",
        "suitability": 64.76714529053068,
        "mean_slope": 8.25578498840332,
        "max_slope": 8.593507766723633,
        "mean_hazard": 0.1655622124671936,
        "shadow_percent": 0.0,
        "decision": "CONDITIONAL"
      }
    },
    {
      "type": "Feature",
      "geometry": {
        "type": "Point",
        "coordinates": [
          108.0,
          420.0
        ]
      },
      "properties": {
        "id": "SITE-\u0507",
        "suitability": 64.64110877223504,
        "mean_slope": 8.402826309204102,
        "max_slope": 8.757842063903809,
        "mean_hazard": 0.16377359628677368,
        "shadow_percent": 0.0,
        "decision": "CONDITIONAL"
      }
    },
    {
      "type": "Feature",
      "geometry": {
        "type": "Point",
        "coordinates": [
          424.0,
          176.0
        ]
      },
      "properties": {
        "id": "SITE-\u0508",
        "suitability": 64.61237973702256,
        "mean_slope": 8.384410858154297,
        "max_slope": 8.741406440734863,
        "mean_hazard": 0.16474084556102753,
        "shadow_percent": 0.0,
        "decision": "CONDITIONAL"
      }
    },
    {
      "type": "Feature",
      "geometry": {
        "type": "Point",
        "coordinates": [
          400.0,
          404.0
        ]
      },
      "properties": {
        "id": "SITE-\u0509",
        "suitability": 64.60154579971332,
        "mean_slope": 8.43368911743164,
        "max_slope": 8.7878999710083,
        "mean_hazard": 0.16369099915027618,
        "shadow_percent": 0.0,
        "decision": "CONDITIONAL"
      }
    },
    {
      "type": "Feature",
      "geometry": {
        "type": "Point",
        "coordinates": [
          280.0,
          328.0
        ]
      },
      "properties": {
        "id": "SITE-\u050a",
        "suitability": 64.56895891916362,
        "mean_slope": 8.345203399658203,
        "max_slope": 8.72005844116211,
        "mean_hazard": 0.16538457572460175,
        "shadow_percent": 0.0,
        "decision": "CONDITIONAL"
      }
    },
    {
      "type": "Feature",
      "geometry": {
        "type": "Point",
        "coordinates": [
          136.0,
          468.0
        ]
      },
      "properties": {
        "id": "SITE-\u050b",
        "suitability": 64.55410169340112,
        "mean_slope": 8.321991920471191,
        "max_slope": 8.645405769348145,
        "mean_hazard": 0.16583062708377838,
        "shadow_percent": 0.0,
        "decision": "CONDITIONAL"
      }
    },
    {
      "type": "Feature",
      "geometry": {
        "type": "Point",
        "coordinates": [
          492.0,
          196.0
        ]
      },
      "properties": {
        "id": "SITE-\u050c",
        "suitability": 64.51904033283532,
        "mean_slope": 8.445916175842285,
        "max_slope": 8.599455833435059,
        "mean_hazard": 0.16422736644744873,
        "shadow_percent": 0.0,
        "decision": "CONDITIONAL"
      }
    },
    {
      "type": "Feature",
      "geometry": {
        "type": "Point",
        "coordinates": [
          472.0,
          332.0
        ]
      },
      "properties": {
        "id": "SITE-\u050d",
        "suitability": 64.51832337226702,
        "mean_slope": 8.368017196655273,
        "max_slope": 8.72385311126709,
        "mean_hazard": 0.16597406566143036,
        "shadow_percent": 0.0,
        "decision": "CONDITIONAL"
      }
    },
    {
      "type": "Feature",
      "geometry": {
        "type": "Point",
        "coordinates": [
          320.0,
          488.0
        ]
      },
      "properties": {
        "id": "SITE-\u050e",
        "suitability": 64.48416277344235,
        "mean_slope": 8.422561645507812,
        "max_slope": 8.773276329040527,
        "mean_hazard": 0.16470052301883698,
        "shadow_percent": 0.0,
        "decision": "CONDITIONAL"
      }
    },
    {
      "type": "Feature",
      "geometry": {
        "type": "Point",
        "coordinates": [
          304.0,
          220.0
        ]
      },
      "properties": {
        "id": "SITE-\u050f",
        "suitability": 64.42025447800094,
        "mean_slope": 8.361613273620605,
        "max_slope": 8.720035552978516,
        "mean_hazard": 0.1657591015100479,
        "shadow_percent": 0.0,
        "decision": "CONDITIONAL"
      }
    },
    {
      "type": "Feature",
      "geometry": {
        "type": "Point",
        "coordinates": [
          440.0,
          364.0
        ]
      },
      "properties": {
        "id": "SITE-\u0510",
        "suitability": 64.29331573685975,
        "mean_slope": 8.44622802734375,
        "max_slope": 8.790390968322754,
        "mean_hazard": 0.16579607129096985,
        "shadow_percent": 0.0,
        "decision": "CONDITIONAL"
      }
    },
    {
      "type": "Feature",
      "geometry": {
        "type": "Point",
        "coordinates": [
          364.0,
          236.0
        ]
      },
      "properties": {
        "id": "SITE-\u0511",
        "suitability": 64.12381013557848,
        "mean_slope": 8.449258804321289,
        "max_slope": 8.808788299560547,
        "mean_hazard": 0.1676618456840515,
        "shadow_percent": 0.0,
        "decision": "CONDITIONAL"
      }
    },
    {
      "type": "Feature",
      "geometry": {
        "type": "Point",
        "coordinates": [
          492.0,
          184.0
        ]
      },
      "properties": {
        "id": "SITE-\u0512",
        "suitability": 64.08326907272732,
        "mean_slope": 8.498854637145996,
        "max_slope": 8.611884117126465,
        "mean_hazard": 0.16776134073734283,
        "shadow_percent": 0.0,
        "decision": "CONDITIONAL"
      }
    },
    {
      "type": "Feature",
      "geometry": {
        "type": "Point",
        "coordinates": [
          292.0,
          236.0
        ]
      },
      "properties": {
        "id": "SITE-\u0513",
        "suitability": 63.949369524835944,
        "mean_slope": 8.456798553466797,
        "max_slope": 8.809314727783203,
        "mean_hazard": 0.169870987534523,
        "shadow_percent": 0.0,
        "decision": "CONDITIONAL"
      }
    },
    {
      "type": "Feature",
      "geometry": {
        "type": "Point",
        "coordinates": [
          52.0,
          484.0
        ]
      },
      "properties": {
        "id": "SITE-\u0514",
        "suitability": 63.94200968963327,
        "mean_slope": 8.468839645385742,
        "max_slope": 8.81251049041748,
        "mean_hazard": 0.16899673640727997,
        "shadow_percent": 0.0,
        "decision": "CONDITIONAL"
      }
    },
    {
      "type": "Feature",
      "geometry": {
        "type": "Point",
        "coordinates": [
          332.0,
          344.0
        ]
      },
      "properties": {
        "id": "SITE-\u0515",
        "suitability": 63.88036478092055,
        "mean_slope": 8.080740928649902,
        "max_slope": 8.156353950500488,
        "mean_hazard": 0.15483646094799042,
        "shadow_percent": 0.0,
        "decision": "CONDITIONAL"
      }
    },
    {
      "type": "Feature",
      "geometry": {
        "type": "Point",
        "coordinates": [
          216.0,
          312.0
        ]
      },
      "properties": {
        "id": "SITE-\u0516",
        "suitability": 63.86075171200939,
        "mean_slope": 8.467694282531738,
        "max_slope": 8.839678764343262,
        "mean_hazard": 0.1700393110513687,
        "shadow_percent": 0.0,
        "decision": "CONDITIONAL"
      }
    },
    {
      "type": "Feature",
      "geometry": {
        "type": "Point",
        "coordinates": [
          316.0,
          292.0
        ]
      },
      "properties": {
        "id": "SITE-\u0517",
        "suitability": 63.840753937772774,
        "mean_slope": 8.431872367858887,
        "max_slope": 8.80264663696289,
        "mean_hazard": 0.1650742143392563,
        "shadow_percent": 0.0,
        "decision": "CONDITIONAL"
      }
    },
    {
      "type": "Feature",
      "geometry": {
        "type": "Point",
        "coordinates": [
          372.0,
          224.0
        ]
      },
      "properties": {
        "id": "SITE-\u0518",
        "suitability": 63.817099450418134,
        "mean_slope": 8.48718547821045,
        "max_slope": 8.828963279724121,
        "mean_hazard": 0.17017754912376404,
        "shadow_percent": 0.0,
        "decision": "CONDITIONAL"
      }
    },
    {
      "type": "Feature",
      "geometry": {
        "type": "Point",
        "coordinates": [
          492.0,
          108.0
        ]
      },
      "properties": {
        "id": "SITE-\u0519",
        "suitability": 63.79140043791687,
        "mean_slope": 8.621255874633789,
        "max_slope": 8.98862075805664,
        "mean_hazard": 0.16816481947898865,
        "shadow_percent": 0.0,
        "decision": "CONDITIONAL"
      }
    },
    {
      "type": "Feature",
      "geometry": {
        "type": "Point",
        "coordinates": [
          224.0,
          304.0
        ]
      },
      "properties": {
        "id": "SITE-\u051a",
        "suitability": 63.786623451839944,
        "mean_slope": 8.49349594116211,
        "max_slope": 8.861837387084961,
        "mean_hazard": 0.17061130702495575,
        "shadow_percent": 0.0,
        "decision": "CONDITIONAL"
      }
    },
    {
      "type": "Feature",
      "geometry": {
        "type": "Point",
        "coordinates": [
          356.0,
          460.0
        ]
      },
      "properties": {
        "id": "SITE-\u051b",
        "suitability": 63.73760210218634,
        "mean_slope": 8.509090423583984,
        "max_slope": 8.847112655639648,
        "mean_hazard": 0.17078733444213867,
        "shadow_percent": 0.0,
        "decision": "CONDITIONAL"
      }
    },
    {
      "type": "Feature",
      "geometry": {
        "type": "Point",
        "coordinates": [
          256.0,
          260.0
        ]
      },
      "properties": {
        "id": "SITE-\u051c",
        "suitability": 63.6887280922754,
        "mean_slope": 8.750218391418457,
        "max_slope": 9.090103149414062,
        "mean_hazard": 0.166606143116951,
        "shadow_percent": 0.0,
        "decision": "CONDITIONAL"
      }
    },
    {
      "type": "Feature",
      "geometry": {
        "type": "Point",
        "coordinates": [
          108.0,
          492.0
        ]
      },
      "properties": {
        "id": "SITE-\u051d",
        "suitability": 63.67345456357903,
        "mean_slope": 8.522004127502441,
        "max_slope": 8.829901695251465,
        "mean_hazard": 0.1709405779838562,
        "shadow_percent": 0.0,
        "decision": "CONDITIONAL"
      }
    },
    {
      "type": "Feature",
      "geometry": {
        "type": "Point",
        "coordinates": [
          428.0,
          384.0
        ]
      },
      "properties": {
        "id": "SITE-\u051e",
        "suitability": 63.66722835567984,
        "mean_slope": 8.5027437210083,
        "max_slope": 8.840560913085938,
        "mean_hazard": 0.170770525932312,
        "shadow_percent": 0.0,
        "decision": "CONDITIONAL"
      }
    },
    {
      "type": "Feature",
      "geometry": {
        "type": "Point",
        "coordinates": [
          456.0,
          208.0
        ]
      },
      "properties": {
        "id": "SITE-\u051f",
        "suitability": 63.625065498144124,
        "mean_slope": 8.623797416687012,
        "max_slope": 8.728894233703613,
        "mean_hazard": 0.16948385536670685,
        "shadow_percent": 0.0,
        "decision": "CONDITIONAL"
      }
    },
    {
      "type": "Feature",
      "geometry": {
        "type": "Point",
        "coordinates": [
          372.0,
          160.0
        ]
      },
      "properties": {
        "id": "SITE-\u0520",
        "suitability": 63.60782326459574,
        "mean_slope": 8.54675579071045,
        "max_slope": 8.854754447937012,
        "mean_hazard": 0.171678364276886,
        "shadow_percent": 0.0,
        "decision": "CONDITIONAL"
      }
    },
    {
      "type": "Feature",
      "geometry": {
        "type": "Point",
        "coordinates": [
          168.0,
          440.0
        ]
      },
      "properties": {
        "id": "SITE-\u0521",
        "suitability": 63.60093578565307,
        "mean_slope": 8.672150611877441,
        "max_slope": 9.004745483398438,
        "mean_hazard": 0.16853190958499908,
        "shadow_percent": 0.0,
        "decision": "CONDITIONAL"
      }
    },
    {
      "type": "Feature",
      "geometry": {
        "type": "Point",
        "coordinates": [
          140.0,
          392.0
        ]
      },
      "properties": {
        "id": "SITE-\u0522",
        "suitability": 63.600463889032085,
        "mean_slope": 8.604040145874023,
        "max_slope": 8.955223083496094,
        "mean_hazard": 0.17044153809547424,
        "shadow_percent": 0.0,
        "decision": "CONDITIONAL"
      }
    },
    {
      "type": "Feature",
      "geometry": {
        "type": "Point",
        "coordinates": [
          392.0,
          480.0
        ]
      },
      "properties": {
        "id": "SITE-\u0523",
        "suitability": 63.521304335694204,
        "mean_slope": 8.698169708251953,
        "max_slope": 9.439140319824219,
        "mean_hazard": 0.17028598487377167,
        "shadow_percent": 0.0,
        "decision": "CONDITIONAL"
      }
    },
    {
      "type": "Feature",
      "geometry": {
        "type": "Point",
        "coordinates": [
          468.0,
          212.0
        ]
      },
      "properties": {
        "id": "SITE-\u0524",
        "suitability": 63.46296459117279,
        "mean_slope": 8.692329406738281,
        "max_slope": 8.79837417602539,
        "mean_hazard": 0.1694951057434082,
        "shadow_percent": 0.0,
        "decision": "CONDITIONAL"
      }
    },
    {
      "type": "Feature",
      "geometry": {
        "type": "Point",
        "coordinates": [
          232.0,
          296.0
        ]
      },
      "properties": {
        "id": "SITE-\u0525",
        "suitability": 63.43077522500714,
        "mean_slope": 8.58365249633789,
        "max_slope": 8.954472541809082,
        "mean_hazard": 0.17200395464897156,
        "shadow_percent": 0.0,
        "decision": "CONDITIONAL"
      }
    },
    {
      "type": "Feature",
      "geometry": {
        "type": "Point",
        "coordinates": [
          116.0,
          412.0
        ]
      },
      "properties": {
        "id": "SITE-\u0526",
        "suitability": 63.3698959592947,
        "mean_slope": 8.780464172363281,
        "max_slope": 9.12320613861084,
        "mean_hazard": 0.16920019686222076,
        "shadow_percent": 0.0,
        "decision": "CONDITIONAL"
      }
    },
    {
      "type": "Feature",
      "geometry": {
        "type": "Point",
        "coordinates": [
          288.0,
          320.0
        ]
      },
      "properties": {
        "id": "SITE-\u0527",
        "suitability": 63.24140692240176,
        "mean_slope": 8.739792823791504,
        "max_slope": 9.105491638183594,
        "mean_hazard": 0.1704939901828766,
        "shadow_percent": 0.0,
        "decision": "CONDITIONAL"
      }
    },
    {
      "type": "Feature",
      "geometry": {
        "type": "Point",
        "coordinates": [
          492.0,
          36.0
        ]
      },
      "properties": {
        "id": "SITE-\u0528",
        "suitability": 63.23550484828743,
        "mean_slope": 8.63090705871582,
        "max_slope": 8.930290222167969,
        "mean_hazard": 0.17338229715824127,
        "shadow_percent": 0.0,
        "decision": "CONDITIONAL"
      }
    },
    {
      "type": "Feature",
      "geometry": {
        "type": "Point",
        "coordinates": [
          248.0,
          272.0
        ]
      },
      "properties": {
        "id": "SITE-\u0529",
        "suitability": 63.15973514685005,
        "mean_slope": 8.818758964538574,
        "max_slope": 9.159147262573242,
        "mean_hazard": 0.17021262645721436,
        "shadow_percent": 0.0,
        "decision": "CONDITIONAL"
      }
    },
    {
      "type": "Feature",
      "geometry": {
        "type": "Point",
        "coordinates": [
          284.0,
          244.0
        ]
      },
      "properties": {
        "id": "SITE-\u052a",
        "suitability": 63.12623036301519,
        "mean_slope": 8.689571380615234,
        "max_slope": 9.024344444274902,
        "mean_hazard": 0.17322178184986115,
        "shadow_percent": 0.0,
        "decision": "CONDITIONAL"
      }
    },
    {
      "type": "Feature",
      "geometry": {
        "type": "Point",
        "coordinates": [
          480.0,
          116.0
        ]
      },
      "properties": {
        "id": "SITE-\u052b",
        "suitability": 63.11983346433314,
        "mean_slope": 8.73068618774414,
        "max_slope": 9.082146644592285,
        "mean_hazard": 0.17216095328330994,
        "shadow_percent": 0.0,
        "decision": "CONDITIONAL"
      }
    },
    {
      "type": "Feature",
      "geometry": {
        "type": "Point",
        "coordinates": [
          468.0,
          124.0
        ]
      },
      "properties": {
        "id": "SITE-\u052c",
        "suitability": 63.09612533118371,
        "mean_slope": 8.672760963439941,
        "max_slope": 8.994725227355957,
        "mean_hazard": 0.17371343076229095,
        "shadow_percent": 0.0,
        "decision": "CONDITIONAL"
      }
    },
    {
      "type": "Feature",
      "geometry": {
        "type": "Point",
        "coordinates": [
          480.0,
          204.0
        ]
      },
      "properties": {
        "id": "SITE-\u052d",
        "suitability": 63.02013089691332,
        "mean_slope": 8.851574897766113,
        "max_slope": 8.982531547546387,
        "mean_hazard": 0.17083270847797394,
        "shadow_percent": 0.0,
        "decision": "CONDITIONAL"
      }
    },
    {
      "type": "Feature",
      "geometry": {
        "type": "Point",
        "coordinates": [
          84.0,
          456.0
        ]
      },
      "properties": {
        "id": "SITE-\u052e",
        "suitability": 63.00419265404701,
        "mean_slope": 8.687918663024902,
        "max_slope": 9.004447937011719,
        "mean_hazard": 0.1743364930152893,
        "shadow_percent": 0.0,
        "decision": "CONDITIONAL"
      }
    },
    {
      "type": "Feature",
      "geometry": {
        "type": "Point",
        "coordinates": [
          320.0,
          208.0
        ]
      },
      "properties": {
        "id": "SITE-\u052f",
        "suitability": 62.94609731086061,
        "mean_slope": 8.770763397216797,
        "max_slope": 9.106842041015625,
        "mean_hazard": 0.17335201799869537,
        "shadow_percent": 0.0,
        "decision": "CONDITIONAL"
      }
    },
    {
      "type": "Feature",
      "geometry": {
        "type": "Point",
        "coordinates": [
          336.0,
          196.0
        ]
      },
      "properties": {
        "id": "SITE-\u0530",
        "suitability": 62.94389553091653,
        "mean_slope": 8.716256141662598,
        "max_slope": 9.025834083557129,
        "mean_hazard": 0.17448961734771729,
        "shadow_percent": 0.0,
        "decision": "CONDITIONAL"
      }
    },
    {
      "type": "Feature",
      "geometry": {
        "type": "Point",
        "coordinates": [
          448.0,
          356.0
        ]
      },
      "properties": {
        "id": "SITE-\u0531",
        "suitability": 62.934381644842446,
        "mean_slope": 8.835450172424316,
        "max_slope": 9.173873901367188,
        "mean_hazard": 0.17144544422626495,
        "shadow_percent": 0.0,
        "decision": "CONDITIONAL"
      }
    },
    {
      "type": "Feature",
      "geometry": {
        "type": "Point",
        "coordinates": [
          432.0,
          100.0
        ]
      },
      "properties": {
        "id": "SITE-\u0532",
        "suitability": 62.906749170114864,
        "mean_slope": 8.710151672363281,
        "max_slope": 8.993246078491211,
        "mean_hazard": 0.17496143281459808,
        "shadow_percent": 0.0,
        "decision": "CONDITIONAL"
      }
    },
    {
      "type": "Feature",
      "geometry": {
        "type": "Point",
        "coordinates": [
          464.0,
          192.0
        ]
      },
      "properties": {
        "id": "SITE-\u0533",
        "suitability": 62.892402768493255,
        "mean_slope": 8.912565231323242,
        "max_slope": 9.024761199951172,
        "mean_hazard": 0.17135648429393768,
        "shadow_percent": 0.0,
        "decision": "CONDITIONAL"
      }
    },
    {
      "type": "Feature",
      "geometry": {
        "type": "Point",
        "coordinates": [
          396.0,
          128.0
        ]
      },
      "properties": {
        "id": "SITE-\u0534",
        "suitability": 62.88580026370874,
        "mean_slope": 8.877291679382324,
        "max_slope": 9.182641983032227,
        "mean_hazard": 0.17190633714199066,
        "shadow_percent": 0.0,
        "decision": "CONDITIONAL"
      }
    },
    {
      "type": "Feature",
      "geometry": {
        "type": "Point",
        "coordinates": [
          380.0,
          212.0
        ]
      },
      "properties": {
        "id": "SITE-\u0535",
        "suitability": 62.85330363712091,
        "mean_slope": 8.725037574768066,
        "max_slope": 9.033543586730957,
        "mean_hazard": 0.17526893317699432,
        "shadow_percent": 0.0,
        "decision": "CONDITIONAL"
      }
    },
    {
      "type": "Feature",
      "geometry": {
        "type": "Point",
        "coordinates": [
          476.0,
          184.0
        ]
      },
      "properties": {
        "id": "SITE-\u0536",
        "suitability": 62.7789017902755,
        "mean_slope": 8.88729476928711,
        "max_slope": 8.974207878112793,
        "mean_hazard": 0.17283965647220612,
        "shadow_percent": 0.0,
        "decision": "CONDITIONAL"
      }
    },
    {
      "type": "Feature",
      "geometry": {
        "type": "Point",
        "coordinates": [
          148.0,
          456.0
        ]
      },
      "properties": {
        "id": "SITE-\u0537",
        "suitability": 62.721821342209545,
        "mean_slope": 8.883724212646484,
        "max_slope": 9.186561584472656,
        "mean_hazard": 0.17351707816123962,
        "shadow_percent": 0.0,
        "decision": "CONDITIONAL"
      }
    },
    {
      "type": "Feature",
      "geometry": {
        "type": "Point",
        "coordinates": [
          116.0,
          480.0
        ]
      },
      "properties": {
        "id": "SITE-\u0538",
        "suitability": 62.58601521230133,
        "mean_slope": 8.791009902954102,
        "max_slope": 9.077995300292969,
        "mean_hazard": 0.1765628457069397,
        "shadow_percent": 0.0,
        "decision": "CONDITIONAL"
      }
    },
    {
      "type": "Feature",
      "geometry": {
        "type": "Point",
        "coordinates": [
          240.0,
          288.0
        ]
      },
      "properties": {
        "id": "SITE-\u0539",
        "suitability": 62.51346169409798,
        "mean_slope": 8.861859321594238,
        "max_slope": 9.211841583251953,
        "mean_hazard": 0.17589861154556274,
        "shadow_percent": 0.0,
        "decision": "CONDITIONAL"
      }
    },
    {
      "type": "Feature",
      "geometry": {
        "type": "Point",
        "coordinates": [
          492.0,
          320.0
        ]
      },
      "properties": {
        "id": "SITE-\u053a",
        "suitability": 62.48182137876157,
        "mean_slope": 8.81218433380127,
        "max_slope": 9.134928703308105,
        "mean_hazard": 0.1770743429660797,
        "shadow_percent": 0.0,
        "decision": "CONDITIONAL"
      }
    },
    {
      "type": "Feature",
      "geometry": {
        "type": "Point",
        "coordinates": [
          372.0,
          448.0
        ]
      },
      "properties": {
        "id": "SITE-\u053b",
        "suitability": 62.35762041216718,
        "mean_slope": 8.848559379577637,
        "max_slope": 9.158205032348633,
        "mean_hazard": 0.1778029203414917,
        "shadow_percent": 0.0,
        "decision": "CONDITIONAL"
      }
    },
    {
      "type": "Feature",
      "geometry": {
        "type": "Point",
        "coordinates": [
          484.0,
          328.0
        ]
      },
      "properties": {
        "id": "SITE-\u053c",
        "suitability": 62.34379544071634,
        "mean_slope": 8.861480712890625,
        "max_slope": 9.183464050292969,
        "mean_hazard": 0.17761321365833282,
        "shadow_percent": 0.0,
        "decision": "CONDITIONAL"
      }
    },
    {
      "type": "Feature",
      "geometry": {
        "type": "Point",
        "coordinates": [
          132.0,
          400.0
        ]
      },
      "properties": {
        "id": "SITE-\u053d",
        "suitability": 62.32406535880647,
        "mean_slope": 8.993064880371094,
        "max_slope": 9.329130172729492,
        "mean_hazard": 0.17530784010887146,
        "shadow_percent": 0.0,
        "decision": "CONDITIONAL"
      }
    },
    {
      "type": "Feature",
      "geometry": {
        "type": "Point",
        "coordinates": [
          424.0,
          108.0
        ]
      },
      "properties": {
        "id": "SITE-\u053e",
        "suitability": 62.30140663327914,
        "mean_slope": 8.893573760986328,
        "max_slope": 9.1856689453125,
        "mean_hazard": 0.17719165980815887,
        "shadow_percent": 0.0,
        "decision": "CONDITIONAL"
      }
    },
    {
      "type": "Feature",
      "geometry": {
        "type": "Point",
        "coordinates": [
          412.0,
          400.0
        ]
      },
      "properties": {
        "id": "SITE-\u053f",
        "suitability": 62.29695872748524,
        "mean_slope": 8.949728965759277,
        "max_slope": 9.27285385131836,
        "mean_hazard": 0.17606882750988007,
        "shadow_percent": 0.0,
        "decision": "CONDITIONAL"
      }
    },
    {
      "type": "Feature",
      "geometry": {
        "type": "Point",
        "coordinates": [
          440.0,
          92.0
        ]
      },
      "properties": {
        "id": "SITE-\u0540",
        "suitability": 62.27245428655633,
        "mean_slope": 8.862932205200195,
        "max_slope": 9.147209167480469,
        "mean_hazard": 0.17727811634540558,
        "shadow_percent": 0.0,
        "decision": "CONDITIONAL"
      }
    },
    {
      "type": "Feature",
      "geometry": {
        "type": "Point",
        "coordinates": [
          304.0,
          304.0
        ]
      },
      "properties": {
        "id": "SITE-\u0541",
        "suitability": 62.23527517756173,
        "mean_slope": 9.073945045471191,
        "max_slope": 9.421770095825195,
        "mean_hazard": 0.1743839979171753,
        "shadow_percent": 0.0,
        "decision": "CONDITIONAL"
      }
    },
    {
      "type": "Feature",
      "geometry": {
        "type": "Point",
        "coordinates": [
          356.0,
          180.0
        ]
      },
      "properties": {
        "id": "SITE-\u0542",
        "suitability": 62.15395053460886,
        "mean_slope": 8.905628204345703,
        "max_slope": 9.189892768859863,
        "mean_hazard": 0.17878490686416626,
        "shadow_percent": 0.0,
        "decision": "CONDITIONAL"
      }
    },
    {
      "type": "Feature",
      "geometry": {
        "type": "Point",
        "coordinates": [
          268.0,
          332.0
        ]
      },
      "properties": {
        "id": "SITE-\u0543",
        "suitability": 61.96745175976472,
        "mean_slope": 8.858345031738281,
        "max_slope": 9.20239543914795,
        "mean_hazard": 0.17779433727264404,
        "shadow_percent": 0.0,
        "decision": "CONDITIONAL"
      }
    },
    {
      "type": "Feature",
      "geometry": {
        "type": "Point",
        "coordinates": [
          172.0,
          428.0
        ]
      },
      "properties": {
        "id": "SITE-\u0544",
        "suitability": 61.9310865099109,
        "mean_slope": 8.947912216186523,
        "max_slope": 9.255889892578125,
        "mean_hazard": 0.17730712890625,
        "shadow_percent": 0.0,
        "decision": "CONDITIONAL"
      }
    },
    {
      "type": "Feature",
      "geometry": {
        "type": "Point",
        "coordinates": [
          484.0,
          48.0
        ]
      },
      "properties": {
        "id": "SITE-\u0545",
        "suitability": 61.91647061431426,
        "mean_slope": 8.960947036743164,
        "max_slope": 9.238404273986816,
        "mean_hazard": 0.17977525293827057,
        "shadow_percent": 0.0,
        "decision": "CONDITIONAL"
      }
    },
    {
      "type": "Feature",
      "geometry": {
        "type": "Point",
        "coordinates": [
          456.0,
          132.0
        ]
      },
      "properties": {
        "id": "SITE-\u0546",
        "suitability": 61.893273255969156,
        "mean_slope": 8.97170639038086,
        "max_slope": 9.254535675048828,
        "mean_hazard": 0.179855078458786,
        "shadow_percent": 0.0,
        "decision": "CONDITIONAL"
      }
    },
    {
      "type": "Feature",
      "geometry": {
        "type": "Point",
        "coordinates": [
          68.0,
          476.0
        ]
      },
      "properties": {
        "id": "SITE-\u0547",
        "suitability": 61.8763525818792,
        "mean_slope": 8.960123062133789,
        "max_slope": 9.23874568939209,
        "mean_hazard": 0.18006440997123718,
        "shadow_percent": 0.0,
        "decision": "CONDITIONAL"
      }
    },
    {
      "type": "Feature",
      "geometry": {
        "type": "Point",
        "coordinates": [
          320.0,
          276.0
        ]
      },
      "properties": {
        "id": "SITE-\u0548",
        "suitability": 61.870583563116256,
        "mean_slope": 8.938753128051758,
        "max_slope": 9.268898963928223,
        "mean_hazard": 0.17805738747119904,
        "shadow_percent": 0.0,
        "decision": "CONDITIONAL"
      }
    },
    {
      "type": "Feature",
      "geometry": {
        "type": "Point",
        "coordinates": [
          156.0,
          448.0
        ]
      },
      "properties": {
        "id": "SITE-\u0549",
        "suitability": 61.847394404697056,
        "mean_slope": 9.137208938598633,
        "max_slope": 9.448567390441895,
        "mean_hazard": 0.1770705282688141,
        "shadow_percent": 0.0,
        "decision": "CONDITIONAL"
      }
    },
    {
      "type": "Feature",
      "geometry": {
        "type": "Point",
        "coordinates": [
          392.0,
          424.0
        ]
      },
      "properties": {
        "id": "SITE-\u054a",
        "suitability": 61.837884142488214,
        "mean_slope": 9.054011344909668,
        "max_slope": 9.35213565826416,
        "mean_hazard": 0.17897015810012817,
        "shadow_percent": 0.0,
        "decision": "CONDITIONAL"
      }
    },
    {
      "type": "Feature",
      "geometry": {
        "type": "Point",
        "coordinates": [
          96.0,
          448.0
        ]
      },
      "properties": {
        "id": "SITE-\u054b",
        "suitability": 61.819234928729664,
        "mean_slope": 8.989969253540039,
        "max_slope": 9.263707160949707,
        "mean_hazard": 0.1806209534406662,
        "shadow_percent": 0.0,
        "decision": "CONDITIONAL"
      }
    },
    {
      "type": "Feature",
      "geometry": {
        "type": "Point",
        "coordinates": [
          76.0,
          468.0
        ]
      },
      "properties": {
        "id": "SITE-\u054c",
        "suitability": 61.81818976368873,
        "mean_slope": 8.983270645141602,
        "max_slope": 9.262215614318848,
        "mean_hazard": 0.18035344779491425,
        "shadow_percent": 0.0,
        "decision": "CONDITIONAL"
      }
    },
    {
      "type": "Feature",
      "geometry": {
        "type": "Point",
        "coordinates": [
          388.0,
          200.0
        ]
      },
      "properties": {
        "id": "SITE-\u054d",
        "suitability": 61.7397184191334,
        "mean_slope": 9.003751754760742,
        "max_slope": 9.282268524169922,
        "mean_hazard": 0.1807628571987152,
        "shadow_percent": 0.0,
        "decision": "CONDITIONAL"
      }
    },
    {
      "type": "Feature",
      "geometry": {
        "type": "Point",
        "coordinates": [
          152.0,
          388.0
        ]
      },
      "properties": {
        "id": "SITE-\u054e",
        "suitability": 61.61986161506705,
        "mean_slope": 9.028953552246094,
        "max_slope": 9.331887245178223,
        "mean_hazard": 0.18128511309623718,
        "shadow_percent": 0.0,
        "decision": "CONDITIONAL"
      }
    },
    {
      "type": "Feature",
      "geometry": {
        "type": "Point",
        "coordinates": [
          268.0,
          256.0
        ]
      },
      "properties": {
        "id": "SITE-\u054f",
        "suitability": 61.59209480661991,
        "mean_slope": 9.193087577819824,
        "max_slope": 9.532341957092285,
        "mean_hazard": 0.17779593169689178,
        "shadow_percent": 0.0,
        "decision": "CONDITIONAL"
      }
    },
    {
      "type": "Feature",
      "geometry": {
        "type": "Point",
        "coordinates": [
          476.0,
          56.0
        ]
      },
      "properties": {
        "id": "SITE-\u0550",
        "suitability": 61.43979235507631,
        "mean_slope": 9.117164611816406,
        "max_slope": 9.39631175994873,
        "mean_hazard": 0.1817573606967926,
        "shadow_percent": 0.0,
        "decision": "CONDITIONAL"
      }
    },
    {
      "type": "Feature",
      "geometry": {
        "type": "Point",
        "coordinates": [
          344.0,
          352.0
        ]
      },
      "properties": {
        "id": "SITE-\u0551",
        "suitability": 61.40928424659024,
        "mean_slope": 7.5224609375,
        "max_slope": 12.843503952026367,
        "mean_hazard": 0.1700821816921234,
        "shadow_percent": 0.0,
        "decision": "CONDITIONAL"
      }
    },
    {
      "type": "Feature",
      "geometry": {
        "type": "Point",
        "coordinates": [
          460.0,
          68.0
        ]
      },
      "properties": {
        "id": "SITE-\u0552",
        "suitability": 61.39765499925333,
        "mean_slope": 9.167222023010254,
        "max_slope": 9.465058326721191,
        "mean_hazard": 0.18001598119735718,
        "shadow_percent": 0.0,
        "decision": "CONDITIONAL"
      }
    },
    {
      "type": "Feature",
      "geometry": {
        "type": "Point",
        "coordinates": [
          124.0,
          468.0
        ]
      },
      "properties": {
        "id": "SITE-\u0553",
        "suitability": 61.376381660274745,
        "mean_slope": 9.093204498291016,
        "max_slope": 9.34725284576416,
        "mean_hazard": 0.18249796330928802,
        "shadow_percent": 0.0,
        "decision": "CONDITIONAL"
      }
    },
    {
      "type": "Feature",
      "geometry": {
        "type": "Point",
        "coordinates": [
          104.0,
          440.0
        ]
      },
      "properties": {
        "id": "SITE-\u0554",
        "suitability": 61.31331188358476,
        "mean_slope": 9.131155014038086,
        "max_slope": 9.394848823547363,
        "mean_hazard": 0.1827012598514557,
        "shadow_percent": 0.0,
        "decision": "CONDITIONAL"
      }
    },
    {
      "type": "Feature",
      "geometry": {
        "type": "Point",
        "coordinates": [
          388.0,
          148.0
        ]
      },
      "properties": {
        "id": "SITE-\u0555",
        "suitability": 61.2865350142945,
        "mean_slope": 9.156023979187012,
        "max_slope": 9.423945426940918,
        "mean_hazard": 0.18201643228530884,
        "shadow_percent": 0.0,
        "decision": "CONDITIONAL"
      }
    },
    {
      "type": "Feature",
      "geometry": {
        "type": "Point",
        "coordinates": [
          352.0,
          472.0
        ]
      },
      "properties": {
        "id": "SITE-\u0556",
        "suitability": 61.2637040301172,
        "mean_slope": 9.121052742004395,
        "max_slope": 9.382828712463379,
        "mean_hazard": 0.18331795930862427,
        "shadow_percent": 0.0,
        "decision": "CONDITIONAL"
      }
    },
    {
      "type": "Feature",
      "geometry": {
        "type": "Point",
        "coordinates": [
          448.0,
          84.0
        ]
      },
      "properties": {
        "id": "SITE-\u0557",
        "suitability": 61.19023472287358,
        "mean_slope": 9.201626777648926,
        "max_slope": 9.477267265319824,
        "mean_hazard": 0.18214131891727448,
        "shadow_percent": 0.0,
        "decision": "CONDITIONAL"
      }
    },
    {
      "type": "Feature",
      "geometry": {
        "type": "Point",
        "coordinates": [
          416.0,
          116.0
        ]
      },
      "properties": {
        "id": "SITE-\u0558",
        "suitability": 61.09073836995609,
        "mean_slope": 9.270177841186523,
        "max_slope": 9.544986724853516,
        "mean_hazard": 0.18206480145454407,
        "shadow_percent": 0.0,
        "decision": "CONDITIONAL"
      }
    },
    {
      "type": "Feature",
      "geometry": {
        "type": "Point",
        "coordinates": [
          348.0,
          192.0
        ]
      },
      "properties": {
        "id": "SITE-\u0559",
        "suitability": 60.960919807314426,
        "mean_slope": 9.189573287963867,
        "max_slope": 9.436602592468262,
        "mean_hazard": 0.1847366839647293,
        "shadow_percent": 0.0,
        "decision": "CONDITIONAL"
      }
    },
    {
      "type": "Feature",
      "geometry": {
        "type": "Point",
        "coordinates": [
          344.0,
          480.0
        ]
      },
      "properties": {
        "id": "SITE-\u055a",
        "suitability": 60.94786046130691,
        "mean_slope": 9.211000442504883,
        "max_slope": 9.47315502166748,
        "mean_hazard": 0.1845674067735672,
        "shadow_percent": 0.0,
        "decision": "CONDITIONAL"
      }
    },
    {
      "type": "Feature",
      "geometry": {
        "type": "Point",
        "coordinates": [
          304.0,
          232.0
        ]
      },
      "properties": {
        "id": "SITE-\u055b",
        "suitability": 60.93520293608585,
        "mean_slope": 9.215434074401855,
        "max_slope": 9.503623008728027,
        "mean_hazard": 0.18442147970199585,
        "shadow_percent": 0.0,
        "decision": "CONDITIONAL"
      }
    },
    {
      "type": "Feature",
      "geometry": {
        "type": "Point",
        "coordinates": [
          396.0,
          188.0
        ]
      },
      "properties": {
        "id": "SITE-\u055c",
        "suitability": 60.89316944124198,
        "mean_slope": 9.212790489196777,
        "max_slope": 9.457206726074219,
        "mean_hazard": 0.18518473207950592,
        "shadow_percent": 0.0,
        "decision": "CONDITIONAL"
      }
    },
    {
      "type": "Feature",
      "geometry": {
        "type": "Point",
        "coordinates": [
          384.0,
          440.0
        ]
      },
      "properties": {
        "id": "SITE-\u055d",
        "suitability": 60.869565182928966,
        "mean_slope": 9.231886863708496,
        "max_slope": 9.483814239501953,
        "mean_hazard": 0.18517902493476868,
        "shadow_percent": 0.0,
        "decision": "CONDITIONAL"
      }
    },
    {
      "type": "Feature",
      "geometry": {
        "type": "Point",
        "coordinates": [
          404.0,
          180.0
        ]
      },
      "properties": {
        "id": "SITE-\u055e",
        "suitability": 60.80178600494955,
        "mean_slope": 9.246977806091309,
        "max_slope": 9.473991394042969,
        "mean_hazard": 0.18550804257392883,
        "shadow_percent": 0.0,
        "decision": "CONDITIONAL"
      }
    },
    {
      "type": "Feature",
      "geometry": {
        "type": "Point",
        "coordinates": [
          428.0,
          164.0
        ]
      },
      "properties": {
        "id": "SITE-\u055f",
        "suitability": 60.73801032820656,
        "mean_slope": 9.390129089355469,
        "max_slope": 9.692452430725098,
        "mean_hazard": 0.18322739005088806,
        "shadow_percent": 0.0,
        "decision": "CONDITIONAL"
      }
    },
    {
      "type": "Feature",
      "geometry": {
        "type": "Point",
        "coordinates": [
          468.0,
          344.0
        ]
      },
      "properties": {
        "id": "SITE-\u0560",
        "suitability": 60.69973400798052,
        "mean_slope": 9.360932350158691,
        "max_slope": 9.678499221801758,
        "mean_hazard": 0.18402820825576782,
        "shadow_percent": 0.0,
        "decision": "CONDITIONAL"
      }
    },
    {
      "type": "Feature",
      "geometry": {
        "type": "Point",
        "coordinates": [
          352.0,
          240.0
        ]
      },
      "properties": {
        "id": "SITE-\u0561",
        "suitability": 60.49632163128211,
        "mean_slope": 9.377220153808594,
        "max_slope": 9.66605281829834,
        "mean_hazard": 0.1854107826948166,
        "shadow_percent": 0.0,
        "decision": "CONDITIONAL"
      }
    },
    {
      "type": "Feature",
      "geometry": {
        "type": "Point",
        "coordinates": [
          440.0,
          380.0
        ]
      },
      "properties": {
        "id": "SITE-\u0562",
        "suitability": 60.423437946002906,
        "mean_slope": 9.34757137298584,
        "max_slope": 9.62244701385498,
        "mean_hazard": 0.1869700849056244,
        "shadow_percent": 0.0,
        "decision": "CONDITIONAL"
      }
    },
    {
      "type": "Feature",
      "geometry": {
        "type": "Point",
        "coordinates": [
          436.0,
          156.0
        ]
      },
      "properties": {
        "id": "SITE-\u0563",
        "suitability": 60.38466469793498,
        "mean_slope": 9.490761756896973,
        "max_slope": 9.791337013244629,
        "mean_hazard": 0.184609055519104,
        "shadow_percent": 0.0,
        "decision": "CONDITIONAL"
      }
    },
    {
      "type": "Feature",
      "geometry": {
        "type": "Point",
        "coordinates": [
          96.0,
          492.0
        ]
      },
      "properties": {
        "id": "SITE-\u0564",
        "suitability": 60.369672690637096,
        "mean_slope": 9.337900161743164,
        "max_slope": 9.545445442199707,
        "mean_hazard": 0.18766407668590546,
        "shadow_percent": 0.0,
        "decision": "CONDITIONAL"
      }
    },
    {
      "type": "Feature",
      "geometry": {
        "type": "Point",
        "coordinates": [
          408.0,
          124.0
        ]
      },
      "properties": {
        "id": "SITE-\u0565",
        "suitability": 60.23258568792456,
        "mean_slope": 9.525491714477539,
        "max_slope": 9.791788101196289,
        "mean_hazard": 0.18535642325878143,
        "shadow_percent": 0.0,
        "decision": "CONDITIONAL"
      }
    },
    {
      "type": "Feature",
      "geometry": {
        "type": "Point",
        "coordinates": [
          372.0,
          172.0
        ]
      },
      "properties": {
        "id": "SITE-\u0566",
        "suitability": 60.173746074709406,
        "mean_slope": 9.38586711883545,
        "max_slope": 9.583457946777344,
        "mean_hazard": 0.18862615525722504,
        "shadow_percent": 0.0,
        "decision": "CONDITIONAL"
      }
    },
    {
      "type": "Feature",
      "geometry": {
        "type": "Point",
        "coordinates": [
          444.0,
          144.0
        ]
      },
      "properties": {
        "id": "SITE-\u0567",
        "suitability": 60.16973902258473,
        "mean_slope": 9.481069564819336,
        "max_slope": 9.74919319152832,
        "mean_hazard": 0.186671644449234,
        "shadow_percent": 0.0,
        "decision": "CONDITIONAL"
      }
    },
    {
      "type": "Feature",
      "geometry": {
        "type": "Point",
        "coordinates": [
          316.0,
          220.0
        ]
      },
      "properties": {
        "id": "SITE-\u0568",
        "suitability": 60.163669702475985,
        "mean_slope": 9.456535339355469,
        "max_slope": 9.74191665649414,
        "mean_hazard": 0.18731307983398438,
        "shadow_percent": 0.0,
        "decision": "CONDITIONAL"
      }
    },
    {
      "type": "Feature",
      "geometry": {
        "type": "Point",
        "coordinates": [
          336.0,
          488.0
        ]
      },
      "properties": {
        "id": "SITE-\u0569",
        "suitability": 60.151051449475844,
        "mean_slope": 9.448474884033203,
        "max_slope": 9.712322235107422,
        "mean_hazard": 0.18786530196666718,
        "shadow_percent": 0.0,
        "decision": "CONDITIONAL"
      }
    },
    {
      "type": "Feature",
      "geometry": {
        "type": "Point",
        "coordinates": [
          112.0,
          432.0
        ]
      },
      "properties": {
        "id": "SITE-\u056a",
        "suitability": 60.1388310888382,
        "mean_slope": 9.472107887268066,
        "max_slope": 9.724796295166016,
        "mean_hazard": 0.18755225837230682,
        "shadow_percent": 0.0,
        "decision": "CONDITIONAL"
      }
    },
    {
      "type": "Feature",
      "geometry": {
        "type": "Point",
        "coordinates": [
          396.0,
          140.0
        ]
      },
      "properties": {
        "id": "SITE-\u056b",
        "suitability": 60.09196723588474,
        "mean_slope": 9.520764350891113,
        "max_slope": 9.785927772521973,
        "mean_hazard": 0.18705441057682037,
        "shadow_percent": 0.0,
        "decision": "CONDITIONAL"
      }
    },
    {
      "type": "Feature",
      "geometry": {
        "type": "Point",
        "coordinates": [
          400.0,
          468.0
        ]
      },
      "properties": {
        "id": "SITE-\u056c",
        "suitability": 60.088399303468776,
        "mean_slope": 9.411811828613281,
        "max_slope": 9.631404876708984,
        "mean_hazard": 0.18900303542613983,
        "shadow_percent": 0.0,
        "decision": "CONDITIONAL"
      }
    },
    {
      "type": "Feature",
      "geometry": {
        "type": "Point",
        "coordinates": [
          412.0,
          172.0
        ]
      },
      "properties": {
        "id": "SITE-\u056d",
        "suitability": 60.08310226812007,
        "mean_slope": 9.462997436523438,
        "max_slope": 9.693642616271973,
        "mean_hazard": 0.18836325407028198,
        "shadow_percent": 0.0,
        "decision": "CONDITIONAL"
      }
    },
    {
      "type": "Feature",
      "geometry": {
        "type": "Point",
        "coordinates": [
          136.0,
          456.0
        ]
      },
      "properties": {
        "id": "SITE-\u056e",
        "suitability": 60.077096602503055,
        "mean_slope": 9.479290008544922,
        "max_slope": 9.736162185668945,
        "mean_hazard": 0.18785884976387024,
        "shadow_percent": 0.0,
        "decision": "CONDITIONAL"
      }
    },
    {
      "type": "Feature",
      "geometry": {
        "type": "Point",
        "coordinates": [
          384.0,
          160.0
        ]
      },
      "properties": {
        "id": "SITE-\u056f",
        "suitability": 60.0743652104947,
        "mean_slope": 9.412718772888184,
        "max_slope": 9.620262145996094,
        "mean_hazard": 0.18892435729503632,
        "shadow_percent": 0.0,
        "decision": "CONDITIONAL"
      }
    },
    {
      "type": "Feature",
      "geometry": {
        "type": "Point",
        "coordinates": [
          368.0,
          460.0
        ]
      },
      "properties": {
        "id": "SITE-\u0570",
        "suitability": 60.0597661599802,
        "mean_slope": 9.411478042602539,
        "max_slope": 9.637176513671875,
        "mean_hazard": 0.1890755295753479,
        "shadow_percent": 0.0,
        "decision": "CONDITIONAL"
      }
    },
    {
      "type": "Feature",
      "geometry": {
        "type": "Point",
        "coordinates": [
          460.0,
          352.0
        ]
      },
      "properties": {
        "id": "SITE-\u0571",
        "suitability": 60.00962767344005,
        "mean_slope": 9.568763732910156,
        "max_slope": 9.883487701416016,
        "mean_hazard": 0.186605304479599,
        "shadow_percent": 0.0,
        "decision": "CONDITIONAL"
      }
    },
    {
      "type": "Feature",
      "geometry": {
        "type": "Point",
        "coordinates": [
          492.0,
          96.0
        ]
      },
      "properties": {
        "id": "SITE-\u0572",
        "suitability": 59.883467971759956,
        "mean_slope": 9.558001518249512,
        "max_slope": 9.837000846862793,
        "mean_hazard": 0.18815878033638,
        "shadow_percent": 0.0,
        "decision": "CONDITIONAL"
      }
    },
    {
      "type": "Feature",
      "geometry": {
        "type": "Point",
        "coordinates": [
          324.0,
          264.0
        ]
      },
      "properties": {
        "id": "SITE-\u0573",
        "suitability": 59.881596358614736,
        "mean_slope": 9.436505317687988,
        "max_slope": 9.702523231506348,
        "mean_hazard": 0.18963785469532013,
        "shadow_percent": 0.0,
        "decision": "CONDITIONAL"
      }
    },
    {
      "type": "Feature",
      "geometry": {
        "type": "Point",
        "coordinates": [
          332.0,
          208.0
        ]
      },
      "properties": {
        "id": "SITE-\u0574",
        "suitability": 59.783559234520865,
        "mean_slope": 9.52757740020752,
        "max_slope": 9.78115177154541,
        "mean_hazard": 0.18976613879203796,
        "shadow_percent": 0.0,
        "decision": "CONDITIONAL"
      }
    },
    {
      "type": "Feature",
      "geometry": {
        "type": "Point",
        "coordinates": [
          428.0,
          396.0
        ]
      },
      "properties": {
        "id": "SITE-\u0575",
        "suitability": 59.68968402373805,
        "mean_slope": 9.507511138916016,
        "max_slope": 9.749387741088867,
        "mean_hazard": 0.19045168161392212,
        "shadow_percent": 0.0,
        "decision": "CONDITIONAL"
      }
    },
    {
      "type": "Feature",
      "geometry": {
        "type": "Point",
        "coordinates": [
          360.0,
          224.0
        ]
      },
      "properties": {
        "id": "SITE-\u0576",
        "suitability": 59.6525055159914,
        "mean_slope": 9.545513153076172,
        "max_slope": 9.770380973815918,
        "mean_hazard": 0.1909646838903427,
        "shadow_percent": 0.0,
        "decision": "CONDITIONAL"
      }
    },
    {
      "type": "Feature",
      "geometry": {
        "type": "Point",
        "coordinates": [
          64.0,
          488.0
        ]
      },
      "properties": {
        "id": "SITE-\u0577",
        "suitability": 59.634708037713175,
        "mean_slope": 9.532074928283691,
        "max_slope": 9.72283935546875,
        "mean_hazard": 0.1912548691034317,
        "shadow_percent": 0.0,
        "decision": "CONDITIONAL"
      }
    },
    {
      "type": "Feature",
      "geometry": {
        "type": "Point",
        "coordinates": [
          104.0,
          480.0
        ]
      },
      "properties": {
        "id": "SITE-\u0578",
        "suitability": 59.566975734910244,
        "mean_slope": 9.545829772949219,
        "max_slope": 9.706619262695312,
        "mean_hazard": 0.19174230098724365,
        "shadow_percent": 0.0,
        "decision": "CONDITIONAL"
      }
    },
    {
      "type": "Feature",
      "geometry": {
        "type": "Point",
        "coordinates": [
          332.0,
          256.0
        ]
      },
      "properties": {
        "id": "SITE-\u0579",
        "suitability": 59.54840002079111,
        "mean_slope": 9.567594528198242,
        "max_slope": 9.829180717468262,
        "mean_hazard": 0.1906115859746933,
        "shadow_percent": 0.0,
        "decision": "CONDITIONAL"
      }
    },
    {
      "type": "Feature",
      "geometry": {
        "type": "Point",
        "coordinates": [
          456.0,
          412.0
        ]
      },
      "properties": {
        "id": "SITE-\u057a",
        "suitability": 59.537005557575185,
        "mean_slope": 9.551167488098145,
        "max_slope": 9.772305488586426,
        "mean_hazard": 0.1918371617794037,
        "shadow_percent": 0.0,
        "decision": "CONDITIONAL"
      }
    },
    {
      "type": "Feature",
      "geometry": {
        "type": "Point",
        "coordinates": [
          368.0,
          212.0
        ]
      },
      "properties": {
        "id": "SITE-\u057b",
        "suitability": 59.41951109056643,
        "mean_slope": 9.566366195678711,
        "max_slope": 9.753890991210938,
        "mean_hazard": 0.19235630333423615,
        "shadow_percent": 0.0,
        "decision": "CONDITIONAL"
      }
    },
    {
      "type": "Feature",
      "geometry": {
        "type": "Point",
        "coordinates": [
          404.0,
          416.0
        ]
      },
      "properties": {
        "id": "SITE-\u057c",
        "suitability": 59.40896072403622,
        "mean_slope": 9.677008628845215,
        "max_slope": 9.957964897155762,
        "mean_hazard": 0.18996086716651917,
        "shadow_percent": 0.0,
        "decision": "CONDITIONAL"
      }
    },
    {
      "type": "Feature",
      "geometry": {
        "type": "Point",
        "coordinates": [
          292.0,
          308.0
        ]
      },
      "properties": {
        "id": "SITE-\u057d",
        "suitability": 59.3981189554703,
        "mean_slope": 9.744921684265137,
        "max_slope": 10.062777519226074,
        "mean_hazard": 0.1891452819108963,
        "shadow_percent": 0.0,
        "decision": "CONDITIONAL"
      }
    },
    {
      "type": "Feature",
      "geometry": {
        "type": "Point",
        "coordinates": [
          480.0,
          340.0
        ]
      },
      "properties": {
        "id": "SITE-\u057e",
        "suitability": 59.180318983003765,
        "mean_slope": 9.672660827636719,
        "max_slope": 9.943384170532227,
        "mean_hazard": 0.19272847473621368,
        "shadow_percent": 0.0,
        "decision": "CONDITIONAL"
      }
    },
    {
      "type": "Feature",
      "geometry": {
        "type": "Point",
        "coordinates": [
          340.0,
          248.0
        ]
      },
      "properties": {
        "id": "SITE-\u057f",
        "suitability": 59.135258945501846,
        "mean_slope": 9.722883224487305,
        "max_slope": 9.975370407104492,
        "mean_hazard": 0.19268503785133362,
        "shadow_percent": 0.0,
        "decision": "CONDITIONAL"
      }
    },
    {
      "type": "Feature",
      "geometry": {
        "type": "Point",
        "coordinates": [
          448.0,
          420.0
        ]
      },
      "properties": {
        "id": "SITE-\u0580",
        "suitability": 59.127470915537906,
        "mean_slope": 9.675836563110352,
        "max_slope": 9.908929824829102,
        "mean_hazard": 0.19332808256149292,
        "shadow_percent": 0.0,
        "decision": "CONDITIONAL"
      }
    },
    {
      "type": "Feature",
      "geometry": {
        "type": "Point",
        "coordinates": [
          128.0,
          412.0
        ]
      },
      "properties": {
        "id": "SITE-\u0581",
        "suitability": 59.120884710013954,
        "mean_slope": 9.802460670471191,
        "max_slope": 10.075736999511719,
        "mean_hazard": 0.19080734252929688,
        "shadow_percent": 0.0,
        "decision": "CONDITIONAL"
      }
    },
    {
      "type": "Feature",
      "geometry": {
        "type": "Point",
        "coordinates": [
          96.0,
          460.0
        ]
      },
      "properties": {
        "id": "SITE-\u0582",
        "suitability": 59.10640451110459,
        "mean_slope": 9.653358459472656,
        "max_slope": 9.775790214538574,
        "mean_hazard": 0.19408737123012543,
        "shadow_percent": 0.0,
        "decision": "CONDITIONAL"
      }
    },
    {
      "type": "Feature",
      "geometry": {
        "type": "Point",
        "coordinates": [
          372.0,
          492.0
        ]
      },
      "properties": {
        "id": "SITE-\u0583",
        "suitability": 59.0920565590608,
        "mean_slope": 9.653943061828613,
        "max_slope": 9.82646656036377,
        "mean_hazard": 0.19413749873638153,
        "shadow_percent": 0.0,
        "decision": "CONDITIONAL"
      }
    },
    {
      "type": "Feature",
      "geometry": {
        "type": "Point",
        "coordinates": [
          456.0,
          120.0
        ]
      },
      "properties": {
        "id": "SITE-\u0584",
        "suitability": 59.07282662155805,
        "mean_slope": 9.650842666625977,
        "max_slope": 9.813408851623535,
        "mean_hazard": 0.19408056139945984,
        "shadow_percent": 0.0,
        "decision": "CONDITIONAL"
      }
    },
    {
      "type": "Feature",
      "geometry": {
        "type": "Point",
        "coordinates": [
          88.0,
          468.0
        ]
      },
      "properties": {
        "id": "SITE-\u0585",
        "suitability": 59.03490633608674,
        "mean_slope": 9.672082901000977,
        "max_slope": 9.815228462219238,
        "mean_hazard": 0.19430814683437347,
        "shadow_percent": 0.0,
        "decision": "CONDITIONAL"
      }
    },
    {
      "type": "Feature",
      "geometry": {
        "type": "Point",
        "coordinates": [
          112.0,
          468.0
        ]
      },
      "properties": {
        "id": "SITE-\u0586",
        "suitability": 59.02968460762932,
        "mean_slope": 9.673698425292969,
        "max_slope": 9.795023918151855,
        "mean_hazard": 0.19457855820655823,
        "shadow_percent": 0.0,
        "decision": "CONDITIONAL"
      }
    },
    {
      "type": "Feature",
      "geometry": {
        "type": "Point",
        "coordinates": [
          440.0,
          108.0
        ]
      },
      "properties": {
        "id": "SITE-\u0587",
        "suitability": 59.025158228440915,
        "mean_slope": 9.668342590332031,
        "max_slope": 9.80457878112793,
        "mean_hazard": 0.19446204602718353,
        "shadow_percent": 0.0,
        "decision": "CONDITIONAL"
      }
    },
    {
      "type": "Feature",
      "geometry": {
        "type": "Point",
        "coordinates": [
          448.0,
          372.0
        ]
      },
      "properties": {
        "id": "SITE-\u0588",
        "suitability": 59.00468144005551,
        "mean_slope": 9.755927085876465,
        "max_slope": 10.023183822631836,
        "mean_hazard": 0.19288796186447144,
        "shadow_percent": 0.0,
        "decision": "CONDITIONAL"
      }
    },
    {
      "type": "Feature",
      "geometry": {
        "type": "Point",
        "coordinates": [
          468.0,
          112.0
        ]
      },
      "properties": {
        "id": "SITE-\u0589",
        "suitability": 58.936095936945264,
        "mean_slope": 9.730578422546387,
        "max_slope": 9.931307792663574,
        "mean_hazard": 0.19393981993198395,
        "shadow_percent": 0.0,
        "decision": "CONDITIONAL"
      }
    },
    {
      "type": "Feature",
      "geometry": {
        "type": "Point",
        "coordinates": [
          464.0,
          404.0
        ]
      },
      "properties": {
        "id": "SITE-\u058a",
        "suitability": 58.92346578577612,
        "mean_slope": 9.734460830688477,
        "max_slope": 9.96328353881836,
        "mean_hazard": 0.19449950754642487,
        "shadow_percent": 0.0,
        "decision": "CONDITIONAL"
      }
    },
    {
      "type": "Feature",
      "geometry": {
        "type": "Point",
        "coordinates": [
          272.0,
          320.0
        ]
      },
      "properties": {
        "id": "SITE-\u058b",
        "suitability": 58.92281753445135,
        "mean_slope": 9.726760864257812,
        "max_slope": 10.00851821899414,
        "mean_hazard": 0.19371813535690308,
        "shadow_percent": 0.0,
        "decision": "CONDITIONAL"
      }
    },
    {
      "type": "Feature",
      "geometry": {
        "type": "Point",
        "coordinates": [
          300.0,
          244.0
        ]
      },
      "properties": {
        "id": "SITE-\u058c",
        "suitability": 58.90226031787801,
        "mean_slope": 9.675378799438477,
        "max_slope": 9.892444610595703,
        "mean_hazard": 0.19461041688919067,
        "shadow_percent": 0.0,
        "decision": "CONDITIONAL"
      }
    },
    {
      "type": "Feature",
      "geometry": {
        "type": "Point",
        "coordinates": [
          376.0,
          200.0
        ]
      },
      "properties": {
        "id": "SITE-\u058d",
        "suitability": 58.8690314484022,
        "mean_slope": 9.713176727294922,
        "max_slope": 9.867838859558105,
        "mean_hazard": 0.1952645182609558,
        "shadow_percent": 0.0,
        "decision": "CONDITIONAL"
      }
    },
    {
      "type": "Feature",
      "geometry": {
        "type": "Point",
        "coordinates": [
          280.0,
          256.0
        ]
      },
      "properties": {
        "id": "SITE-\u058e",
        "suitability": 58.86642844845467,
        "mean_slope": 9.799378395080566,
        "max_slope": 10.06898307800293,
        "mean_hazard": 0.19326624274253845,
        "shadow_percent": 0.0,
        "decision": "CONDITIONAL"
      }
    },
    {
      "type": "Feature",
      "geometry": {
        "type": "Point",
        "coordinates": [
          308.0,
          284.0
        ]
      },
      "properties": {
        "id": "SITE-\u058f",
        "suitability": 58.80158839814572,
        "mean_slope": 9.81486988067627,
        "max_slope": 10.099600791931152,
        "mean_hazard": 0.19402769207954407,
        "shadow_percent": 0.0,
        "decision": "CONDITIONAL"
      }
    },
    {
      "type": "Feature",
      "geometry": {
        "type": "Point",
        "coordinates": [
          120.0,
          424.0
        ]
      },
      "properties": {
        "id": "SITE-\u0590",
        "suitability": 58.77284110965263,
        "mean_slope": 9.861169815063477,
        "max_slope": 10.099345207214355,
        "mean_hazard": 0.1934741586446762,
        "shadow_percent": 0.0,
        "decision": "CONDITIONAL"
      }
    },
    {
      "type": "Feature",
      "geometry": {
        "type": "Point",
        "coordinates": [
          148.0,
          400.0
        ]
      },
      "properties": {
        "id": "SITE-\u0591",
        "suitability": 58.76946944528571,
        "mean_slope": 9.78751277923584,
        "max_slope": 9.995697975158691,
        "mean_hazard": 0.1949092149734497,
        "shadow_percent": 0.0,
        "decision": "CONDITIONAL"
      }
    },
    {
      "type": "Feature",
      "geometry": {
        "type": "Point",
        "coordinates": [
          408.0,
          456.0
        ]
      },
      "properties": {
        "id": "SITE-\u0592",
        "suitability": 58.74608447784826,
        "mean_slope": 9.770953178405762,
        "max_slope": 9.946558952331543,
        "mean_hazard": 0.1956648975610733,
        "shadow_percent": 0.0,
        "decision": "CONDITIONAL"
      }
    },
    {
      "type": "Feature",
      "geometry": {
        "type": "Point",
        "coordinates": [
          344.0,
          204.0
        ]
      },
      "properties": {
        "id": "SITE-\u0593",
        "suitability": 58.737496222084836,
        "mean_slope": 9.759578704833984,
        "max_slope": 9.9331693649292,
        "mean_hazard": 0.19574551284313202,
        "shadow_percent": 0.0,
        "decision": "CONDITIONAL"
      }
    },
    {
      "type": "Feature",
      "geometry": {
        "type": "Point",
        "coordinates": [
          480.0,
          104.0
        ]
      },
      "properties": {
        "id": "SITE-\u0594",
        "suitability": 58.68872948056943,
        "mean_slope": 9.832571029663086,
        "max_slope": 10.072919845581055,
        "mean_hazard": 0.19395707547664642,
        "shadow_percent": 0.0,
        "decision": "CONDITIONAL"
      }
    },
    {
      "type": "Feature",
      "geometry": {
        "type": "Point",
        "coordinates": [
          160.0,
          432.0
        ]
      },
      "properties": {
        "id": "SITE-\u0595",
        "suitability": 58.63540983012902,
        "mean_slope": 9.877256393432617,
        "max_slope": 10.12051773071289,
        "mean_hazard": 0.1942213773727417,
        "shadow_percent": 0.0,
        "decision": "CONDITIONAL"
      }
    },
    {
      "type": "Feature",
      "geometry": {
        "type": "Point",
        "coordinates": [
          368.0,
          184.0
        ]
      },
      "properties": {
        "id": "SITE-\u0596",
        "suitability": 58.634386601389416,
        "mean_slope": 9.778512954711914,
        "max_slope": 9.900605201721191,
        "mean_hazard": 0.19652441143989563,
        "shadow_percent": 0.0,
        "decision": "CONDITIONAL"
      }
    },
    {
      "type": "Feature",
      "geometry": {
        "type": "Point",
        "coordinates": [
          76.0,
          484.0
        ]
      },
      "properties": {
        "id": "SITE-\u0597",
        "suitability": 58.593738644474556,
        "mean_slope": 9.777667999267578,
        "max_slope": 9.862704277038574,
        "mean_hazard": 0.19669191539287567,
        "shadow_percent": 0.0,
        "decision": "CONDITIONAL"
      }
    },
    {
      "type": "Feature",
      "geometry": {
        "type": "Point",
        "coordinates": [
          472.0,
          68.0
        ]
      },
      "properties": {
        "id": "SITE-\u0598",
        "suitability": 58.57899426718681,
        "mean_slope": 9.854429244995117,
        "max_slope": 10.072182655334473,
        "mean_hazard": 0.19536255300045013,
        "shadow_percent": 0.0,
        "decision": "CONDITIONAL"
      }
    },
    {
      "type": "Feature",
      "geometry": {
        "type": "Point",
        "coordinates": [
          360.0,
          192.0
        ]
      },
      "properties": {
        "id": "SITE-\u0599",
        "suitability": 58.56875370893227,
        "mean_slope": 9.782774925231934,
        "max_slope": 9.892608642578125,
        "mean_hazard": 0.1967668980360031,
        "shadow_percent": 0.0,
        "decision": "CONDITIONAL"
      }
    },
    {
      "type": "Feature",
      "geometry": {
        "type": "Point",
        "coordinates": [
          232.0,
          312.0
        ]
      },
      "properties": {
        "id": "SITE-\u059a",
        "suitability": 58.535966213063475,
        "mean_slope": 9.783988952636719,
        "max_slope": 10.019972801208496,
        "mean_hazard": 0.19688710570335388,
        "shadow_percent": 0.0,
        "decision": "CONDITIONAL"
      }
    },
    {
      "type": "Feature",
      "geometry": {
        "type": "Point",
        "coordinates": [
          380.0,
          456.0
        ]
      },
      "properties": {
        "id": "SITE-\u059b",
        "suitability": 58.535805275527125,
        "mean_slope": 9.794670104980469,
        "max_slope": 9.917522430419922,
        "mean_hazard": 0.19702382385730743,
        "shadow_percent": 0.0,
        "decision": "CONDITIONAL"
      }
    },
    {
      "type": "Feature",
      "geometry": {
        "type": "Point",
        "coordinates": [
          364.0,
          472.0
        ]
      },
      "properties": {
        "id": "SITE-\u059c",
        "suitability": 58.49983657646522,
        "mean_slope": 9.788069725036621,
        "max_slope": 9.923893928527832,
        "mean_hazard": 0.19688737392425537,
        "shadow_percent": 0.0,
        "decision": "CONDITIONAL"
      }
    },
    {
      "type": "Feature",
      "geometry": {
        "type": "Point",
        "coordinates": [
          384.0,
          188.0
        ]
      },
      "properties": {
        "id": "SITE-\u059d",
        "suitability": 58.48709780329667,
        "mean_slope": 9.809337615966797,
        "max_slope": 9.903695106506348,
        "mean_hazard": 0.19717150926589966,
        "shadow_percent": 0.0,
        "decision": "CONDITIONAL"
      }
    },
    {
      "type": "Feature",
      "geometry": {
        "type": "Point",
        "coordinates": [
          432.0,
          116.0
        ]
      },
      "properties": {
        "id": "SITE-\u059e",
        "suitability": 58.45775542941814,
        "mean_slope": 9.83590316772461,
        "max_slope": 9.971670150756836,
        "mean_hazard": 0.19654810428619385,
        "shadow_percent": 0.0,
        "decision": "CONDITIONAL"
      }
    },
    {
      "type": "Feature",
      "geometry": {
        "type": "Point",
        "coordinates": [
          108.0,
          452.0
        ]
      },
      "properties": {
        "id": "SITE-\u059f",
        "suitability": 58.45707187109892,
        "mean_slope": 9.823197364807129,
        "max_slope": 9.902408599853516,
        "mean_hazard": 0.19738151133060455,
        "shadow_percent": 0.0,
        "decision": "CONDITIONAL"
      }
    },
    {
      "type": "Feature",
      "geometry": {
        "type": "Point",
        "coordinates": [
          380.0,
          480.0
        ]
      },
      "properties": {
        "id": "SITE-\u05a0",
        "suitability": 58.433605861133316,
        "mean_slope": 9.821250915527344,
        "max_slope": 9.948724746704102,
        "mean_hazard": 0.19745641946792603,
        "shadow_percent": 0.0,
        "decision": "CONDITIONAL"
      }
    },
    {
      "type": "Feature",
      "geometry": {
        "type": "Point",
        "coordinates": [
          124.0,
          456.0
        ]
      },
      "properties": {
        "id": "SITE-\u05a1",
        "suitability": 58.40778362672317,
        "mean_slope": 9.84960651397705,
        "max_slope": 9.986041069030762,
        "mean_hazard": 0.1970708668231964,
        "shadow_percent": 0.0,
        "decision": "CONDITIONAL"
      }
    },
    {
      "type": "Feature",
      "geometry": {
        "type": "Point",
        "coordinates": [
          384.0,
          172.0
        ]
      },
      "properties": {
        "id": "SITE-\u05a2",
        "suitability": 58.40093611423897,
        "mean_slope": 9.828444480895996,
        "max_slope": 9.892813682556152,
        "mean_hazard": 0.19769269227981567,
        "shadow_percent": 0.0,
        "decision": "CONDITIONAL"
      }
    },
    {
      "type": "Feature",
      "geometry": {
        "type": "Point",
        "coordinates": [
          84.0,
          492.0
        ]
      },
      "properties": {
        "id": "SITE-\u05a3",
        "suitability": 58.383588251341095,
        "mean_slope": 9.814407348632812,
        "max_slope": 9.885149955749512,
        "mean_hazard": 0.19744715094566345,
        "shadow_percent": 0.0,
        "decision": "CONDITIONAL"
      }
    },
    {
      "type": "Feature",
      "geometry": {
        "type": "Point",
        "coordinates": [
          252.0,
          284.0
        ]
      },
      "properties": {
        "id": "SITE-\u05a4",
        "suitability": 58.32482883158677,
        "mean_slope": 9.93008804321289,
        "max_slope": 10.218647003173828,
        "mean_hazard": 0.19658741354942322,
        "shadow_percent": 0.0,
        "decision": "CONDITIONAL"
      }
    },
    {
      "type": "Feature",
      "geometry": {
        "type": "Point",
        "coordinates": [
          292.0,
          252.0
        ]
      },
      "properties": {
        "id": "SITE-\u05a5",
        "suitability": 58.2680912081232,
        "mean_slope": 9.881692886352539,
        "max_slope": 10.094720840454102,
        "mean_hazard": 0.19812536239624023,
        "shadow_percent": 0.0,
        "decision": "CONDITIONAL"
      }
    },
    {
      "type": "Feature",
      "geometry": {
        "type": "Point",
        "coordinates": [
          492.0,
          56.0
        ]
      },
      "properties": {
        "id": "SITE-\u05a6",
        "suitability": 58.250980439136896,
        "mean_slope": 9.865860939025879,
        "max_slope": 10.002418518066406,
        "mean_hazard": 0.19820378720760345,
        "shadow_percent": 0.0,
        "decision": "CONDITIONAL"
      }
    },
    {
      "type": "Feature",
      "geometry": {
        "type": "Point",
        "coordinates": [
          240.0,
          304.0
        ]
      },
      "properties": {
        "id": "SITE-\u05a7",
        "suitability": 58.24842149096403,
        "mean_slope": 9.860194206237793,
        "max_slope": 10.098016738891602,
        "mean_hazard": 0.19828462600708008,
        "shadow_percent": 0.0,
        "decision": "CONDITIONAL"
      }
    },
    {
      "type": "Feature",
      "geometry": {
        "type": "Point",
        "coordinates": [
          444.0,
          132.0
        ]
      },
      "properties": {
        "id": "SITE-\u05a8",
        "suitability": 58.235250456415635,
        "mean_slope": 9.895739555358887,
        "max_slope": 10.050633430480957,
        "mean_hazard": 0.19743229448795319,
        "shadow_percent": 0.0,
        "decision": "CONDITIONAL"
      }
    },
    {
      "type": "Feature",
      "geometry": {
        "type": "Point",
        "coordinates": [
          460.0,
          80.0
        ]
      },
      "properties": {
        "id": "SITE-\u05a9",
        "suitability": 58.20609616399136,
        "mean_slope": 9.950182914733887,
        "max_slope": 10.172649383544922,
        "mean_hazard": 0.1972636729478836,
        "shadow_percent": 0.0,
        "decision": "CONDITIONAL"
      }
    },
    {
      "type": "Feature",
      "geometry": {
        "type": "Point",
        "coordinates": [
          92.0,
          480.0
        ]
      },
      "properties": {
        "id": "SITE-\u05aa",
        "suitability": 58.179270362753115,
        "mean_slope": 9.894222259521484,
        "max_slope": 9.924275398254395,
        "mean_hazard": 0.1988731175661087,
        "shadow_percent": 0.0,
        "decision": "CONDITIONAL"
      }
    },
    {
      "type": "Feature",
      "geometry": {
        "type": "Point",
        "coordinates": [
          396.0,
          172.0
        ]
      },
      "properties": {
        "id": "SITE-\u05ab",
        "suitability": 58.1789693869115,
        "mean_slope": 9.89863395690918,
        "max_slope": 9.951576232910156,
        "mean_hazard": 0.19880956411361694,
        "shadow_percent": 0.0,
        "decision": "CONDITIONAL"
      }
    },
    {
      "type": "Feature",
      "geometry": {
        "type": "Point",
        "coordinates": [
          440.0,
          428.0
        ]
      },
      "properties": {
        "id": "SITE-\u05ac",
        "suitability": 58.13296129565133,
        "mean_slope": 9.946617126464844,
        "max_slope": 10.17236328125,
        "mean_hazard": 0.19805912673473358,
        "shadow_percent": 0.0,
        "decision": "CONDITIONAL"
      }
    },
    {
      "type": "Feature",
      "geometry": {
        "type": "Point",
        "coordinates": [
          396.0,
          436.0
        ]
      },
      "properties": {
        "id": "SITE-\u05ad",
        "suitability": 58.11838999011773,
        "mean_slope": 9.925326347351074,
        "max_slope": 10.095794677734375,
        "mean_hazard": 0.1985066533088684,
        "shadow_percent": 0.0,
        "decision": "CONDITIONAL"
      }
    },
    {
      "type": "Feature",
      "geometry": {
        "type": "Point",
        "coordinates": [
          260.0,
          272.0
        ]
      },
      "properties": {
        "id": "SITE-\u05ae",
        "suitability": 58.05657402229173,
        "mean_slope": 10.01890754699707,
        "max_slope": 10.310276985168457,
        "mean_hazard": 0.19715726375579834,
        "shadow_percent": 0.0,
        "decision": "CONDITIONAL"
      }
    },
    {
      "type": "Feature",
      "geometry": {
        "type": "Point",
        "coordinates": [
          440.0,
          392.0
        ]
      },
      "properties": {
        "id": "SITE-\u05af",
        "suitability": 58.05394882715901,
        "mean_slope": 9.900897026062012,
        "max_slope": 10.063230514526367,
        "mean_hazard": 0.1993795931339264,
        "shadow_percent": 0.0,
        "decision": "CONDITIONAL"
      }
    },
    {
      "type": "Feature",
      "geometry": {
        "type": "Point",
        "coordinates": [
          388.0,
          468.0
        ]
      },
      "properties": {
        "id": "SITE-\u05b0",
        "suitability": 57.97376618659069,
        "mean_slope": 9.92888069152832,
        "max_slope": 10.005587577819824,
        "mean_hazard": 0.19972820580005646,
        "shadow_percent": 0.0,
        "decision": "CONDITIONAL"
      }
    },
    {
      "type": "Feature",
      "geometry": {
        "type": "Point",
        "coordinates": [
          356.0,
          484.0
        ]
      },
      "properties": {
        "id": "SITE-\u05b1",
        "suitability": 57.91997948912312,
        "mean_slope": 9.941596984863281,
        "max_slope": 10.028456687927246,
        "mean_hazard": 0.1999923139810562,
        "shadow_percent": 0.0,
        "decision": "CONDITIONAL"
      }
    },
    {
      "type": "Feature",
      "geometry": {
        "type": "Point",
        "coordinates": [
          396.0,
          156.0
        ]
      },
      "properties": {
        "id": "SITE-\u05b2",
        "suitability": 57.863357374037946,
        "mean_slope": 9.980067253112793,
        "max_slope": 10.092506408691406,
        "mean_hazard": 0.19990047812461853,
        "shadow_percent": 0.0,
        "decision": "CONDITIONAL"
      }
    },
    {
      "type": "Feature",
      "geometry": {
        "type": "Point",
        "coordinates": [
          444.0,
          120.0
        ]
      },
      "properties": {
        "id": "SITE-\u05b3",
        "suitability": 57.70974310174043,
        "mean_slope": 9.996777534484863,
        "max_slope": 10.053133964538574,
        "mean_hazard": 0.20117296278476715,
        "shadow_percent": 0.0,
        "decision": "CONDITIONAL"
      }
    },
    {
      "type": "Feature",
      "geometry": {
        "type": "Point",
        "coordinates": [
          492.0,
          336.0
        ]
      },
      "properties": {
        "id": "SITE-\u05b4",
        "suitability": 57.69353958305376,
        "mean_slope": 9.974818229675293,
        "max_slope": 10.169855117797852,
        "mean_hazard": 0.2016812562942505,
        "shadow_percent": 0.0,
        "decision": "CONDITIONAL"
      }
    },
    {
      "type": "Feature",
      "geometry": {
        "type": "Point",
        "coordinates": [
          164.0,
          420.0
        ]
      },
      "properties": {
        "id": "SITE-\u05b5",
        "suitability": 57.687280499325844,
        "mean_slope": 10.000716209411621,
        "max_slope": 10.173952102661133,
        "mean_hazard": 0.20076525211334229,
        "shadow_percent": 0.0,
        "decision": "CONDITIONAL"
      }
    },
    {
      "type": "Feature",
      "geometry": {
        "type": "Point",
        "coordinates": [
          392.0,
          448.0
        ]
      },
      "properties": {
        "id": "SITE-\u05b6",
        "suitability": 57.67442463211379,
        "mean_slope": 9.990667343139648,
        "max_slope": 10.070944786071777,
        "mean_hazard": 0.20143552124500275,
        "shadow_percent": 0.0,
        "decision": "CONDITIONAL"
      }
    },
    {
      "type": "Feature",
      "geometry": {
        "type": "Point",
        "coordinates": [
          356.0,
          204.0
        ]
      },
      "properties": {
        "id": "SITE-\u05b7",
        "suitability": 57.666545773717225,
        "mean_slope": 10.003501892089844,
        "max_slope": 10.036874771118164,
        "mean_hazard": 0.20170900225639343,
        "shadow_percent": 0.0,
        "decision": "CONDITIONAL"
      }
    },
    {
      "type": "Feature",
      "geometry": {
        "type": "Point",
        "coordinates": [
          416.0,
          448.0
        ]
      },
      "properties": {
        "id": "SITE-\u05b8",
        "suitability": 57.590265072611786,
        "mean_slope": 10.027758598327637,
        "max_slope": 10.206192016601562,
        "mean_hazard": 0.20174653828144073,
        "shadow_percent": 0.0,
        "decision": "CONDITIONAL"
      }
    },
    {
      "type": "Feature",
      "geometry": {
        "type": "Point",
        "coordinates": [
          484.0,
          64.0
        ]
      },
      "properties": {
        "id": "SITE-\u05b9",
        "suitability": 57.55648704463701,
        "mean_slope": 10.018514633178711,
        "max_slope": 10.14959716796875,
        "mean_hazard": 0.20201104879379272,
        "shadow_percent": 0.0,
        "decision": "CONDITIONAL"
      }
    },
    {
      "type": "Feature",
      "geometry": {
        "type": "Point",
        "coordinates": [
          376.0,
          468.0
        ]
      },
      "properties": {
        "id": "SITE-\u05ba",
        "suitability": 57.52370268138582,
        "mean_slope": 10.010563850402832,
        "max_slope": 10.049342155456543,
        "mean_hazard": 0.2021012306213379,
        "shadow_percent": 0.0,
        "decision": "CONDITIONAL"
      }
    },
    {
      "type": "Feature",
      "geometry": {
        "type": "Point",
        "coordinates": [
          116.0,
          444.0
        ]
      },
      "properties": {
        "id": "SITE-\u05bb",
        "suitability": 57.48912741722242,
        "mean_slope": 10.040691375732422,
        "max_slope": 10.136370658874512,
        "mean_hazard": 0.20266340672969818,
        "shadow_percent": 0.0,
        "decision": "CONDITIONAL"
      }
    },
    {
      "type": "Feature",
      "geometry": {
        "type": "Point",
        "coordinates": [
          452.0,
          108.0
        ]
      },
      "properties": {
        "id": "SITE-\u05bc",
        "suitability": 57.46148478963304,
        "mean_slope": 10.030757904052734,
        "max_slope": 10.09527587890625,
        "mean_hazard": 0.20279523730278015,
        "shadow_percent": 0.0,
        "decision": "CONDITIONAL"
      }
    },
    {
      "type": "Feature",
      "geometry": {
        "type": "Point",
        "coordinates": [
          420.0,
          408.0
        ]
      },
      "properties": {
        "id": "SITE-\u05bd",
        "suitability": 57.42564795239175,
        "mean_slope": 10.059993743896484,
        "max_slope": 10.259017944335938,
        "mean_hazard": 0.20269805192947388,
        "shadow_percent": 0.0,
        "decision": "CONDITIONAL"
      }
    },
    {
      "type": "Feature",
      "geometry": {
        "type": "Point",
        "coordinates": [
          280.0,
          312.0
        ]
      },
      "properties": {
        "id": "SITE-\u05be",
        "suitability": 57.38417457320717,
        "mean_slope": 10.070699691772461,
        "max_slope": 10.349456787109375,
        "mean_hazard": 0.20257839560508728,
        "shadow_percent": 0.0,
        "decision": "CONDITIONAL"
      }
    },
    {
      "type": "Feature",
      "geometry": {
        "type": "Point",
        "coordinates": [
          428.0,
          440.0
        ]
      },
      "properties": {
        "id": "SITE-\u05bf",
        "suitability": 57.36401964047868,
        "mean_slope": 10.082132339477539,
        "max_slope": 10.299814224243164,
        "mean_hazard": 0.2026921510696411,
        "shadow_percent": 0.0,
        "decision": "CONDITIONAL"
      }
    },
    {
      "type": "Feature",
      "geometry": {
        "type": "Point",
        "coordinates": [
          456.0,
          364.0
        ]
      },
      "properties": {
        "id": "SITE-\u05c0",
        "suitability": 57.35269251977723,
        "mean_slope": 10.09347915649414,
        "max_slope": 10.350849151611328,
        "mean_hazard": 0.202609583735466,
        "shadow_percent": 0.0,
        "decision": "CONDITIONAL"
      }
    },
    {
      "type": "Feature",
      "geometry": {
        "type": "Point",
        "coordinates": [
          312.0,
          268.0
        ]
      },
      "properties": {
        "id": "SITE-\u05c1",
        "suitability": 57.32788470670885,
        "mean_slope": 10.034565925598145,
        "max_slope": 10.2069730758667,
        "mean_hazard": 0.2039644569158554,
        "shadow_percent": 0.0,
        "decision": "CONDITIONAL"
      }
    },
    {
      "type": "Feature",
      "geometry": {
        "type": "Point",
        "coordinates": [
          140.0,
          408.0
        ]
      },
      "properties": {
        "id": "SITE-\u05c2",
        "suitability": 57.14772700308213,
        "mean_slope": 10.117268562316895,
        "max_slope": 10.323436737060547,
        "mean_hazard": 0.2043759971857071,
        "shadow_percent": 0.0,
        "decision": "CONDITIONAL"
      }
    },
    {
      "type": "Feature",
      "geometry": {
        "type": "Point",
        "coordinates": [
          144.0,
          444.0
        ]
      },
      "properties": {
        "id": "SITE-\u05c3",
        "suitability": 57.08320025122829,
        "mean_slope": 10.134427070617676,
        "max_slope": 10.354784965515137,
        "mean_hazard": 0.20454685389995575,
        "shadow_percent": 0.0,
        "decision": "CONDITIONAL"
      }
    },
    {
      "type": "Feature",
      "geometry": {
        "type": "Point",
        "coordinates": [
          492.0,
          84.0
        ]
      },
      "properties": {
        "id": "SITE-\u05c4",
        "suitability": 57.04960393402373,
        "mean_slope": 10.108390808105469,
        "max_slope": 10.266569137573242,
        "mean_hazard": 0.20557071268558502,
        "shadow_percent": 0.0,
        "decision": "CONDITIONAL"
      }
    },
    {
      "type": "Feature",
      "geometry": {
        "type": "Point",
        "coordinates": [
          404.0,
          164.0
        ]
      },
      "properties": {
        "id": "SITE-\u05c5",
        "suitability": 57.04006239665805,
        "mean_slope": 10.105420112609863,
        "max_slope": 10.191720962524414,
        "mean_hazard": 0.20598982274532318,
        "shadow_percent": 0.0,
        "decision": "CONDITIONAL"
      }
    },
    {
      "type": "Feature",
      "geometry": {
        "type": "Point",
        "coordinates": [
          260.0,
          324.0
        ]
      },
      "properties": {
        "id": "SITE-\u05c6",
        "suitability": 57.01256278216135,
        "mean_slope": 10.037747383117676,
        "max_slope": 10.240160942077637,
        "mean_hazard": 0.2045051008462906,
        "shadow_percent": 0.0,
        "decision": "CONDITIONAL"
      }
    },
    {
      "type": "Feature",
      "geometry": {
        "type": "Point",
        "coordinates": [
          316.0,
          232.0
        ]
      },
      "properties": {
        "id": "SITE-\u05c7",
        "suitability": 56.99879508159754,
        "mean_slope": 10.099989891052246,
        "max_slope": 10.279293060302734,
        "mean_hazard": 0.2058946192264557,
        "shadow_percent": 0.0,
        "decision": "CONDITIONAL"
      }
    },
    {
      "type": "Feature",
      "geometry": {
        "type": "Point",
        "coordinates": [
          248.0,
          296.0
        ]
      },
      "properties": {
        "id": "SITE-\u05c8",
        "suitability": 56.97374878418488,
        "mean_slope": 10.095368385314941,
        "max_slope": 10.317662239074707,
        "mean_hazard": 0.20604097843170166,
        "shadow_percent": 0.0,
        "decision": "CONDITIONAL"
      }
    },
    {
      "type": "Feature",
      "geometry": {
        "type": "Point",
        "coordinates": [
          348.0,
          492.0
        ]
      },
      "properties": {
        "id": "SITE-\u05c9",
        "suitability": 56.930973479548356,
        "mean_slope": 10.106169700622559,
        "max_slope": 10.190640449523926,
        "mean_hazard": 0.20674332976341248,
        "shadow_percent": 0.0,
        "decision": "CONDITIONAL"
      }
    },
    {
      "type": "Feature",
      "geometry": {
        "type": "Point",
        "coordinates": [
          456.0,
          92.0
        ]
      },
      "properties": {
        "id": "SITE-\u05ca",
        "suitability": 56.87994500040513,
        "mean_slope": 10.114336013793945,
        "max_slope": 10.25943660736084,
        "mean_hazard": 0.20586246252059937,
        "shadow_percent": 0.0,
        "decision": "CONDITIONAL"
      }
    },
    {
      "type": "Feature",
      "geometry": {
        "type": "Point",
        "coordinates": [
          424.0,
          124.0
        ]
      },
      "properties": {
        "id": "SITE-\u05cb",
        "suitability": 56.696466682234636,
        "mean_slope": 10.170239448547363,
        "max_slope": 10.317214965820312,
        "mean_hazard": 0.20806346833705902,
        "shadow_percent": 0.0,
        "decision": "CONDITIONAL"
      }
    },
    {
      "type": "Feature",
      "geometry": {
        "type": "Point",
        "coordinates": [
          328.0,
          220.0
        ]
      },
      "properties": {
        "id": "SITE-\u05cc",
        "suitability": 56.668174412725136,
        "mean_slope": 10.15812873840332,
        "max_slope": 10.322154998779297,
        "mean_hazard": 0.20841139554977417,
        "shadow_percent": 0.0,
        "decision": "CONDITIONAL"
      }
    },
    {
      "type": "Feature",
      "geometry": {
        "type": "Point",
        "coordinates": [
          352.0,
          216.0
        ]
      },
      "properties": {
        "id": "SITE-\u05cd",
        "suitability": 56.58907758154585,
        "mean_slope": 10.147540092468262,
        "max_slope": 10.208657264709473,
        "mean_hazard": 0.2095615714788437,
        "shadow_percent": 0.0,
        "decision": "CONDITIONAL"
      }
    },
    {
      "type": "Feature",
      "geometry": {
        "type": "Point",
        "coordinates": [
          416.0,
          160.0
        ]
      },
      "properties": {
        "id": "SITE-\u05ce",
        "suitability": 56.476662862232224,
        "mean_slope": 10.196634292602539,
        "max_slope": 10.32870101928711,
        "mean_hazard": 0.20941419899463654,
        "shadow_percent": 0.0,
        "decision": "CONDITIONAL"
      }
    },
    {
      "type": "Feature",
      "geometry": {
        "type": "Point",
        "coordinates": [
          348.0,
          228.0
        ]
      },
      "properties": {
        "id": "SITE-\u05cf",
        "suitability": 56.45592877341906,
        "mean_slope": 10.17981243133545,
        "max_slope": 10.311924934387207,
        "mean_hazard": 0.21026018261909485,
        "shadow_percent": 0.0,
        "decision": "CONDITIONAL"
      }
    },
    {
      "type": "Feature",
      "geometry": {
        "type": "Point",
        "coordinates": [
          408.0,
          136.0
        ]
      },
      "properties": {
        "id": "SITE-\u05d0",
        "suitability": 56.413927226421265,
        "mean_slope": 10.227208137512207,
        "max_slope": 10.404316902160645,
        "mean_hazard": 0.20970815420150757,
        "shadow_percent": 0.0,
        "decision": "CONDITIONAL"
      }
    },
    {
      "type": "Feature",
      "geometry": {
        "type": "Point",
        "coordinates": [
          300.0,
          292.0
        ]
      },
      "properties": {
        "id": "SITE-\u05d1",
        "suitability": 56.288124823531916,
        "mean_slope": 10.250476837158203,
        "max_slope": 10.511567115783691,
        "mean_hazard": 0.21057245135307312,
        "shadow_percent": 0.0,
        "decision": "CONDITIONAL"
      }
    },
    {
      "type": "Feature",
      "geometry": {
        "type": "Point",
        "coordinates": [
          404.0,
          428.0
        ]
      },
      "properties": {
        "id": "SITE-\u05d2",
        "suitability": 56.20561385913767,
        "mean_slope": 10.215869903564453,
        "max_slope": 10.38548755645752,
        "mean_hazard": 0.21124081313610077,
        "shadow_percent": 0.0,
        "decision": "CONDITIONAL"
      }
    },
    {
      "type": "Feature",
      "geometry": {
        "type": "Point",
        "coordinates": [
          448.0,
          404.0
        ]
      },
      "properties": {
        "id": "SITE-\u05d3",
        "suitability": 56.13807613427903,
        "mean_slope": 10.190753936767578,
        "max_slope": 10.230759620666504,
        "mean_hazard": 0.2131340056657791,
        "shadow_percent": 0.0,
        "decision": "CONDITIONAL"
      }
    },
    {
      "type": "Feature",
      "geometry": {
        "type": "Point",
        "coordinates": [
          316.0,
          256.0
        ]
      },
      "properties": {
        "id": "SITE-\u05d4",
        "suitability": 56.007429779086976,
        "mean_slope": 10.199531555175781,
        "max_slope": 10.27624225616455,
        "mean_hazard": 0.21359281241893768,
        "shadow_percent": 0.0,
        "decision": "CONDITIONAL"
      }
    },
    {
      "type": "Feature",
      "geometry": {
        "type": "Point",
        "coordinates": [
          436.0,
          404.0
        ]
      },
      "properties": {
        "id": "SITE-\u05d5",
        "suitability": 55.94024243355668,
        "mean_slope": 10.218969345092773,
        "max_slope": 10.284608840942383,
        "mean_hazard": 0.2142358422279358,
        "shadow_percent": 0.0,
        "decision": "CONDITIONAL"
      }
    },
    {
      "type": "Feature",
      "geometry": {
        "type": "Point",
        "coordinates": [
          312.0,
          244.0
        ]
      },
      "properties": {
        "id": "SITE-\u05d6",
        "suitability": 55.8580255455158,
        "mean_slope": 10.227601051330566,
        "max_slope": 10.315658569335938,
        "mean_hazard": 0.21496902406215668,
        "shadow_percent": 0.0,
        "decision": "CONDITIONAL"
      }
    },
    {
      "type": "Feature",
      "geometry": {
        "type": "Point",
        "coordinates": [
          340.0,
          216.0
        ]
      },
      "properties": {
        "id": "SITE-\u05d7",
        "suitability": 55.764154109266414,
        "mean_slope": 10.257253646850586,
        "max_slope": 10.335352897644043,
        "mean_hazard": 0.21549443900585175,
        "shadow_percent": 0.0,
        "decision": "CONDITIONAL"
      }
    },
    {
      "type": "Feature",
      "geometry": {
        "type": "Point",
        "coordinates": [
          492.0,
          72.0
        ]
      },
      "properties": {
        "id": "SITE-\u05d8",
        "suitability": 55.76381627347638,
        "mean_slope": 10.25390625,
        "max_slope": 10.303898811340332,
        "mean_hazard": 0.21570417284965515,
        "shadow_percent": 0.0,
        "decision": "CONDITIONAL"
      }
    },
    {
      "type": "Feature",
      "geometry": {
        "type": "Point",
        "coordinates": [
          404.0,
          148.0
        ]
      },
      "properties": {
        "id": "SITE-\u05d9",
        "suitability": 55.58874140372046,
        "mean_slope": 10.30689811706543,
        "max_slope": 10.416775703430176,
        "mean_hazard": 0.2163553386926651,
        "shadow_percent": 0.0,
        "decision": "CONDITIONAL"
      }
    },
    {
      "type": "Feature",
      "geometry": {
        "type": "Point",
        "coordinates": [
          404.0,
          444.0
        ]
      },
      "properties": {
        "id": "SITE-\u05da",
        "suitability": 55.35398435309656,
        "mean_slope": 10.294689178466797,
        "max_slope": 10.366026878356934,
        "mean_hazard": 0.21800918877124786,
        "shadow_percent": 0.0,
        "decision": "CONDITIONAL"
      }
    },
    {
      "type": "Feature",
      "geometry": {
        "type": "Point",
        "coordinates": [
          432.0,
          144.0
        ]
      },
      "properties": {
        "id": "SITE-\u05db",
        "suitability": 55.197411454501626,
        "mean_slope": 10.368329048156738,
        "max_slope": 10.518006324768066,
        "mean_hazard": 0.2190430760383606,
        "shadow_percent": 0.0,
        "decision": "CONDITIONAL"
      }
    },
    {
      "type": "Feature",
      "geometry": {
        "type": "Point",
        "coordinates": [
          324.0,
          248.0
        ]
      },
      "properties": {
        "id": "SITE-\u05dc",
        "suitability": 55.184501876449076,
        "mean_slope": 10.31588363647461,
        "max_slope": 10.399399757385254,
        "mean_hazard": 0.21972773969173431,
        "shadow_percent": 0.0,
        "decision": "CONDITIONAL"
      }
    },
    {
      "type": "Feature",
      "geometry": {
        "type": "Point",
        "coordinates": [
          340.0,
          236.0
        ]
      },
      "properties": {
        "id": "SITE-\u05dd",
        "suitability": 55.15305781396925,
        "mean_slope": 10.343366622924805,
        "max_slope": 10.468581199645996,
        "mean_hazard": 0.2197178602218628,
        "shadow_percent": 0.0,
        "decision": "CONDITIONAL"
      }
    },
    {
      "type": "Feature",
      "geometry": {
        "type": "Point",
        "coordinates": [
          492.0,
          376.0
        ]
      },
      "properties": {
        "id": "SITE-\u05de",
        "suitability": 55.14169342767646,
        "mean_slope": 10.371931076049805,
        "max_slope": 10.602529525756836,
        "mean_hazard": 0.2192665934562683,
        "shadow_percent": 0.0,
        "decision": "CONDITIONAL"
      }
    },
    {
      "type": "Feature",
      "geometry": {
        "type": "Point",
        "coordinates": [
          156.0,
          408.0
        ]
      },
      "properties": {
        "id": "SITE-\u05df",
        "suitability": 55.096308183760826,
        "mean_slope": 10.324051856994629,
        "max_slope": 10.40229320526123,
        "mean_hazard": 0.21966105699539185,
        "shadow_percent": 0.0,
        "decision": "CONDITIONAL"
      }
    },
    {
      "type": "Feature",
      "geometry": {
        "type": "Point",
        "coordinates": [
          128.0,
          444.0
        ]
      },
      "properties": {
        "id": "SITE-\u05e0",
        "suitability": 54.98645671225064,
        "mean_slope": 10.366673469543457,
        "max_slope": 10.463336944580078,
        "mean_hazard": 0.22096456587314606,
        "shadow_percent": 0.0,
        "decision": "CONDITIONAL"
      }
    },
    {
      "type": "Feature",
      "geometry": {
        "type": "Point",
        "coordinates": [
          304.0,
          256.0
        ]
      },
      "properties": {
        "id": "SITE-\u05e1",
        "suitability": 54.93497842951476,
        "mean_slope": 10.332742691040039,
        "max_slope": 10.391800880432129,
        "mean_hazard": 0.2217378169298172,
        "shadow_percent": 0.0,
        "decision": "CONDITIONAL"
      }
    },
    {
      "type": "Feature",
      "geometry": {
        "type": "Point",
        "coordinates": [
          464.0,
          100.0
        ]
      },
      "properties": {
        "id": "SITE-\u05e2",
        "suitability": 54.789374561437334,
        "mean_slope": 10.378087043762207,
        "max_slope": 10.452240943908691,
        "mean_hazard": 0.22221946716308594,
        "shadow_percent": 0.0,
        "decision": "CONDITIONAL"
      }
    },
    {
      "type": "Feature",
      "geometry": {
        "type": "Point",
        "coordinates": [
          424.0,
          152.0
        ]
      },
      "properties": {
        "id": "SITE-\u05e3",
        "suitability": 54.786984046752245,
        "mean_slope": 10.416954040527344,
        "max_slope": 10.55263614654541,
        "mean_hazard": 0.22168368101119995,
        "shadow_percent": 0.0,
        "decision": "CONDITIONAL"
      }
    },
    {
      "type": "Feature",
      "geometry": {
        "type": "Point",
        "coordinates": [
          480.0,
          388.0
        ]
      },
      "properties": {
        "id": "SITE-\u05e4",
        "suitability": 54.75637020605737,
        "mean_slope": 10.426024436950684,
        "max_slope": 10.641718864440918,
        "mean_hazard": 0.22215045988559723,
        "shadow_percent": 0.0,
        "decision": "CONDITIONAL"
      }
    },
    {
      "type": "Feature",
      "geometry": {
        "type": "Point",
        "coordinates": [
          456.0,
          396.0
        ]
      },
      "properties": {
        "id": "SITE-\u05e5",
        "suitability": 54.73107893885663,
        "mean_slope": 10.368280410766602,
        "max_slope": 10.457526206970215,
        "mean_hazard": 0.2232392132282257,
        "shadow_percent": 0.0,
        "decision": "CONDITIONAL"
      }
    },
    {
      "type": "Feature",
      "geometry": {
        "type": "Point",
        "coordinates": [
          452.0,
          384.0
        ]
      },
      "properties": {
        "id": "SITE-\u05e6",
        "suitability": 54.61698223339628,
        "mean_slope": 10.401439666748047,
        "max_slope": 10.523795127868652,
        "mean_hazard": 0.22425039112567902,
        "shadow_percent": 0.0,
        "decision": "CONDITIONAL"
      }
    },
    {
      "type": "Feature",
      "geometry": {
        "type": "Point",
        "coordinates": [
          476.0,
          352.0
        ]
      },
      "properties": {
        "id": "SITE-\u05e7",
        "suitability": 54.46822324293724,
        "mean_slope": 10.440704345703125,
        "max_slope": 10.61936092376709,
        "mean_hazard": 0.2249000370502472,
        "shadow_percent": 0.0,
        "decision": "CONDITIONAL"
      }
    },
    {
      "type": "Feature",
      "geometry": {
        "type": "Point",
        "coordinates": [
          432.0,
          132.0
        ]
      },
      "properties": {
        "id": "SITE-\u05e8",
        "suitability": 54.40268013719266,
        "mean_slope": 10.444886207580566,
        "max_slope": 10.53548812866211,
        "mean_hazard": 0.22534215450286865,
        "shadow_percent": 0.0,
        "decision": "CONDITIONAL"
      }
    },
    {
      "type": "Feature",
      "geometry": {
        "type": "Point",
        "coordinates": [
          480.0,
          92.0
        ]
      },
      "properties": {
        "id": "SITE-\u05e9",
        "suitability": 54.383475244215504,
        "mean_slope": 10.446928977966309,
        "max_slope": 10.56162166595459,
        "mean_hazard": 0.2251165211200714,
        "shadow_percent": 0.0,
        "decision": "CONDITIONAL"
      }
    },
    {
      "type": "Feature",
      "geometry": {
        "type": "Point",
        "coordinates": [
          436.0,
          416.0
        ]
      },
      "properties": {
        "id": "SITE-\u05ea",
        "suitability": 54.290095056096675,
        "mean_slope": 10.43008804321289,
        "max_slope": 10.51169204711914,
        "mean_hazard": 0.22609451413154602,
        "shadow_percent": 0.0,
        "decision": "CONDITIONAL"
      }
    },
    {
      "type": "Feature",
      "geometry": {
        "type": "Point",
        "coordinates": [
          480.0,
          76.0
        ]
      },
      "properties": {
        "id": "SITE-\u05eb",
        "suitability": 54.25896302351863,
        "mean_slope": 10.444073677062988,
        "max_slope": 10.499423027038574,
        "mean_hazard": 0.22601285576820374,
        "shadow_percent": 0.0,
        "decision": "CONDITIONAL"
      }
    },
    {
      "type": "Feature",
      "geometry": {
        "type": "Point",
        "coordinates": [
          272.0,
          268.0
        ]
      },
      "properties": {
        "id": "SITE-\u05ec",
        "suitability": 53.924280640763634,
        "mean_slope": 10.541489601135254,
        "max_slope": 10.787764549255371,
        "mean_hazard": 0.22808074951171875,
        "shadow_percent": 0.0,
        "decision": "CONDITIONAL"
      }
    },
    {
      "type": "Feature",
      "geometry": {
        "type": "Point",
        "coordinates": [
          488.0,
          348.0
        ]
      },
      "properties": {
        "id": "SITE-\u05ed",
        "suitability": 53.82066005367804,
        "mean_slope": 10.492819786071777,
        "max_slope": 10.59116268157959,
        "mean_hazard": 0.2302563637495041,
        "shadow_percent": 0.0,
        "decision": "CONDITIONAL"
      }
    },
    {
      "type": "Feature",
      "geometry": {
        "type": "Point",
        "coordinates": [
          468.0,
          392.0
        ]
      },
      "properties": {
        "id": "SITE-\u05ee",
        "suitability": 53.78211268277468,
        "mean_slope": 10.514500617980957,
        "max_slope": 10.647823333740234,
        "mean_hazard": 0.23000331223011017,
        "shadow_percent": 0.0,
        "decision": "CONDITIONAL"
      }
    },
    {
      "type": "Feature",
      "geometry": {
        "type": "Point",
        "coordinates": [
          244.0,
          316.0
        ]
      },
      "properties": {
        "id": "SITE-\u05ef",
        "suitability": 53.76211219421137,
        "mean_slope": 10.471280097961426,
        "max_slope": 10.526148796081543,
        "mean_hazard": 0.23055975139141083,
        "shadow_percent": 0.0,
        "decision": "CONDITIONAL"
      }
    },
    {
      "type": "Feature",
      "geometry": {
        "type": "Point",
        "coordinates": [
          416.0,
          420.0
        ]
      },
      "properties": {
        "id": "SITE-\u05f0",
        "suitability": 53.686976206959486,
        "mean_slope": 10.537710189819336,
        "max_slope": 10.650395393371582,
        "mean_hazard": 0.23058590292930603,
        "shadow_percent": 0.0,
        "decision": "CONDITIONAL"
      }
    },
    {
      "type": "Feature",
      "geometry": {
        "type": "Point",
        "coordinates": [
          128.0,
          432.0
        ]
      },
      "properties": {
        "id": "SITE-\u05f1",
        "suitability": 53.57918292554677,
        "mean_slope": 10.561605453491211,
        "max_slope": 10.645343780517578,
        "mean_hazard": 0.23147639632225037,
        "shadow_percent": 0.0,
        "decision": "CONDITIONAL"
      }
    },
    {
      "type": "Feature",
      "geometry": {
        "type": "Point",
        "coordinates": [
          468.0,
          88.0
        ]
      },
      "properties": {
        "id": "SITE-\u05f2",
        "suitability": 53.56826283548684,
        "mean_slope": 10.54916763305664,
        "max_slope": 10.596126556396484,
        "mean_hazard": 0.23164325952529907,
        "shadow_percent": 0.0,
        "decision": "CONDITIONAL"
      }
    },
    {
      "type": "Feature",
      "geometry": {
        "type": "Point",
        "coordinates": [
          328.0,
          232.0
        ]
      },
      "properties": {
        "id": "SITE-\u05f3",
        "suitability": 53.51045131225054,
        "mean_slope": 10.539875030517578,
        "max_slope": 10.572609901428223,
        "mean_hazard": 0.23226724565029144,
        "shadow_percent": 0.0,
        "decision": "CONDITIONAL"
      }
    },
    {
      "type": "Feature",
      "geometry": {
        "type": "Point",
        "coordinates": [
          412.0,
          436.0
        ]
      },
      "properties": {
        "id": "SITE-\u05f4",
        "suitability": 53.343054308893485,
        "mean_slope": 10.564682960510254,
        "max_slope": 10.628546714782715,
        "mean_hazard": 0.2332044243812561,
        "shadow_percent": 0.0,
        "decision": "CONDITIONAL"
      }
    },
    {
      "type": "Feature",
      "geometry": {
        "type": "Point",
        "coordinates": [
          148.0,
          432.0
        ]
      },
      "properties": {
        "id": "SITE-\u05f5",
        "suitability": 53.333158115206345,
        "mean_slope": 10.596667289733887,
        "max_slope": 10.720995903015137,
        "mean_hazard": 0.23279066383838654,
        "shadow_percent": 0.0,
        "decision": "CONDITIONAL"
      }
    },
    {
      "type": "Feature",
      "geometry": {
        "type": "Point",
        "coordinates": [
          428.0,
          428.0
        ]
      },
      "properties": {
        "id": "SITE-\u05f6",
        "suitability": 53.1903759383939,
        "mean_slope": 10.59486198425293,
        "max_slope": 10.688447952270508,
        "mean_hazard": 0.23440706729888916,
        "shadow_percent": 0.0,
        "decision": "CONDITIONAL"
      }
    },
    {
      "type": "Feature",
      "geometry": {
        "type": "Point",
        "coordinates": [
          468.0,
          360.0
        ]
      },
      "properties": {
        "id": "SITE-\u05f7",
        "suitability": 53.049863813388356,
        "mean_slope": 10.630683898925781,
        "max_slope": 10.81714916229248,
        "mean_hazard": 0.23527950048446655,
        "shadow_percent": 0.0,
        "decision": "CONDITIONAL"
      }
    },
    {
      "type": "Feature",
      "geometry": {
        "type": "Point",
        "coordinates": [
          152.0,
          420.0
        ]
      },
      "properties": {
        "id": "SITE-\u05f8",
        "suitability": 53.03638709786422,
        "mean_slope": 10.616802215576172,
        "max_slope": 10.68638801574707,
        "mean_hazard": 0.23556922376155853,
        "shadow_percent": 0.0,
        "decision": "CONDITIONAL"
      }
    },
    {
      "type": "Feature",
      "geometry": {
        "type": "Point",
        "coordinates": [
          420.0,
          136.0
        ]
      },
      "properties": {
        "id": "SITE-\u05f9",
        "suitability": 53.01839312743314,
        "mean_slope": 10.631033897399902,
        "max_slope": 10.685338973999023,
        "mean_hazard": 0.23522399365901947,
        "shadow_percent": 0.0,
        "decision": "CONDITIONAL"
      }
    },
    {
      "type": "Feature",
      "geometry": {
        "type": "Point",
        "coordinates": [
          136.0,
          420.0
        ]
      },
      "properties": {
        "id": "SITE-\u05fa",
        "suitability": 52.99779929994107,
        "mean_slope": 10.638113021850586,
        "max_slope": 10.746521949768066,
        "mean_hazard": 0.23522335290908813,
        "shadow_percent": 0.0,
        "decision": "CONDITIONAL"
      }
    },
    {
      "type": "Feature",
      "geometry": {
        "type": "Point",
        "coordinates": [
          264.0,
          312.0
        ]
      },
      "properties": {
        "id": "SITE-\u05fb",
        "suitability": 52.90801620797725,
        "mean_slope": 10.591086387634277,
        "max_slope": 10.700098037719727,
        "mean_hazard": 0.23633979260921478,
        "shadow_percent": 0.0,
        "decision": "CONDITIONAL"
      }
    },
    {
      "type": "Feature",
      "geometry": {
        "type": "Point",
        "coordinates": [
          252.0,
          308.0
        ]
      },
      "properties": {
        "id": "SITE-\u05fc",
        "suitability": 52.81894150044675,
        "mean_slope": 10.597639083862305,
        "max_slope": 10.663555145263672,
        "mean_hazard": 0.2376197874546051,
        "shadow_percent": 0.0,
        "decision": "CONDITIONAL"
      }
    },
    {
      "type": "Feature",
      "geometry": {
        "type": "Point",
        "coordinates": [
          296.0,
          264.0
        ]
      },
      "properties": {
        "id": "SITE-\u05fd",
        "suitability": 52.44364352127113,
        "mean_slope": 10.661345481872559,
        "max_slope": 10.779874801635742,
        "mean_hazard": 0.2403130978345871,
        "shadow_percent": 0.0,
        "decision": "CONDITIONAL"
      }
    },
    {
      "type": "Feature",
      "geometry": {
        "type": "Point",
        "coordinates": [
          300.0,
          276.0
        ]
      },
      "properties": {
        "id": "SITE-\u05fe",
        "suitability": 52.213606767757,
        "mean_slope": 10.705955505371094,
        "max_slope": 10.838940620422363,
        "mean_hazard": 0.2417535036802292,
        "shadow_percent": 0.0,
        "decision": "CONDITIONAL"
      }
    },
    {
      "type": "Feature",
      "geometry": {
        "type": "Point",
        "coordinates": [
          492.0,
          364.0
        ]
      },
      "properties": {
        "id": "SITE-\u05ff",
        "suitability": 52.18454483880237,
        "mean_slope": 10.706276893615723,
        "max_slope": 10.803464889526367,
        "mean_hazard": 0.24208757281303406,
        "shadow_percent": 0.0,
        "decision": "CONDITIONAL"
      }
    },
    {
      "type": "Feature",
      "geometry": {
        "type": "Point",
        "coordinates": [
          460.0,
          376.0
        ]
      },
      "properties": {
        "id": "SITE-\u0600",
        "suitability": 51.76553239543046,
        "mean_slope": 10.773290634155273,
        "max_slope": 10.886117935180664,
        "mean_hazard": 0.24521656334400177,
        "shadow_percent": 0.0,
        "decision": "CONDITIONAL"
      }
    },
    {
      "type": "Feature",
      "geometry": {
        "type": "Point",
        "coordinates": [
          284.0,
          300.0
        ]
      },
      "properties": {
        "id": "SITE-\u0601",
        "suitability": 51.31345655475812,
        "mean_slope": 10.848484992980957,
        "max_slope": 11.04351806640625,
        "mean_hazard": 0.24786144495010376,
        "shadow_percent": 0.0,
        "decision": "CONDITIONAL"
      }
    },
    {
      "type": "Feature",
      "geometry": {
        "type": "Point",
        "coordinates": [
          260.0,
          292.0
        ]
      },
      "properties": {
        "id": "SITE-\u0602",
        "suitability": 51.09388553225257,
        "mean_slope": 10.8450927734375,
        "max_slope": 10.979313850402832,
        "mean_hazard": 0.24978412687778473,
        "shadow_percent": 0.0,
        "decision": "CONDITIONAL"
      }
    },
    {
      "type": "Feature",
      "geometry": {
        "type": "Point",
        "coordinates": [
          284.0,
          268.0
        ]
      },
      "properties": {
        "id": "SITE-\u0603",
        "suitability": 50.75404619899037,
        "mean_slope": 10.901023864746094,
        "max_slope": 11.028860092163086,
        "mean_hazard": 0.25245293974876404,
        "shadow_percent": 0.0,
        "decision": "CONDITIONAL"
      }
    },
    {
      "type": "Feature",
      "geometry": {
        "type": "Point",
        "coordinates": [
          272.0,
          304.0
        ]
      },
      "properties": {
        "id": "SITE-\u0604",
        "suitability": 50.54279359052066,
        "mean_slope": 10.917896270751953,
        "max_slope": 11.033015251159668,
        "mean_hazard": 0.25439557433128357,
        "shadow_percent": 0.0,
        "decision": "CONDITIONAL"
      }
    },
    {
      "type": "Feature",
      "geometry": {
        "type": "Point",
        "coordinates": [
          268.0,
          280.0
        ]
      },
      "properties": {
        "id": "SITE-\u0605",
        "suitability": 50.009905200942946,
        "mean_slope": 11.012804985046387,
        "max_slope": 11.175341606140137,
        "mean_hazard": 0.25776219367980957,
        "shadow_percent": 0.0,
        "decision": "CONDITIONAL"
      }
    },
    {
      "type": "Feature",
      "geometry": {
        "type": "Point",
        "coordinates": [
          480.0,
          376.0
        ]
      },
      "properties": {
        "id": "SITE-\u0606",
        "suitability": 49.95216992441876,
        "mean_slope": 11.001533508300781,
        "max_slope": 11.092348098754883,
        "mean_hazard": 0.2583634853363037,
        "shadow_percent": 0.0,
        "decision": "CONDITIONAL"
      }
    },
    {
      "type": "Feature",
      "geometry": {
        "type": "Point",
        "coordinates": [
          480.0,
          364.0
        ]
      },
      "properties": {
        "id": "SITE-\u0607",
        "suitability": 49.62245613448914,
        "mean_slope": 11.03245735168457,
        "max_slope": 11.084015846252441,
        "mean_hazard": 0.2611272633075714,
        "shadow_percent": 0.0,
        "decision": "CONDITIONAL"
      }
    },
    {
      "type": "Feature",
      "geometry": {
        "type": "Point",
        "coordinates": [
          292.0,
          284.0
        ]
      },
      "properties": {
        "id": "SITE-\u0608",
        "suitability": 49.21013537055733,
        "mean_slope": 11.096776962280273,
        "max_slope": 11.222887992858887,
        "mean_hazard": 0.2638169229030609,
        "shadow_percent": 0.0,
        "decision": "CONDITIONAL"
      }
    },
    {
      "type": "Feature",
      "geometry": {
        "type": "Point",
        "coordinates": [
          272.0,
          292.0
        ]
      },
      "properties": {
        "id": "SITE-\u0609",
        "suitability": 47.41057241467296,
        "mean_slope": 11.318284034729004,
        "max_slope": 11.38274097442627,
        "mean_hazard": 0.27784720063209534,
        "shadow_percent": 0.0,
        "decision": "CONDITIONAL"
      }
    },
    {
      "type": "Feature",
      "geometry": {
        "type": "Point",
        "coordinates": [
          280.0,
          280.0
        ]
      },
      "properties": {
        "id": "SITE-\u060a",
        "suitability": 46.97988863865951,
        "mean_slope": 11.37027359008789,
        "max_slope": 11.418039321899414,
        "mean_hazard": 0.28025752305984497,
        "shadow_percent": 0.0,
        "decision": "CONDITIONAL"
      }
    },
    {
      "type": "Feature",
      "geometry": {
        "type": "Point",
        "coordinates": [
          228.0,
          432.0
        ]
      },
      "properties": {
        "id": "SITE-\u060b",
        "suitability": 44.50182970343659,
        "mean_slope": 7.434348106384277,
        "max_slope": 13.67032241821289,
        "mean_hazard": 0.3787632882595062,
        "shadow_percent": 0.0,
        "decision": "CONDITIONAL"
      }
    }
  ]
}